version 2
JvmtiExport can_access_local_variables 0
JvmtiExport can_hotswap_or_post_breakpoint 1
JvmtiExport can_post_on_exceptions 0
# 493 ciObject found
instanceKlass org/eclipse/jdt/internal/compiler/lookup/BinaryTypeBinding
ciInstanceKlass java/lang/Cloneable 1 0 7 100 1 100 1 1 1
instanceKlass  @bci org/eclipse/jdt/ls/core/internal/syntaxserver/SyntaxLanguageServer documentHighlight (Lorg/eclipse/lsp4j/DocumentHighlightParams;)Ljava/util/concurrent/CompletableFuture; 8 <appendix> member <vmtarget> ; # org/eclipse/jdt/ls/core/internal/syntaxserver/SyntaxLanguageServer$$Lambda+0x000001f0814c2490
instanceKlass  @bci org/eclipse/jdt/ls/core/internal/syntaxserver/SyntaxLanguageServer foldingRange (Lorg/eclipse/lsp4j/FoldingRangeRequestParams;)Ljava/util/concurrent/CompletableFuture; 9 <appendix> member <vmtarget> ; # org/eclipse/jdt/ls/core/internal/syntaxserver/SyntaxLanguageServer$$Lambda+0x000001f0814c2248
instanceKlass  @bci org/eclipse/jdt/ls/core/internal/syntaxserver/SyntaxLanguageServer documentSymbol (Lorg/eclipse/lsp4j/DocumentSymbolParams;)Ljava/util/concurrent/CompletableFuture; 22 <appendix> member <vmtarget> ; # org/eclipse/jdt/ls/core/internal/syntaxserver/SyntaxLanguageServer$$Lambda+0x000001f0814c2000
instanceKlass org/eclipse/core/runtime/jobs/IJobStatus
instanceKlass  @bci org/eclipse/core/internal/jobs/JobManager reportBlocked (Lorg/eclipse/core/runtime/IProgressMonitor;Ljava/util/Collection;)V 6 <appendix> argL0 ; # org/eclipse/core/internal/jobs/JobManager$$Lambda+0x000001f0811776e8
instanceKlass lombok/bytecode/ClassFileMetaData
instanceKlass lombok/bytecode/SneakyThrowsRemover
instanceKlass org/lombokweb/asm/ClassVisitor
instanceKlass lombok/bytecode/PreventNullAnalysisRemover
instanceKlass lombok/core/SpiLoadUtil$1$1
instanceKlass lombok/core/SpiLoadUtil$1
instanceKlass lombok/core/SpiLoadUtil
instanceKlass lombok/core/PostCompilerTransformation
instanceKlass lombok/core/PostCompiler
instanceKlass lombok/core/DiagnosticsReceiver$1
instanceKlass lombok/eclipse/agent/PatchFixesShadowLoaded
instanceKlass lombok/launch/PatchFixesHider$LombokDeps
instanceKlass org/eclipse/jdt/internal/core/builder/StringSet
instanceKlass  @bci org/eclipse/jdt/ls/core/internal/semantictokens/SemanticTokensVisitor visit (Lorg/eclipse/jdt/core/dom/ClassInstanceCreation;)Z 29 <appendix> member <vmtarget> ; # org/eclipse/jdt/ls/core/internal/semantictokens/SemanticTokensVisitor$$Lambda+0x000001f08137f080
instanceKlass  @bci org/eclipse/jdt/ls/core/internal/semantictokens/SemanticTokensVisitor visit (Lorg/eclipse/jdt/core/dom/ClassInstanceCreation;)Z 14 <appendix> member <vmtarget> ; # org/eclipse/jdt/ls/core/internal/semantictokens/SemanticTokensVisitor$$Lambda+0x000001f08137ee58
# instanceKlass java/lang/invoke/LambdaForm$MH+0x000001f0814c1c00
instanceKlass org/eclipse/jdt/core/dom/PostfixExpression$Operator
# instanceKlass java/lang/invoke/LambdaForm$MH+0x000001f0814c1800
# instanceKlass java/lang/invoke/LambdaForm$MH+0x000001f0814c1400
# instanceKlass java/lang/invoke/LambdaForm$MH+0x000001f0814c1000
instanceKlass lombok/eclipse/agent/PatchValEclipse
instanceKlass lombok/eclipse/agent/PatchValEclipsePortal$Reflection
# instanceKlass java/lang/invoke/LambdaForm$MH+0x000001f0814c0c00
# instanceKlass java/lang/invoke/LambdaForm$MH+0x000001f0814c0800
instanceKlass lombok/eclipse/agent/PatchValEclipsePortal
instanceKlass lombok/launch/PatchFixesHider$ValPortal
# instanceKlass java/lang/invoke/LambdaForm$MH+0x000001f0814c0400
instanceKlass org/eclipse/jdt/core/Flags
instanceKlass org/eclipse/jdt/apt/core/internal/util/TestCodeUtil
instanceKlass  @bci org/eclipse/jdt/ls/core/internal/semantictokens/SemanticTokensVisitor visit (Lorg/eclipse/jdt/core/dom/MethodInvocation;)Z 14 <appendix> member <vmtarget> ; # org/eclipse/jdt/ls/core/internal/semantictokens/SemanticTokensVisitor$$Lambda+0x000001f08137ec30
instanceKlass  @bci org/eclipse/jdt/ls/core/internal/semantictokens/SemanticTokensVisitor visit (Lorg/eclipse/jdt/core/dom/TypeDeclaration;)Z 20 <appendix> member <vmtarget> ; # org/eclipse/jdt/ls/core/internal/semantictokens/SemanticTokensVisitor$$Lambda+0x000001f08137ea08
instanceKlass  @cpi org/eclipse/jdt/ls/core/internal/semantictokens/SemanticTokensVisitor 684 form vmentry <vmtarget> ; # java/lang/invoke/LambdaForm$DMH+0x000001f0814c0000
instanceKlass org/eclipse/jdt/ls/core/internal/semantictokens/SemanticTokensVisitor$ScannerTokenVisitor
instanceKlass  @bci org/eclipse/jdt/ls/core/internal/semantictokens/SemanticTokensVisitor addTokenToSimpleNamesOfName (Lorg/eclipse/jdt/core/dom/Name;Lorg/eclipse/jdt/ls/core/internal/semantictokens/TokenType;)V 4 <appendix> member <vmtarget> ; # org/eclipse/jdt/ls/core/internal/semantictokens/SemanticTokensVisitor$$Lambda+0x000001f08137e5e0
instanceKlass org/eclipse/jdt/ls/core/internal/semantictokens/SemanticTokensVisitor$NodeVisitor
instanceKlass org/eclipse/jdt/ls/core/internal/semantictokens/SemanticTokensVisitor$SemanticToken
instanceKlass org/eclipse/jdt/internal/core/util/PublicScanner
instanceKlass org/eclipse/jdt/core/compiler/ITerminalSymbols
instanceKlass org/eclipse/jdt/core/ICodeFormatter
instanceKlass org/eclipse/jdt/core/compiler/IScanner
instanceKlass org/eclipse/jdt/core/util/IClassFileReader
instanceKlass org/eclipse/jdt/core/util/ClassFileBytesDisassembler
instanceKlass org/eclipse/jdt/core/util/IClassFileDisassembler
instanceKlass org/eclipse/jdt/core/ToolFactory
instanceKlass org/eclipse/jdt/internal/corext/dom/TypeBindingVisitor
instanceKlass org/eclipse/jdt/internal/corext/dom/ASTNodes
instanceKlass org/eclipse/jdt/core/dom/ASTNode$NodeList$Cursor
instanceKlass org/eclipse/jdt/internal/compiler/util/HashtableOfObjectToTokenArray
instanceKlass org/eclipse/jdt/core/dom/TypeBinding
instanceKlass org/eclipse/jdt/core/dom/MethodBinding
instanceKlass org/eclipse/jdt/core/dom/Assignment$Operator
instanceKlass lombok/launch/PatchFixesHider$PatchFixes
instanceKlass  @bci org/eclipse/jdt/core/dom/ASTConverter convert (Lorg/eclipse/jdt/internal/compiler/ast/Javadoc;Lorg/eclipse/jdt/core/dom/BodyDeclaration;)V 19 <appendix> member <vmtarget> ; # org/eclipse/jdt/core/dom/ASTConverter$$Lambda+0x000001f0814aca28
instanceKlass  @bci org/eclipse/jdt/core/dom/ASTConverter convert (Lorg/eclipse/jdt/internal/compiler/ast/Javadoc;Lorg/eclipse/jdt/core/dom/BodyDeclaration;)V 8 <appendix> member <vmtarget> ; # org/eclipse/jdt/core/dom/ASTConverter$$Lambda+0x000001f0814ac800
instanceKlass org/eclipse/jdt/core/dom/VariableBinding
instanceKlass org/eclipse/jdt/core/dom/DefaultCommentMapper
instanceKlass  @bci org/eclipse/jdt/core/dom/ASTConverter convert (Lorg/eclipse/jdt/internal/compiler/ast/Javadoc;Lorg/eclipse/jdt/core/dom/PackageDeclaration;)V 31 <appendix> member <vmtarget> ; # org/eclipse/jdt/core/dom/ASTConverter$$Lambda+0x000001f0814af968
instanceKlass  @bci org/eclipse/jdt/core/dom/ASTConverter convert (Lorg/eclipse/jdt/internal/compiler/ast/Javadoc;Lorg/eclipse/jdt/core/dom/PackageDeclaration;)V 20 <appendix> member <vmtarget> ; # org/eclipse/jdt/core/dom/ASTConverter$$Lambda+0x000001f0814af740
instanceKlass lombok/eclipse/EcjAugments
instanceKlass lombok/eclipse/agent/PatchDiagnostics
instanceKlass org/eclipse/jdt/core/dom/Message
instanceKlass org/eclipse/jdt/core/dom/IAnnotationBinding
instanceKlass org/eclipse/jdt/core/dom/IMemberValuePairBinding
instanceKlass org/eclipse/jdt/core/dom/IMethodBinding
instanceKlass org/eclipse/jdt/core/dom/ITypeBinding
instanceKlass org/eclipse/jdt/internal/core/util/Util$BindingsToNodesMap
instanceKlass org/eclipse/jdt/core/dom/IVariableBinding
instanceKlass org/eclipse/jdt/core/dom/IModuleBinding
instanceKlass org/eclipse/jdt/core/dom/IPackageBinding
instanceKlass org/eclipse/jdt/core/dom/DefaultBindingResolver$BindingTables
instanceKlass org/eclipse/jdt/core/dom/CompilationUnitResolver$2
instanceKlass org/eclipse/jdt/core/dom/CompilationUnitResolver$1
instanceKlass  @bci org/eclipse/jdt/internal/core/SearchableEnvironment <init> (Lorg/eclipse/jdt/internal/core/JavaProject;[Lorg/eclipse/jdt/core/ICompilationUnit;ZI)V 149 <appendix> argL0 ; # org/eclipse/jdt/internal/core/SearchableEnvironment$$Lambda+0x000001f0814aa1b8
instanceKlass  @cpi org/eclipse/jdt/internal/core/SearchableEnvironment 1254 form vmentry <vmtarget> ; # java/lang/invoke/LambdaForm$DMH+0x000001f0814ac400
instanceKlass  @bci org/eclipse/jdt/core/dom/ASTParser checkForSystemLibrary (Ljava/util/List;)V 49 <appendix> argL0 ; # org/eclipse/jdt/core/dom/ASTParser$$Lambda+0x000001f0814a9f68
instanceKlass org/eclipse/jdt/internal/compiler/batch/FileSystem$Classpath
instanceKlass org/eclipse/jdt/internal/compiler/batch/Main$ResourceBundleFactory
instanceKlass  @bci jdk/internal/reflect/MethodHandleIntegerFieldAccessorImpl getInt (Ljava/lang/Object;)I 11 <adapter> ; # java/lang/invoke/LambdaForm$MH+0x000001f0814ac000
instanceKlass org/eclipse/jdt/internal/compiler/batch/Main$Logger
instanceKlass org/eclipse/jdt/internal/compiler/batch/FileSystem$ClasspathSectionProblemReporter
instanceKlass org/eclipse/jdt/internal/compiler/batch/Main
instanceKlass org/eclipse/jdt/internal/core/DeltaProcessor$3
instanceKlass org/eclipse/jdt/internal/core/BasicCompilationUnit
instanceKlass  @bci org/eclipse/jdt/core/dom/ASTParser internalCreateAST (Lorg/eclipse/core/runtime/IProgressMonitor;)Lorg/eclipse/jdt/core/dom/ASTNode; 2 <appendix> member <vmtarget> ; # org/eclipse/jdt/core/dom/ASTParser$$Lambda+0x000001f0814a9838
instanceKlass org/eclipse/jdt/core/manipulation/CoreASTProvider$1
instanceKlass org/eclipse/jdt/core/dom/CompilationUnitResolver$ECJCompilationUnitResolver
instanceKlass org/eclipse/jdt/internal/core/dom/ICompilationUnitResolver
instanceKlass org/eclipse/jdt/core/dom/CompilationUnitResolverDiscovery
instanceKlass org/eclipse/jdt/internal/core/dom/util/DOMASTUtil
instanceKlass org/eclipse/jdt/core/dom/ASTRequestor
instanceKlass org/eclipse/jdt/internal/compiler/lookup/SourceTypeBinding$1
instanceKlass org/eclipse/jdt/core/dom/ASTParser
instanceKlass org/eclipse/jdt/core/dom/BindingResolver
instanceKlass  @bci org/eclipse/jdt/internal/compiler/ClassFile generateTypeAnnotationsOnCodeAttribute ()I 245 <appendix> member <vmtarget> ; # org/eclipse/jdt/internal/compiler/ClassFile$$Lambda+0x000001f0814a4678
instanceKlass  @bci org/eclipse/jdt/internal/compiler/ClassFile generateTypeAnnotationsOnCodeAttribute ()I 239 <appendix> member <vmtarget> ; # org/eclipse/jdt/internal/compiler/ClassFile$$Lambda+0x000001f0814a4428
instanceKlass org/eclipse/jdt/core/dom/NodeEventHandler
instanceKlass org/eclipse/jdt/internal/corext/dom/IASTSharedValues
instanceKlass org/eclipse/jdt/internal/compiler/codegen/IntegerCache
instanceKlass org/eclipse/jdt/ls/core/internal/handlers/BaseDocumentLifeCycleHandler$DocumentMonitor
# instanceKlass java/lang/invoke/LambdaForm$MH+0x000001f0814a3400
# instanceKlass java/lang/invoke/LambdaForm$MH+0x000001f0814a3000
# instanceKlass java/lang/invoke/LambdaForm$MH+0x000001f0814a2c00
# instanceKlass java/lang/invoke/LambdaForm$MH+0x000001f0814a2800
instanceKlass org/eclipse/jdt/internal/compiler/lookup/InferenceContext18$3
instanceKlass org/eclipse/jdt/internal/compiler/lookup/InferenceContext18$2
instanceKlass org/eclipse/lsp4j/jsonrpc/CompletableFutures$FutureCancelChecker
instanceKlass org/eclipse/lsp4j/jsonrpc/CompletableFutures
# instanceKlass java/lang/invoke/LambdaForm$MH+0x000001f0814a2400
# instanceKlass java/lang/invoke/LambdaForm$DMH+0x000001f0814a2000
instanceKlass  @bci org/eclipse/jdt/ls/core/internal/BaseJDTLanguageServer computeAsync (Ljava/util/function/Function;)Ljava/util/concurrent/CompletableFuture; 2 <appendix> member <vmtarget> ; # org/eclipse/jdt/ls/core/internal/BaseJDTLanguageServer$$Lambda+0x000001f08137da70
instanceKlass  @bci org/eclipse/jdt/ls/core/internal/syntaxserver/SyntaxLanguageServer semanticTokensFull (Lorg/eclipse/lsp4j/SemanticTokensParams;)Ljava/util/concurrent/CompletableFuture; 9 <appendix> member <vmtarget> ; # org/eclipse/jdt/ls/core/internal/syntaxserver/SyntaxLanguageServer$$Lambda+0x000001f08137d828
instanceKlass lombok/eclipse/agent/PatchExtensionMethod$PostponedInvalidMethodError
# instanceKlass java/lang/invoke/LambdaForm$MH+0x000001f0814a1c00
# instanceKlass java/lang/invoke/LambdaForm$MH+0x000001f0814a1800
# instanceKlass java/lang/invoke/LambdaForm$MH+0x000001f0814a1400
# instanceKlass java/lang/invoke/LambdaForm$MH+0x000001f0814a1000
# instanceKlass java/lang/invoke/LambdaForm$MH+0x000001f0814a0c00
# instanceKlass java/lang/invoke/LambdaForm$MH+0x000001f0814a0800
# instanceKlass java/lang/invoke/LambdaForm$MH+0x000001f0814a0400
# instanceKlass java/lang/invoke/LambdaForm$MH+0x000001f0814a0000
instanceKlass org/eclipse/jdt/internal/compiler/ast/NullAnnotationMatching
instanceKlass  @bci org/eclipse/jdt/internal/compiler/lookup/BoundSet incorporate (Lorg/eclipse/jdt/internal/compiler/lookup/InferenceContext18;[Lorg/eclipse/jdt/internal/compiler/lookup/TypeBound;[Lorg/eclipse/jdt/internal/compiler/lookup/TypeBound;)Z 1502 <appendix> member <vmtarget> ; # org/eclipse/jdt/internal/compiler/lookup/BoundSet$$Lambda+0x000001f08149f1d8
instanceKlass  @bci java/util/stream/Collectors toMap (Ljava/util/function/Function;Ljava/util/function/Function;Ljava/util/function/BinaryOperator;Ljava/util/function/Supplier;)Ljava/util/stream/Collector; 3 <appendix> member <vmtarget> ; # java/util/stream/Collectors$$Lambda+0x000001f0812eea80
instanceKlass  @bci java/util/stream/Collectors toMap (Ljava/util/function/Function;Ljava/util/function/Function;Ljava/util/function/BinaryOperator;)Ljava/util/stream/Collector; 3 <appendix> argL0 ; # java/util/stream/Collectors$$Lambda+0x000001f0812ee860
instanceKlass  @bci org/eclipse/jdt/internal/compiler/lookup/BoundSet properTypesByInferenceVariable ([Lorg/eclipse/jdt/internal/compiler/lookup/TypeBound;[Lorg/eclipse/jdt/internal/compiler/lookup/TypeBound;)Ljava/util/Map; 34 <appendix> argL0 ; # org/eclipse/jdt/internal/compiler/lookup/BoundSet$$Lambda+0x000001f08149ef90
instanceKlass  @bci java/util/function/Function identity ()Ljava/util/function/Function; 0 <appendix> argL0 ; # java/util/function/Function$$Lambda+0x000001f0812ee620
instanceKlass  @bci org/eclipse/jdt/internal/compiler/lookup/BoundSet properTypesByInferenceVariable ([Lorg/eclipse/jdt/internal/compiler/lookup/TypeBound;[Lorg/eclipse/jdt/internal/compiler/lookup/TypeBound;)Ljava/util/Map; 26 <appendix> argL0 ; # org/eclipse/jdt/internal/compiler/lookup/BoundSet$$Lambda+0x000001f08149ed50
instanceKlass  @bci org/eclipse/jdt/internal/compiler/lookup/BoundSet properTypesByInferenceVariable ([Lorg/eclipse/jdt/internal/compiler/lookup/TypeBound;[Lorg/eclipse/jdt/internal/compiler/lookup/TypeBound;)Ljava/util/Map; 16 <appendix> argL0 ; # org/eclipse/jdt/internal/compiler/lookup/BoundSet$$Lambda+0x000001f08149eb00
instanceKlass  @bci org/eclipse/jdt/internal/compiler/lookup/BoundSet properTypesByInferenceVariable ([Lorg/eclipse/jdt/internal/compiler/lookup/TypeBound;[Lorg/eclipse/jdt/internal/compiler/lookup/TypeBound;)Ljava/util/Map; 6 <appendix> argL0 ; # org/eclipse/jdt/internal/compiler/lookup/BoundSet$$Lambda+0x000001f08149e8b0
instanceKlass org/eclipse/jdt/internal/compiler/lookup/BoundSet$ThreeSets
instanceKlass  @bci java/util/stream/Collectors groupingBy (Ljava/util/function/Function;Ljava/util/stream/Collector;)Ljava/util/stream/Collector; 1 <appendix> argL0 ; # java/util/stream/Collectors$$Lambda+0x000001f0812ee400
instanceKlass  @bci org/eclipse/jdt/internal/compiler/lookup/InferenceContext18 pickIvarsByRank (Ljava/util/Set;Lorg/eclipse/jdt/internal/compiler/lookup/BoundSet;)Ljava/util/List; 12 <appendix> member <vmtarget> ; # org/eclipse/jdt/internal/compiler/lookup/InferenceContext18$$Lambda+0x000001f08149e410
instanceKlass org/eclipse/jdt/internal/compiler/lookup/InferenceVariable$InferenceVarKey
instanceKlass org/eclipse/jdt/internal/compiler/lookup/ParameterizedMethodBinding$1
instanceKlass org/eclipse/jdt/internal/compiler/lookup/Scope$2
instanceKlass org/eclipse/jdt/internal/compiler/lookup/ElementValuePair$UnresolvedEnumConstant
instanceKlass  @bci org/eclipse/jdt/internal/compiler/problem/ProblemReporter deprecatedMethod (Lorg/eclipse/jdt/internal/compiler/lookup/MethodBinding;Lorg/eclipse/jdt/internal/compiler/ast/ASTNode;)V 193 <appendix> member <vmtarget> ; # org/eclipse/jdt/internal/compiler/problem/ProblemReporter$$Lambda+0x000001f081493ae8
# instanceKlass java/lang/invoke/LambdaForm$MH+0x000001f081499c00
# instanceKlass java/lang/invoke/LambdaForm$MH+0x000001f081499800
# instanceKlass java/lang/invoke/LambdaForm$MH+0x000001f081499400
# instanceKlass java/lang/invoke/LambdaForm$MH+0x000001f081499000
# instanceKlass java/lang/invoke/LambdaForm$MH+0x000001f081498c00
# instanceKlass java/lang/invoke/LambdaForm$MH+0x000001f081498800
# instanceKlass java/lang/invoke/LambdaForm$MH+0x000001f081498400
# instanceKlass java/lang/invoke/LambdaForm$MH+0x000001f081498000
# instanceKlass java/lang/invoke/LambdaForm$MH+0x000001f081492c00
# instanceKlass java/lang/invoke/LambdaForm$MH+0x000001f081492800
# instanceKlass java/lang/invoke/LambdaForm$MH+0x000001f081492400
# instanceKlass java/lang/invoke/LambdaForm$MH+0x000001f081492000
# instanceKlass java/lang/invoke/LambdaForm$MH+0x000001f081491c00
instanceKlass lombok/core/configuration/ConfigurationSource
instanceKlass  @bci org/eclipse/jdt/internal/compiler/ast/Javadoc resolveParamTags (Lorg/eclipse/jdt/internal/compiler/lookup/MethodScope;ZZ)V 82 <appendix> member <vmtarget> ; # org/eclipse/jdt/internal/compiler/ast/Javadoc$$Lambda+0x000001f08148f2a8
instanceKlass  @bci org/eclipse/jdt/internal/compiler/ast/Javadoc resolveParamTags (Lorg/eclipse/jdt/internal/compiler/lookup/MethodScope;ZZ)V 74 <appendix> form vmentry <vmtarget> ; # java/lang/invoke/LambdaForm$DMH+0x000001f081491800
instanceKlass  @bci org/eclipse/jdt/internal/compiler/ast/Javadoc resolveParamTags (Lorg/eclipse/jdt/internal/compiler/lookup/MethodScope;ZZ)V 74 <appendix> member <vmtarget> ; # org/eclipse/jdt/internal/compiler/ast/Javadoc$$Lambda+0x000001f08148f060
instanceKlass  @cpi org/eclipse/jdt/internal/compiler/ast/Javadoc 1045 form vmentry <vmtarget> ; # java/lang/invoke/LambdaForm$DMH+0x000001f081491400
instanceKlass  @bci org/eclipse/jdt/internal/compiler/lookup/Scope greaterLowerBound ([Lorg/eclipse/jdt/internal/compiler/lookup/TypeBinding;Lorg/eclipse/jdt/internal/compiler/lookup/Scope;Lorg/eclipse/jdt/internal/compiler/lookup/LookupEnvironment;)[Lorg/eclipse/jdt/internal/compiler/lookup/TypeBinding; 7 <appendix> argL0 ; # org/eclipse/jdt/internal/compiler/lookup/Scope$$Lambda+0x000001f08148ee20
instanceKlass org/eclipse/jdt/internal/compiler/lookup/CapturingContext
instanceKlass  @bci org/eclipse/jdt/internal/compiler/lookup/ParameterizedTypeBinding capture (Lorg/eclipse/jdt/internal/compiler/lookup/Scope;II)Lorg/eclipse/jdt/internal/compiler/lookup/ParameterizedTypeBinding; 163 <appendix> member <vmtarget> ; # org/eclipse/jdt/internal/compiler/lookup/ParameterizedTypeBinding$$Lambda+0x000001f08148e9e8
instanceKlass org/eclipse/core/runtime/SlicedProgressMonitor
instanceKlass  @bci org/eclipse/jdt/internal/compiler/parser/Scanner$Goal <clinit> ()V 468 <appendix> argL0 ; # org/eclipse/jdt/internal/compiler/parser/Scanner$Goal$$Lambda+0x000001f08148e190
instanceKlass java/util/stream/Nodes$IntArrayNode
instanceKlass java/util/stream/Node$Builder$OfInt
instanceKlass  @bci java/util/stream/IntPipeline toArray ()[I 1 <appendix> argL0 ; # java/util/stream/IntPipeline$$Lambda+0x000001f0812ed3b8
instanceKlass  @bci org/eclipse/jdt/internal/compiler/parser/Scanner$Goal <clinit> ()V 444 <appendix> argL0 ; # org/eclipse/jdt/internal/compiler/parser/Scanner$Goal$$Lambda+0x000001f08148df70
instanceKlass  @bci org/eclipse/core/internal/resources/File internalSetMultipleContents (Ljava/util/concurrent/ConcurrentMap;IZLorg/eclipse/core/runtime/IProgressMonitor;Ljava/util/concurrent/ExecutorService;)V 63 <adapter> ; # java/lang/invoke/LambdaForm$MH+0x000001f081491000
# instanceKlass java/lang/invoke/LambdaForm$DMH+0x000001f081490c00
instanceKlass  @bci org/eclipse/core/internal/resources/File internalSetMultipleContents (Ljava/util/concurrent/ConcurrentMap;IZLorg/eclipse/core/runtime/IProgressMonitor;Ljava/util/concurrent/ExecutorService;)V 63 <appendix> form vmentry <vmtarget> ; # java/lang/invoke/LambdaForm$DMH+0x000001f081490800
instanceKlass org/eclipse/jdt/internal/compiler/parser/Scanner$Goal
instanceKlass  @bci org/eclipse/core/internal/resources/File internalSetMultipleContents (Ljava/util/concurrent/ConcurrentMap;IZLorg/eclipse/core/runtime/IProgressMonitor;Ljava/util/concurrent/ExecutorService;)V 63 <appendix> member <vmtarget> ; # org/eclipse/core/internal/resources/File$$Lambda+0x000001f081494468
instanceKlass  @cpi org/eclipse/core/internal/resources/File 816 form vmentry <vmtarget> ; # java/lang/invoke/LambdaForm$DMH+0x000001f081490400
instanceKlass  @bci org/eclipse/core/internal/resources/Workspace createMultiple (Ljava/util/concurrent/ConcurrentMap;ILorg/eclipse/core/runtime/IProgressMonitor;Ljava/util/concurrent/ExecutorService;)V 115 <appendix> argL0 ; # org/eclipse/core/internal/resources/Workspace$$Lambda+0x000001f081494248
instanceKlass  @bci org/eclipse/core/internal/resources/Workspace createMultiple (Ljava/util/concurrent/ConcurrentMap;ILorg/eclipse/core/runtime/IProgressMonitor;Ljava/util/concurrent/ExecutorService;)V 105 <appendix> member <vmtarget> ; # org/eclipse/core/internal/resources/Workspace$$Lambda+0x000001f081494000
# instanceKlass java/lang/invoke/LambdaForm$MH+0x000001f081490000
# instanceKlass java/lang/invoke/LambdaForm$MH+0x000001f081489c00
# instanceKlass java/lang/invoke/LambdaForm$MH+0x000001f081489800
# instanceKlass java/lang/invoke/LambdaForm$MH+0x000001f081489400
instanceKlass lombok/launch/PatchFixesHider$Val
instanceKlass  @bci org/eclipse/jdt/internal/core/builder/NameEnvironment findClass (Ljava/lang/String;[CLorg/eclipse/jdt/internal/compiler/env/IModuleAwareNameEnvironment$LookupStrategy;Ljava/lang/String;)Lorg/eclipse/jdt/internal/compiler/env/NameEnvironmentAnswer; 380 <appendix> member <vmtarget> ; # org/eclipse/jdt/internal/core/builder/NameEnvironment$$Lambda+0x000001f08148a4f0
instanceKlass  @bci org/eclipse/jdt/internal/core/builder/NameEnvironment findClass (Ljava/lang/String;[CLorg/eclipse/jdt/internal/compiler/env/IModuleAwareNameEnvironment$LookupStrategy;Ljava/lang/String;)Lorg/eclipse/jdt/internal/compiler/env/NameEnvironmentAnswer; 339 <appendix> argL0 ; # org/eclipse/jdt/internal/core/builder/NameEnvironment$$Lambda+0x000001f08148a2a0
instanceKlass lombok/var
instanceKlass lombok/val
instanceKlass lombok/eclipse/agent/PatchVal
instanceKlass  @bci org/eclipse/jdt/internal/compiler/ProcessTaskManager <init> (Lorg/eclipse/jdt/internal/compiler/Compiler;I)V 37 <appendix> member <vmtarget> ; # org/eclipse/jdt/internal/compiler/ProcessTaskManager$$Lambda+0x000001f08148db30
instanceKlass  @bci org/eclipse/jdt/internal/compiler/ProcessTaskManager <clinit> ()V 10 <appendix> argL0 ; # org/eclipse/jdt/internal/compiler/ProcessTaskManager$$Lambda+0x000001f08148d910
instanceKlass org/eclipse/jdt/internal/compiler/ProcessTaskManager
# instanceKlass java/lang/invoke/LambdaForm$MH+0x000001f081489000
# instanceKlass java/lang/invoke/LambdaForm$MH+0x000001f081488c00
instanceKlass org/eclipse/jdt/internal/compiler/lookup/ReferenceBindingSetWrapper
instanceKlass  @bci org/eclipse/jdt/internal/compiler/lookup/CompilationUnitScope checkAndSetImports ()V 280 <appendix> member <vmtarget> ; # org/eclipse/jdt/internal/compiler/lookup/CompilationUnitScope$$Lambda+0x000001f08148d268
instanceKlass  @bci java/util/function/Predicate negate ()Ljava/util/function/Predicate; 1 <appendix> member <vmtarget> ; # java/util/function/Predicate$$Lambda+0x000001f0812ec478
instanceKlass  @cpi java/util/function/Predicate 75 form vmentry <vmtarget> ; # java/lang/invoke/LambdaForm$DMH+0x000001f081488800
instanceKlass  @bci org/eclipse/jdt/internal/compiler/lookup/CompilationUnitScope checkAndSetImports ()V 265 <appendix> argL0 ; # org/eclipse/jdt/internal/compiler/lookup/CompilationUnitScope$$Lambda+0x000001f08148d018
instanceKlass  @bci org/eclipse/jdt/internal/compiler/util/JrtFileSystem hasClassFile (Ljava/lang/String;Ljava/lang/String;)Z 92 <appendix> argL0 ; # org/eclipse/jdt/internal/compiler/util/JrtFileSystem$$Lambda+0x000001f08148cdc8
instanceKlass  @bci java/nio/file/Files asUncheckedRunnable (Ljava/io/Closeable;)Ljava/lang/Runnable; 1 <appendix> member <vmtarget> ; # java/nio/file/Files$$Lambda+0x000001f0812ec250
instanceKlass java/nio/file/Files$2
instanceKlass org/eclipse/jdt/internal/core/builder/ModulePathEntry
# instanceKlass java/lang/invoke/LambdaForm$MH+0x000001f081488400
# instanceKlass java/lang/invoke/LambdaForm$MH+0x000001f081488000
# instanceKlass java/lang/invoke/LambdaForm$MH+0x000001f081480c00
# instanceKlass java/lang/invoke/LambdaForm$MH+0x000001f081480800
instanceKlass org/eclipse/jdt/apt/core/internal/generatedfile/GeneratedFileManager$GeneratedPackageFragmentRoot
instanceKlass org/eclipse/jdt/apt/core/internal/util/ManyToMany
instanceKlass org/eclipse/jdt/apt/core/internal/generatedfile/WorkingCopyCleanupListener
instanceKlass org/eclipse/jdt/apt/core/internal/generatedfile/CompilationUnitHelper
instanceKlass org/eclipse/jdt/apt/core/internal/generatedfile/GeneratedFileManager
instanceKlass org/eclipse/jdt/apt/core/internal/generatedfile/GeneratedSourceFolderManager
instanceKlass org/eclipse/jdt/apt/core/internal/AptProject
instanceKlass org/eclipse/jdt/apt/core/internal/generatedfile/GeneratedResourceChangeListener$PreBuildVisitor
instanceKlass com/google/gson/JsonParser
instanceKlass org/eclipse/lsp4j/DiagnosticRelatedInformation
instanceKlass org/eclipse/lsp4j/MarkupContent
instanceKlass org/eclipse/lsp4j/Position
instanceKlass org/eclipse/lsp4j/DiagnosticCodeDescription
instanceKlass org/eclipse/lsp4j/Diagnostic
instanceKlass  @bci org/eclipse/jdt/ls/core/internal/handlers/BaseDiagnosticsHandler collectNonJavaProblems (Ljava/util/List;Z)V 54 <appendix> argL0 ; # org/eclipse/jdt/ls/core/internal/handlers/BaseDiagnosticsHandler$$Lambda+0x000001f08137d5d8
instanceKlass org/eclipse/jdt/internal/core/ReconcileWorkingCopyOperation$1
instanceKlass org/eclipse/jdt/core/compiler/ReconcileContext
instanceKlass  @bci org/eclipse/jdt/internal/compiler/ClassFile completeMethodInfo (Lorg/eclipse/jdt/internal/compiler/lookup/MethodBinding;II)V 437 <appendix> member <vmtarget> ; # org/eclipse/jdt/internal/compiler/ClassFile$$Lambda+0x000001f081487a18
instanceKlass  @bci org/eclipse/jdt/internal/compiler/ClassFile completeMethodInfo (Lorg/eclipse/jdt/internal/compiler/lookup/MethodBinding;II)V 430 <appendix> member <vmtarget> ; # org/eclipse/jdt/internal/compiler/ClassFile$$Lambda+0x000001f0814877c8
instanceKlass org/eclipse/jdt/internal/compiler/codegen/StackMapFrameCodeStream$FramePosition
instanceKlass org/eclipse/jdt/internal/compiler/codegen/CachedIndexEntry
instanceKlass  @bci org/eclipse/jdt/internal/compiler/lookup/Scope initializeCommonTypeBindings ()Ljava/util/Map; 515 <appendix> member <vmtarget> ; # org/eclipse/jdt/internal/compiler/lookup/Scope$$Lambda+0x000001f081486d48
instanceKlass  @bci org/eclipse/jdt/internal/compiler/lookup/Scope initializeCommonTypeBindings ()Ljava/util/Map; 492 <appendix> member <vmtarget> ; # org/eclipse/jdt/internal/compiler/lookup/Scope$$Lambda+0x000001f081486b20
instanceKlass  @bci org/eclipse/jdt/internal/compiler/lookup/Scope initializeCommonTypeBindings ()Ljava/util/Map; 469 <appendix> member <vmtarget> ; # org/eclipse/jdt/internal/compiler/lookup/Scope$$Lambda+0x000001f0814868f8
instanceKlass  @bci org/eclipse/jdt/internal/compiler/lookup/Scope initializeCommonTypeBindings ()Ljava/util/Map; 446 <appendix> member <vmtarget> ; # org/eclipse/jdt/internal/compiler/lookup/Scope$$Lambda+0x000001f0814866d0
instanceKlass  @bci org/eclipse/jdt/internal/compiler/lookup/Scope initializeCommonTypeBindings ()Ljava/util/Map; 423 <appendix> member <vmtarget> ; # org/eclipse/jdt/internal/compiler/lookup/Scope$$Lambda+0x000001f0814864a8
instanceKlass  @bci org/eclipse/jdt/internal/compiler/lookup/Scope initializeCommonTypeBindings ()Ljava/util/Map; 400 <appendix> member <vmtarget> ; # org/eclipse/jdt/internal/compiler/lookup/Scope$$Lambda+0x000001f081486280
instanceKlass  @bci org/eclipse/jdt/internal/compiler/lookup/Scope initializeCommonTypeBindings ()Ljava/util/Map; 377 <appendix> member <vmtarget> ; # org/eclipse/jdt/internal/compiler/lookup/Scope$$Lambda+0x000001f081486058
instanceKlass  @bci org/eclipse/jdt/internal/compiler/lookup/Scope initializeCommonTypeBindings ()Ljava/util/Map; 354 <appendix> member <vmtarget> ; # org/eclipse/jdt/internal/compiler/lookup/Scope$$Lambda+0x000001f081485e30
instanceKlass  @bci org/eclipse/jdt/internal/compiler/lookup/Scope initializeCommonTypeBindings ()Ljava/util/Map; 331 <appendix> member <vmtarget> ; # org/eclipse/jdt/internal/compiler/lookup/Scope$$Lambda+0x000001f081485c08
instanceKlass  @bci org/eclipse/jdt/internal/compiler/lookup/Scope initializeCommonTypeBindings ()Ljava/util/Map; 308 <appendix> member <vmtarget> ; # org/eclipse/jdt/internal/compiler/lookup/Scope$$Lambda+0x000001f0814859e0
instanceKlass  @bci org/eclipse/jdt/internal/compiler/lookup/Scope initializeCommonTypeBindings ()Ljava/util/Map; 285 <appendix> member <vmtarget> ; # org/eclipse/jdt/internal/compiler/lookup/Scope$$Lambda+0x000001f0814857b8
instanceKlass  @bci org/eclipse/jdt/internal/compiler/lookup/Scope initializeCommonTypeBindings ()Ljava/util/Map; 262 <appendix> member <vmtarget> ; # org/eclipse/jdt/internal/compiler/lookup/Scope$$Lambda+0x000001f081485590
instanceKlass  @bci org/eclipse/jdt/internal/compiler/lookup/Scope initializeCommonTypeBindings ()Ljava/util/Map; 239 <appendix> member <vmtarget> ; # org/eclipse/jdt/internal/compiler/lookup/Scope$$Lambda+0x000001f081485368
instanceKlass  @bci org/eclipse/jdt/internal/compiler/lookup/Scope initializeCommonTypeBindings ()Ljava/util/Map; 216 <appendix> member <vmtarget> ; # org/eclipse/jdt/internal/compiler/lookup/Scope$$Lambda+0x000001f081485140
instanceKlass  @bci org/eclipse/jdt/internal/compiler/lookup/Scope initializeCommonTypeBindings ()Ljava/util/Map; 193 <appendix> member <vmtarget> ; # org/eclipse/jdt/internal/compiler/lookup/Scope$$Lambda+0x000001f081484f18
instanceKlass  @bci org/eclipse/jdt/internal/compiler/lookup/Scope initializeCommonTypeBindings ()Ljava/util/Map; 170 <appendix> member <vmtarget> ; # org/eclipse/jdt/internal/compiler/lookup/Scope$$Lambda+0x000001f081484cf0
instanceKlass  @bci org/eclipse/jdt/internal/compiler/lookup/Scope initializeCommonTypeBindings ()Ljava/util/Map; 147 <appendix> member <vmtarget> ; # org/eclipse/jdt/internal/compiler/lookup/Scope$$Lambda+0x000001f081484ac8
instanceKlass  @bci org/eclipse/jdt/internal/compiler/lookup/Scope initializeCommonTypeBindings ()Ljava/util/Map; 124 <appendix> member <vmtarget> ; # org/eclipse/jdt/internal/compiler/lookup/Scope$$Lambda+0x000001f0814848a0
instanceKlass  @bci org/eclipse/jdt/internal/compiler/lookup/Scope initializeCommonTypeBindings ()Ljava/util/Map; 101 <appendix> member <vmtarget> ; # org/eclipse/jdt/internal/compiler/lookup/Scope$$Lambda+0x000001f081484678
instanceKlass  @bci org/eclipse/jdt/internal/compiler/lookup/Scope initializeCommonTypeBindings ()Ljava/util/Map; 78 <appendix> member <vmtarget> ; # org/eclipse/jdt/internal/compiler/lookup/Scope$$Lambda+0x000001f081484450
instanceKlass  @bci org/eclipse/jdt/internal/compiler/lookup/Scope initializeCommonTypeBindings ()Ljava/util/Map; 55 <appendix> member <vmtarget> ; # org/eclipse/jdt/internal/compiler/lookup/Scope$$Lambda+0x000001f081484228
instanceKlass  @bci org/eclipse/jdt/internal/compiler/lookup/Scope initializeCommonTypeBindings ()Ljava/util/Map; 32 <appendix> member <vmtarget> ; # org/eclipse/jdt/internal/compiler/lookup/Scope$$Lambda+0x000001f081484000
instanceKlass  @bci org/eclipse/jdt/internal/compiler/ClassFile addFieldAttributes (Lorg/eclipse/jdt/internal/compiler/lookup/FieldBinding;I)I 220 <appendix> member <vmtarget> ; # org/eclipse/jdt/internal/compiler/ClassFile$$Lambda+0x000001f08147bc50
instanceKlass  @bci org/eclipse/jdt/internal/compiler/ClassFile addFieldAttributes (Lorg/eclipse/jdt/internal/compiler/lookup/FieldBinding;I)I 213 <appendix> member <vmtarget> ; # org/eclipse/jdt/internal/compiler/ClassFile$$Lambda+0x000001f08147ba00
instanceKlass org/eclipse/jdt/internal/compiler/util/HashtableOfInteger
instanceKlass org/eclipse/jdt/internal/compiler/codegen/CharArrayCache
instanceKlass org/eclipse/jdt/internal/compiler/codegen/OperandStack
instanceKlass org/eclipse/jdt/internal/compiler/DefaultErrorHandlingPolicies$5
instanceKlass lombok/eclipse/agent/PatchExtensionMethod$Reflection
# instanceKlass java/lang/invoke/LambdaForm$MH+0x000001f081480400
# instanceKlass java/lang/invoke/LambdaForm$MH+0x000001f081480000
# instanceKlass java/lang/invoke/LambdaForm$MH+0x000001f081474c00
# instanceKlass java/lang/invoke/LambdaForm$MH+0x000001f081474800
instanceKlass lombok/eclipse/agent/PatchExtensionMethod$PostponedError
instanceKlass lombok/eclipse/agent/PatchExtensionMethod
instanceKlass lombok/launch/PatchFixesHider$ExtensionMethod
instanceKlass org/eclipse/jdt/internal/compiler/lookup/BoundSet
instanceKlass org/eclipse/jdt/internal/compiler/lookup/InferenceContext18
instanceKlass org/eclipse/jdt/internal/compiler/util/Sorting
instanceKlass  @bci org/eclipse/jdt/internal/compiler/ast/ArrayTypeReference internalResolveType (Lorg/eclipse/jdt/internal/compiler/lookup/Scope;I)Lorg/eclipse/jdt/internal/compiler/lookup/TypeBinding; 18 <appendix> member <vmtarget> ; # org/eclipse/jdt/internal/compiler/ast/ArrayTypeReference$$Lambda+0x000001f081473740
instanceKlass org/eclipse/jdt/internal/compiler/classfmt/TypeAnnotationWalker
instanceKlass  @bci org/eclipse/jdt/internal/compiler/lookup/LookupEnvironment askForType ([[CLorg/eclipse/jdt/internal/compiler/lookup/ModuleBinding;)Lorg/eclipse/jdt/internal/compiler/lookup/ReferenceBinding; 48 <appendix> member <vmtarget> ; # org/eclipse/jdt/internal/compiler/lookup/LookupEnvironment$$Lambda+0x000001f081471330
instanceKlass org/eclipse/jdt/internal/compiler/env/AccessRuleSet
instanceKlass org/eclipse/jdt/internal/core/JavaModelManager$17
instanceKlass org/eclipse/jdt/internal/compiler/lookup/ExtendedTagBits
instanceKlass lombok/eclipse/EcjAugments$EclipseAugments
instanceKlass lombok/eclipse/agent/PatchDelegate$EclipseOnlyMethods
# instanceKlass java/lang/invoke/LambdaForm$MH+0x000001f081474400
# instanceKlass java/lang/invoke/LambdaForm$MH+0x000001f081474000
instanceKlass lombok/eclipse/agent/PatchDelegatePortal$Reflection
instanceKlass lombok/eclipse/agent/PatchDelegate$BindingTuple
instanceKlass lombok/eclipse/agent/PatchDelegate
instanceKlass lombok/eclipse/agent/PatchDelegatePortal
instanceKlass lombok/launch/PatchFixesHider$Delegate
instanceKlass org/eclipse/jdt/internal/compiler/lookup/AnnotationHolder
instanceKlass org/eclipse/jdt/internal/compiler/lookup/TypeSystem$HashedParameterizedTypes$PTBKey
instanceKlass  @bci org/eclipse/jdt/internal/compiler/lookup/LookupEnvironment getTypeArgumentsFromSignature (Lorg/eclipse/jdt/internal/compiler/lookup/SignatureWrapper;[Lorg/eclipse/jdt/internal/compiler/lookup/TypeVariableBinding;Lorg/eclipse/jdt/internal/compiler/lookup/ReferenceBinding;Lorg/eclipse/jdt/internal/compiler/lookup/ReferenceBinding;[[[CLorg/eclipse/jdt/internal/compiler/env/ITypeAnnotationWalker;)[Lorg/eclipse/jdt/internal/compiler/lookup/TypeBinding; 72 <appendix> argL0 ; # org/eclipse/jdt/internal/compiler/lookup/LookupEnvironment$$Lambda+0x000001f081470000
instanceKlass org/eclipse/jdt/internal/compiler/lookup/SignatureWrapper
instanceKlass org/eclipse/jdt/internal/compiler/env/ITypeAnnotationWalker$1
instanceKlass org/eclipse/jdt/internal/compiler/env/ITypeAnnotationWalker
instanceKlass org/eclipse/jdt/internal/compiler/lookup/BinaryTypeBinding$VariableBindingInitialization
instanceKlass org/eclipse/jdt/internal/compiler/lookup/LookupEnvironment$GlobalDataMemento
instanceKlass org/eclipse/jdt/internal/compiler/classfmt/ElementValuePairInfo
instanceKlass org/eclipse/jdt/internal/compiler/classfmt/JavaBinaryNames
instanceKlass org/eclipse/jdt/internal/core/nd/java/model/BinaryTypeDescriptor
instanceKlass org/eclipse/jdt/internal/core/nd/util/CharArrayUtils
instanceKlass  @bci org/eclipse/jdt/internal/core/NameLookup findType (Ljava/lang/String;Ljava/lang/String;ZIZZZLorg/eclipse/core/runtime/IProgressMonitor;[Lorg/eclipse/jdt/core/IPackageFragmentRoot;I)Lorg/eclipse/jdt/internal/core/NameLookup$Answer; 286 <appendix> member <vmtarget> ; # org/eclipse/jdt/internal/core/NameLookup$$Lambda+0x000001f08146d380
instanceKlass org/eclipse/jdt/internal/core/JavadocContents
instanceKlass org/eclipse/jdt/internal/core/IJavadocContents
instanceKlass org/eclipse/jdt/internal/core/ExternalJavadocSupport
instanceKlass org/eclipse/jdt/internal/core/SingleTypeRequestor
instanceKlass org/eclipse/jdt/internal/compiler/classfmt/ExternalAnnotationDecorator$ZipFileProducer
instanceKlass  @bci org/eclipse/jdt/internal/compiler/lookup/ModuleBinding collectTransitiveDependencies (Ljava/util/Set;)V 6 <appendix> member <vmtarget> ; # org/eclipse/jdt/internal/compiler/lookup/ModuleBinding$$Lambda+0x000001f081468460
instanceKlass  @bci org/eclipse/jdt/internal/compiler/lookup/ModuleBinding lambda$6 ()Ljava/util/Collection; 15 <appendix> argL0 ; # org/eclipse/jdt/internal/compiler/lookup/ModuleBinding$$Lambda+0x000001f081468230
instanceKlass  @bci org/eclipse/jdt/internal/compiler/lookup/ModuleBinding lambda$6 ()Ljava/util/Collection; 10 <appendix> argL0 ; # org/eclipse/jdt/internal/compiler/lookup/ModuleBinding$$Lambda+0x000001f081468000
instanceKlass  @bci org/eclipse/jdt/internal/compiler/lookup/ModuleBinding lambda$6 ()Ljava/util/Collection; 5 <appendix> argL0 ; # org/eclipse/jdt/internal/compiler/lookup/ModuleBinding$$Lambda+0x000001f081460400
instanceKlass  @bci org/eclipse/jdt/internal/compiler/lookup/ModuleBinding dependencyCollector ()Ljava/util/function/Supplier; 1 <appendix> member <vmtarget> ; # org/eclipse/jdt/internal/compiler/lookup/ModuleBinding$$Lambda+0x000001f081460cc8
instanceKlass  @bci org/eclipse/jdt/internal/compiler/lookup/LookupEnvironment askForType (Lorg/eclipse/jdt/internal/compiler/lookup/PackageBinding;[CLorg/eclipse/jdt/internal/compiler/lookup/ModuleBinding;)Lorg/eclipse/jdt/internal/compiler/lookup/ReferenceBinding; 63 <appendix> member <vmtarget> ; # org/eclipse/jdt/internal/compiler/lookup/LookupEnvironment$$Lambda+0x000001f081460a80
instanceKlass org/eclipse/jdt/internal/compiler/env/NameEnvironmentAnswer
instanceKlass org/eclipse/jdt/internal/compiler/util/CharArrayHashMap
instanceKlass org/eclipse/jdt/internal/core/NameLookup$Answer
instanceKlass  @bci org/eclipse/jdt/internal/core/NameLookup seekModule ([CZLorg/eclipse/jdt/internal/core/IJavaElementRequestor;)V 161 <appendix> member <vmtarget> ; # org/eclipse/jdt/internal/core/NameLookup$$Lambda+0x000001f081462a08
instanceKlass  @bci org/eclipse/jdt/internal/core/NameLookup seekModule ([CZLorg/eclipse/jdt/internal/core/IJavaElementRequestor;)V 46 <appendix> argL0 ; # org/eclipse/jdt/internal/core/NameLookup$$Lambda+0x000001f0814627e8
instanceKlass org/eclipse/jdt/internal/core/NameLookup$IPrefixMatcherCharArray
instanceKlass org/eclipse/jdt/internal/core/JavaElementRequestor
instanceKlass org/eclipse/jdt/internal/compiler/util/SimpleSetOfCharArray
instanceKlass  @bci org/eclipse/jdt/internal/core/SearchableEnvironment getModuleDescription ([Lorg/eclipse/jdt/core/IPackageFragmentRoot;)Lorg/eclipse/jdt/core/IModuleDescription; 56 <appendix> member <vmtarget> ; # org/eclipse/jdt/internal/core/SearchableEnvironment$$Lambda+0x000001f081467aa8
instanceKlass  @bci org/eclipse/jdt/internal/core/SearchableEnvironment getModulesDeclaringPackage ([[C[C)[[C 332 <appendix> member <vmtarget> ; # org/eclipse/jdt/internal/core/SearchableEnvironment$$Lambda+0x000001f081467850
instanceKlass  @bci org/eclipse/jdt/internal/core/SearchableEnvironment getModulesDeclaringPackage ([[C[C)[[C 28 <appendix> argL0 ; # org/eclipse/jdt/internal/core/SearchableEnvironment$$Lambda+0x000001f081467630
instanceKlass  @bci org/eclipse/jdt/internal/core/SearchableEnvironment getModulesDeclaringPackage ([[C[C)[[C 18 <appendix> argL0 ; # org/eclipse/jdt/internal/core/SearchableEnvironment$$Lambda+0x000001f0814673f0
instanceKlass org/eclipse/jdt/internal/core/CompilationUnitProblemFinder$1
instanceKlass  @bci org/eclipse/jdt/internal/core/SearchableEnvironment <init> (Lorg/eclipse/jdt/internal/core/JavaProject;[Lorg/eclipse/jdt/core/ICompilationUnit;ZI)V 82 <appendix> member <vmtarget> ; # org/eclipse/jdt/internal/core/SearchableEnvironment$$Lambda+0x000001f081466a80
instanceKlass org/eclipse/jdt/core/JavaCore$JavaCallable
instanceKlass  @bci org/eclipse/jdt/internal/core/CompilationUnit getTypes ()[Lorg/eclipse/jdt/core/IType; 8 <appendix> argL0 ; # org/eclipse/jdt/internal/core/CompilationUnit$$Lambda+0x000001f081466660
instanceKlass org/eclipse/jdt/internal/core/util/HashtableOfArrayToObject
instanceKlass org/eclipse/jdt/internal/core/JavaProjectElementInfo$ProjectCache
instanceKlass org/eclipse/jdt/internal/core/util/HashSetOfArray
instanceKlass org/eclipse/jdt/internal/core/search/IRestrictedAccessConstructorRequestor
instanceKlass org/eclipse/jdt/internal/core/SearchableEnvironment
instanceKlass org/eclipse/jdt/core/search/IJavaSearchConstants
instanceKlass org/eclipse/jdt/internal/core/INameEnvironmentWithProgress
instanceKlass org/eclipse/jdt/internal/compiler/env/INameEnvironmentExtension
instanceKlass org/eclipse/jdt/internal/core/JavaElementDeltaBuilder$ListItem
instanceKlass org/eclipse/jdt/internal/core/JavaElementDeltaBuilder
instanceKlass org/eclipse/jdt/internal/core/JavaModelManager$ZipCache
instanceKlass  @bci org/eclipse/jdt/internal/compiler/lookup/ModuleBinding combineWithPackagesFromOtherRelevantModules (Lorg/eclipse/jdt/internal/compiler/lookup/PackageBinding;[[C[[C)Lorg/eclipse/jdt/internal/compiler/lookup/PackageBinding; 20 <appendix> member <vmtarget> ; # org/eclipse/jdt/internal/compiler/lookup/ModuleBinding$$Lambda+0x000001f081457558
instanceKlass  @bci org/eclipse/jdt/internal/compiler/lookup/ModuleBinding otherRelevantModules ([[C)Ljava/util/List; 43 <appendix> argL0 ; # org/eclipse/jdt/internal/compiler/lookup/ModuleBinding$$Lambda+0x000001f081457308
instanceKlass  @bci org/eclipse/jdt/internal/compiler/lookup/ModuleBinding otherRelevantModules ([[C)Ljava/util/List; 33 <appendix> member <vmtarget> ; # org/eclipse/jdt/internal/compiler/lookup/ModuleBinding$$Lambda+0x000001f0814570c0
instanceKlass  @bci org/eclipse/jdt/internal/compiler/lookup/ModuleBinding otherRelevantModules ([[C)Ljava/util/List; 22 <appendix> argL0 ; # org/eclipse/jdt/internal/compiler/lookup/ModuleBinding$$Lambda+0x000001f081456e70
instanceKlass  @bci org/eclipse/jdt/internal/core/builder/NameEnvironment getModulesDeclaringPackage ([[C[C)[[C 167 <appendix> argL0 ; # org/eclipse/jdt/internal/core/builder/NameEnvironment$$Lambda+0x000001f081464250
instanceKlass  @bci org/eclipse/jdt/internal/compiler/env/IModuleAwareNameEnvironment$LookupStrategy matches (Ljava/lang/Object;Ljava/util/function/Predicate;)Z 3 <appendix> argL0 ; # org/eclipse/jdt/internal/compiler/env/IModuleAwareNameEnvironment$LookupStrategy$$Lambda+0x000001f081456c20
instanceKlass  @bci org/eclipse/jdt/internal/core/builder/NameEnvironment getModulesDeclaringPackage ([[C[C)[[C 96 <appendix> argL0 ; # org/eclipse/jdt/internal/core/builder/NameEnvironment$$Lambda+0x000001f081464000
instanceKlass org/eclipse/core/internal/filesystem/Policy
# instanceKlass java/lang/invoke/LambdaForm$MH+0x000001f081460000
# instanceKlass java/lang/invoke/LambdaForm$MH+0x000001f08145bc00
# instanceKlass java/lang/invoke/LambdaForm$MH+0x000001f08145b800
instanceKlass org/eclipse/jdt/apt/core/internal/generatedfile/GeneratedResourceChangeListener$PostChangeVisitor
instanceKlass org/eclipse/jdt/internal/core/DeltaProcessingState$1
instanceKlass lombok/core/TypeResolver
instanceKlass org/eclipse/jdt/internal/compiler/util/HashtableOfType
instanceKlass org/eclipse/jdt/internal/compiler/lookup/SortedSimpleNameVector
instanceKlass org/eclipse/jdt/internal/compiler/lookup/SortedCompoundNameVector
instanceKlass org/eclipse/jdt/core/dom/ModuleModifier$ModuleModifierKeyword
instanceKlass org/eclipse/jdt/core/dom/InfixExpression$Operator
instanceKlass org/eclipse/jdt/core/dom/PrimitiveType$Code
instanceKlass org/eclipse/jdt/core/dom/ASTConverter$ISetJavaDoc
instanceKlass org/eclipse/jdt/core/dom/ASTConverter$IGetJavaDoc
instanceKlass  @bci org/eclipse/jdt/ls/core/internal/handlers/BaseDocumentLifeCycleHandler publishDiagnostics (Lorg/eclipse/core/runtime/IProgressMonitor;)Lorg/eclipse/core/runtime/IStatus; 185 <adapter> ; # java/lang/invoke/LambdaForm$MH+0x000001f08145b400
# instanceKlass java/lang/invoke/LambdaForm$DMH+0x000001f08145b000
instanceKlass  @bci org/eclipse/jdt/ls/core/internal/handlers/BaseDocumentLifeCycleHandler publishDiagnostics (Lorg/eclipse/core/runtime/IProgressMonitor;)Lorg/eclipse/core/runtime/IStatus; 185 <appendix> form vmentry <vmtarget> ; # java/lang/invoke/LambdaForm$MH+0x000001f08145ac00
instanceKlass  @bci org/eclipse/jdt/ls/core/internal/handlers/BaseDocumentLifeCycleHandler publishDiagnostics (Lorg/eclipse/core/runtime/IProgressMonitor;)Lorg/eclipse/core/runtime/IStatus; 185 <appendix> form names 4 function resolvedHandle form vmentry <vmtarget> ; # java/lang/invoke/LambdaForm$DMH+0x000001f08145a800
instanceKlass  @bci org/eclipse/jdt/ls/core/internal/handlers/BaseDocumentLifeCycleHandler publishDiagnostics (Lorg/eclipse/core/runtime/IProgressMonitor;)Lorg/eclipse/core/runtime/IStatus; 185 <appendix> argL3 form vmentry <vmtarget> ; # java/lang/invoke/LambdaForm$MH+0x000001f08145a400
# instanceKlass java/lang/invoke/LambdaForm$MH+0x000001f08145a000
# instanceKlass java/lang/invoke/LambdaForm$MH+0x000001f081459c00
# instanceKlass java/lang/invoke/LambdaForm$MH+0x000001f081459800
# instanceKlass java/lang/invoke/LambdaForm$MH+0x000001f081459400
instanceKlass  @bci org/eclipse/jdt/ls/core/internal/handlers/BaseDocumentLifeCycleHandler publishDiagnostics (Lorg/eclipse/core/runtime/IProgressMonitor;)Lorg/eclipse/core/runtime/IStatus; 185 <appendix> form names 8 function resolvedHandle form vmentry <vmtarget> ; # java/lang/invoke/LambdaForm$DMH+0x000001f081459000
instanceKlass  @bci org/eclipse/jdt/ls/core/internal/handlers/BaseDocumentLifeCycleHandler publishDiagnostics (Lorg/eclipse/core/runtime/IProgressMonitor;)Lorg/eclipse/core/runtime/IStatus; 185 <appendix> argL1 form vmentry <vmtarget> ; # java/lang/invoke/LambdaForm$MH+0x000001f081458c00
# instanceKlass java/lang/invoke/LambdaForm$MH+0x000001f081458800
# instanceKlass java/lang/invoke/LambdaForm$MH+0x000001f081458400
# instanceKlass java/lang/invoke/LambdaForm$MH+0x000001f081458000
instanceKlass org/eclipse/jdt/core/dom/ASTConverter
instanceKlass lombok/eclipse/agent/PatchValEclipse$Reflection
# instanceKlass java/lang/invoke/LambdaForm$MH+0x000001f081444400
# instanceKlass java/lang/invoke/LambdaForm$MH+0x000001f081444000
instanceKlass org/eclipse/jdt/core/dom/IExtendedModifier
instanceKlass org/eclipse/jdt/core/dom/Modifier$ModifierKeyword
instanceKlass org/eclipse/jdt/core/dom/AST
instanceKlass org/eclipse/jdt/internal/core/JavaModelManager$PerWorkingCopyInfo
instanceKlass lombok/eclipse/agent/PatchValEclipse
instanceKlass lombok/eclipse/agent/PatchValEclipsePortal$Reflection
# instanceKlass java/lang/invoke/LambdaForm$MH+0x000001f08143c000
# instanceKlass java/lang/invoke/LambdaForm$MH+0x000001f081434400
instanceKlass lombok/eclipse/Eclipse
instanceKlass lombok/eclipse/agent/PatchValEclipsePortal
instanceKlass lombok/launch/PatchFixesHider$ValPortal
instanceKlass org/eclipse/jdt/internal/compiler/parser/NullMarkdownHelper
instanceKlass org/eclipse/jdt/internal/compiler/parser/IMarkdownCommentHelper
instanceKlass  @bci org/eclipse/jdt/internal/compiler/ReadManager queueNextReadAhead ()Z 46 <appendix> member <vmtarget> ; # org/eclipse/jdt/internal/compiler/ReadManager$$Lambda+0x000001f081434c40
instanceKlass lombok/core/AST
instanceKlass  @bci org/eclipse/jdt/internal/compiler/ReadManager createExecutor (I)Ljava/util/concurrent/ExecutorService; 25 <appendix> argL0 ; # org/eclipse/jdt/internal/compiler/ReadManager$$Lambda+0x000001f081434a20
instanceKlass org/eclipse/jdt/internal/compiler/ReadManager
instanceKlass  @bci org/eclipse/jdt/internal/compiler/Compiler sortModuleDeclarationsFirst ([Lorg/eclipse/jdt/internal/compiler/env/ICompilationUnit;)V 1 <appendix> argL0 ; # org/eclipse/jdt/internal/compiler/Compiler$$Lambda+0x000001f08142bc70
instanceKlass org/eclipse/jdt/internal/compiler/util/SimpleSet
instanceKlass  @bci org/eclipse/jdt/internal/core/builder/AbstractImageBuilder compile ([Lorg/eclipse/jdt/internal/core/builder/SourceFile;[Lorg/eclipse/jdt/internal/core/builder/SourceFile;Z)V 570 <appendix> argL0 ; # org/eclipse/jdt/internal/core/builder/AbstractImageBuilder$$Lambda+0x000001f081435850
instanceKlass  @bci java/util/stream/Collectors lambda$groupingBy$53 (Ljava/util/function/Function;Ljava/util/function/Supplier;Ljava/util/function/BiConsumer;Ljava/util/Map;Ljava/lang/Object;)V 20 <appendix> member <vmtarget> ; # java/util/stream/Collectors$$Lambda+0x000001f0812eb218
instanceKlass  @bci java/util/stream/Collectors mapMerger (Ljava/util/function/BinaryOperator;)Ljava/util/function/BinaryOperator; 1 <appendix> member <vmtarget> ; # java/util/stream/Collectors$$Lambda+0x000001f0812eafc8
instanceKlass  @bci java/util/stream/Collectors groupingBy (Ljava/util/function/Function;Ljava/util/function/Supplier;Ljava/util/stream/Collector;)Ljava/util/stream/Collector; 19 <appendix> member <vmtarget> ; # java/util/stream/Collectors$$Lambda+0x000001f0812ead90
instanceKlass  @bci org/eclipse/jdt/internal/core/builder/AbstractImageBuilder compile ([Lorg/eclipse/jdt/internal/core/builder/SourceFile;[Lorg/eclipse/jdt/internal/core/builder/SourceFile;Z)V 145 <appendix> argL0 ; # org/eclipse/jdt/internal/core/builder/AbstractImageBuilder$$Lambda+0x000001f081435630
instanceKlass  @bci org/eclipse/jdt/internal/core/builder/AbstractImageBuilder compile ([Lorg/eclipse/jdt/internal/core/builder/SourceFile;[Lorg/eclipse/jdt/internal/core/builder/SourceFile;Z)V 140 <appendix> argL0 ; # org/eclipse/jdt/internal/core/builder/AbstractImageBuilder$$Lambda+0x000001f0814353f0
instanceKlass org/eclipse/jdt/internal/core/builder/SourceFile
instanceKlass org/eclipse/jdt/internal/core/builder/AbstractImageBuilder$1
instanceKlass lombok/eclipse/handlers/EclipseHandlerUtil
instanceKlass org/eclipse/jdt/internal/core/builder/BatchImageBuilder$3
instanceKlass lombok/core/FieldAugment
instanceKlass lombok/eclipse/EcjAugments$EclipseAugments
instanceKlass lombok/eclipse/agent/PatchDelegate$EclipseOnlyMethods
instanceKlass lombok/eclipse/agent/PatchDelegatePortal$Reflection
instanceKlass org/eclipse/jdt/internal/core/Buffer$1
instanceKlass java/util/concurrent/ForkJoinPool$DefaultForkJoinWorkerThreadFactory$1
instanceKlass java/util/concurrent/ForkJoinTask$Aux
instanceKlass  @bci org/eclipse/jdt/ls/core/internal/contentassist/CompletionProposalUtils addStaticImportsAsFavoriteImports (Lorg/eclipse/jdt/core/ICompilationUnit;)V 19 <appendix> argL0 ; # org/eclipse/jdt/ls/core/internal/contentassist/CompletionProposalUtils$$Lambda+0x000001f08137d398
instanceKlass  @bci org/eclipse/core/internal/filesystem/local/LocalFile lambda$2 (Lorg/eclipse/core/internal/filesystem/local/InfiniteProgress;Ljava/util/concurrent/ExecutorService;Ljava/util/List;Ljava/nio/file/Path;)V 6 <appendix> member <vmtarget> ; # org/eclipse/core/internal/filesystem/local/LocalFile$$Lambda+0x000001f0811b91d8
instanceKlass  @bci org/eclipse/jdt/ls/core/internal/contentassist/CompletionProposalUtils addStaticImportsAsFavoriteImports (Lorg/eclipse/jdt/core/ICompilationUnit;)V 9 <appendix> argL0 ; # org/eclipse/jdt/ls/core/internal/contentassist/CompletionProposalUtils$$Lambda+0x000001f08137d148
instanceKlass  @bci org/eclipse/core/internal/filesystem/local/LocalFile internalDelete (Ljava/io/File;Lorg/eclipse/core/internal/filesystem/local/InfiniteProgress;Ljava/util/concurrent/ExecutorService;)Lorg/eclipse/core/runtime/IStatus; 107 <appendix> member <vmtarget> ; # org/eclipse/core/internal/filesystem/local/LocalFile$$Lambda+0x000001f0811b8fa0
instanceKlass org/eclipse/core/internal/localstore/DeleteVisitor
instanceKlass  @bci org/eclipse/core/internal/resources/Workspace countResources (Lorg/eclipse/core/runtime/IPath;IZ)I 61 <appendix> member <vmtarget> ; # org/eclipse/core/internal/resources/Workspace$$Lambda+0x000001f0813aba38
instanceKlass  @cpi org/eclipse/core/internal/resources/Workspace 2639 form vmentry <vmtarget> ; # java/lang/invoke/LambdaForm$DMH+0x000001f081434000
instanceKlass org/eclipse/jdt/internal/compiler/ISourceElementRequestor$ParameterInfo
instanceKlass  @bci org/eclipse/jdt/internal/core/CompilationUnitStructureRequestor getChildren (Ljava/lang/Object;)[Lorg/eclipse/jdt/core/IJavaElement; 17 <appendix> argL0 ; # org/eclipse/jdt/internal/core/CompilationUnitStructureRequestor$$Lambda+0x000001f0814311b8
instanceKlass org/eclipse/jdt/internal/compiler/env/ISourceImport
instanceKlass org/eclipse/jdt/internal/compiler/ISourceElementRequestor$MethodInfo
instanceKlass org/eclipse/jdt/internal/compiler/util/HashtableOfObject
instanceKlass lombok/permit/Permit$Fake
instanceKlass lombok/permit/Permit
instanceKlass lombok/launch/PatchFixesHider$FieldInitializer
instanceKlass org/eclipse/jdt/internal/compiler/ISourceElementRequestor$FieldInfo
instanceKlass org/eclipse/jdt/internal/compiler/ExtraFlags
instanceKlass org/eclipse/jdt/internal/compiler/ISourceElementRequestor$TypeInfo
instanceKlass  @bci org/eclipse/jdt/internal/compiler/ast/TypeDeclaration protoFieldDeclarations ()[Lorg/eclipse/jdt/internal/compiler/ast/AbstractVariableDeclaration; 30 <appendix> argL0 ; # org/eclipse/jdt/internal/compiler/ast/TypeDeclaration$$Lambda+0x000001f081429458
# instanceKlass java/lang/invoke/LambdaForm$MH+0x000001f08142cc00
instanceKlass lombok/core/AST$FieldAccess
# instanceKlass java/lang/invoke/LambdaForm$MH+0x000001f08142c800
# instanceKlass java/lang/invoke/LambdaForm$MH+0x000001f08142c400
# instanceKlass java/lang/invoke/LambdaForm$MH+0x000001f08142c000
instanceKlass lombok/core/LombokImmutableList$1
instanceKlass org/eclipse/jdt/internal/compiler/codegen/AnnotationContext
instanceKlass lombok/eclipse/EclipseAstProblemView
instanceKlass lombok/eclipse/EclipseAST$EcjReflectionCheck
instanceKlass  @bci java/util/regex/Pattern ALL ()Ljava/util/regex/Pattern$CharPredicate; 0 <appendix> argL0 ; # java/util/regex/Pattern$$Lambda+0x000001f0812ea2a0
instanceKlass org/eclipse/jdt/internal/compiler/codegen/CodeStream
instanceKlass lombok/eclipse/handlers/EclipseHandlerUtil
instanceKlass lombok/eclipse/EclipseImportList
instanceKlass lombok/core/debug/DebugSnapshotStore
instanceKlass lombok/core/configuration/FileSystemSourceCache$Content
instanceKlass lombok/core/configuration/ConfigurationFile
instanceKlass lombok/core/configuration/BubblingConfigurationResolver
instanceKlass lombok/core/LombokConfiguration$3
instanceKlass lombok/core/configuration/FileSystemSourceCache$1
instanceKlass lombok/core/configuration/ConfigurationProblemReporter$1
instanceKlass lombok/core/configuration/ConfigurationProblemReporter
instanceKlass lombok/core/configuration/ConfigurationParser
instanceKlass lombok/core/configuration/ConfigurationFileToSource
instanceKlass lombok/core/configuration/FileSystemSourceCache
instanceKlass lombok/core/LombokConfiguration$1
instanceKlass lombok/core/configuration/ConfigurationResolverFactory
instanceKlass lombok/core/configuration/ConfigurationResolver
instanceKlass lombok/core/LombokConfiguration
instanceKlass lombok/eclipse/EclipseAST$EclipseWorkspaceBasedFileResolver
instanceKlass lombok/core/ImportList
instanceKlass lombok/core/FieldAugment
instanceKlass lombok/eclipse/EcjAugments
instanceKlass lombok/patcher/Symbols
instanceKlass lombok/core/AST
instanceKlass org/eclipse/jdt/internal/compiler/util/HashSetOfInt
instanceKlass org/eclipse/jdt/internal/compiler/parser/NLSTag
instanceKlass lombok/eclipse/HandlerLibrary$VisitorContainer
instanceKlass lombok/experimental/WithBy
instanceKlass lombok/With
instanceKlass lombok/Value
instanceKlass lombok/eclipse/EclipseASTAdapter
instanceKlass lombok/experimental/UtilityClass
instanceKlass lombok/ToString
instanceKlass lombok/Synchronized
instanceKlass lombok/experimental/SuperBuilder
instanceKlass lombok/eclipse/handlers/EclipseSingularsRecipes$StatementMaker
instanceKlass lombok/eclipse/handlers/EclipseSingularsRecipes$TypeReferenceMaker
instanceKlass lombok/eclipse/handlers/HandleBuilder$BuilderJob
instanceKlass lombok/experimental/StandardException
instanceKlass lombok/SneakyThrows
instanceKlass lombok/Setter
instanceKlass lombok/core/PrintAST
instanceKlass lombok/NonNull
instanceKlass lombok/extern/slf4j/XSlf4j
instanceKlass lombok/extern/slf4j/Slf4j
instanceKlass lombok/extern/log4j/Log4j
instanceKlass lombok/extern/log4j/Log4j2
instanceKlass lombok/extern/java/Log
instanceKlass lombok/extern/jbosslog/JBossLog
instanceKlass lombok/extern/flogger/Flogger
instanceKlass lombok/CustomLog
instanceKlass lombok/extern/apachecommons/CommonsLog
instanceKlass lombok/Locked$Write
instanceKlass lombok/Locked$Read
instanceKlass lombok/Locked
instanceKlass lombok/extern/jackson/Jacksonized
instanceKlass lombok/experimental/Helper
instanceKlass lombok/Getter
instanceKlass lombok/experimental/FieldNameConstants
instanceKlass lombok/core/LombokImmutableList
instanceKlass lombok/core/JavaIdentifiers
instanceKlass lombok/experimental/ExtensionMethod
instanceKlass lombok/EqualsAndHashCode
instanceKlass lombok/experimental/Delegate
instanceKlass lombok/Data
# instanceKlass java/lang/invoke/LambdaForm$MH+0x000001f081414000
instanceKlass org/eclipse/jdt/internal/compiler/impl/Constant
instanceKlass org/eclipse/jdt/internal/compiler/codegen/Label
instanceKlass lombok/eclipse/Eclipse
instanceKlass lombok/RequiredArgsConstructor
instanceKlass lombok/NoArgsConstructor
instanceKlass lombok/AllArgsConstructor
instanceKlass lombok/Cleanup
instanceKlass lombok/Builder$Default
instanceKlass lombok/Builder
instanceKlass lombok/eclipse/handlers/HandleConstructor
instanceKlass lombok/core/LombokInternalAliasing
instanceKlass lombok/core/HandlerPriority
instanceKlass lombok/eclipse/DeferUntilPostDiet
instanceKlass lombok/eclipse/HandlerLibrary$AnnotationHandlerContainer
instanceKlass lombok/experimental/Accessors
instanceKlass lombok/eclipse/EclipseAnnotationHandler
instanceKlass lombok/core/SpiLoadUtil$1$1
instanceKlass lombok/core/SpiLoadUtil$1
instanceKlass java/util/Vector$1
instanceKlass lombok/core/SpiLoadUtil
instanceKlass lombok/core/configuration/ConfigurationKeysLoader
instanceKlass lombok/core/configuration/CheckerFrameworkVersion
instanceKlass lombok/core/configuration/TypeName
instanceKlass lombok/core/configuration/LogDeclaration
instanceKlass lombok/core/configuration/IdentifierName
instanceKlass lombok/core/configuration/ConfigurationDataType$6
instanceKlass lombok/core/configuration/ConfigurationDataType$7
instanceKlass lombok/core/configuration/NullAnnotationLibrary
instanceKlass lombok/core/configuration/ConfigurationValueType
instanceKlass lombok/core/configuration/ConfigurationDataType$5
instanceKlass lombok/core/configuration/ConfigurationDataType$4
instanceKlass lombok/core/configuration/ConfigurationDataType$3
instanceKlass lombok/core/configuration/ConfigurationDataType$2
instanceKlass lombok/core/configuration/ConfigurationDataType$1
instanceKlass lombok/core/configuration/ConfigurationValueParser
instanceKlass lombok/core/configuration/ConfigurationDataType
instanceKlass  @bci java/util/regex/CharPredicates ASCII_WORD ()Ljava/util/regex/Pattern$BmpCharPredicate; 0 <appendix> argL0 ; # java/util/regex/CharPredicates$$Lambda+0x000001f0812e9ba0
instanceKlass org/eclipse/core/internal/resources/MarkerManager$1
instanceKlass org/eclipse/core/internal/filesystem/local/InfiniteProgress
instanceKlass org/eclipse/core/internal/resources/MoveDeleteHook
instanceKlass org/eclipse/core/internal/resources/ResourceTree
instanceKlass org/eclipse/core/internal/resources/MarkerDelta
instanceKlass  @bci org/eclipse/core/internal/resources/MarkerManager visitorRemoveMarkers (Lorg/eclipse/core/runtime/IPath;Ljava/lang/String;Z)V 3 <appendix> member <vmtarget> ; # org/eclipse/core/internal/resources/MarkerManager$$Lambda+0x000001f0813aad10
instanceKlass  @cpi org/eclipse/core/internal/resources/MarkerManager 677 form vmentry <vmtarget> ; # java/lang/invoke/LambdaForm$DMH+0x000001f0813fc000
instanceKlass org/eclipse/jdt/internal/core/builder/WorkQueue
instanceKlass org/eclipse/jdt/internal/compiler/impl/CompilerStats
instanceKlass org/eclipse/jdt/internal/compiler/util/HashtableOfModule
instanceKlass org/eclipse/jdt/internal/compiler/lookup/TypeSystem$HashedParameterizedTypes
instanceKlass org/eclipse/jdt/internal/compiler/ClassFile
instanceKlass org/eclipse/jdt/internal/compiler/ClassFilePool
instanceKlass org/eclipse/jdt/internal/compiler/util/CharArrayMap
instanceKlass org/eclipse/jdt/internal/compiler/util/CharDelegateMap
instanceKlass org/eclipse/jdt/internal/compiler/util/CharArrayMapper
instanceKlass lombok/core/configuration/ConfigurationKey
instanceKlass lombok/ConfigurationKeys
instanceKlass lombok/core/configuration/ConfigurationKeysLoader$LoaderLoader
instanceKlass lombok/core/TypeLibrary
instanceKlass lombok/eclipse/HandlerLibrary
instanceKlass org/eclipse/jdt/internal/compiler/lookup/ImplicitNullAnnotationVerifier
instanceKlass lombok/eclipse/EclipseASTVisitor
instanceKlass lombok/eclipse/TransformEclipseAST
instanceKlass lombok/core/LombokNode
instanceKlass lombok/core/DiagnosticsReceiver
instanceKlass org/eclipse/jdt/internal/compiler/lookup/TypeSystem
instanceKlass org/eclipse/jdt/internal/compiler/lookup/LookupEnvironment
instanceKlass org/eclipse/jdt/internal/compiler/lookup/ProblemReasons
instanceKlass org/eclipse/jdt/internal/compiler/DefaultErrorHandlingPolicies$4
instanceKlass org/eclipse/jdt/internal/compiler/DefaultCompilerFactory
instanceKlass lombok/launch/PackageShader
instanceKlass  @bci org/eclipse/jdt/internal/core/builder/BatchImageBuilder createExecutor (I)Ljava/util/concurrent/ThreadPoolExecutor; 19 <appendix> argL0 ; # org/eclipse/jdt/internal/core/builder/BatchImageBuilder$$Lambda+0x000001f0813ea0d8
instanceKlass org/eclipse/core/resources/IResourceVisitor
instanceKlass org/eclipse/jdt/core/compiler/CompilationProgress
instanceKlass org/eclipse/jdt/internal/compiler/ICompilerFactory
instanceKlass org/eclipse/jdt/core/compiler/BuildContext
instanceKlass org/eclipse/jdt/internal/core/builder/AbstractImageBuilder
instanceKlass org/eclipse/jdt/internal/core/builder/ICompilationUnitLocator
instanceKlass lombok/launch/Main
instanceKlass lombok/launch/PatchFixesHider$Transform
instanceKlass  @bci org/eclipse/jdt/internal/compiler/util/SortedCharArrays <clinit> ()V 8 <appendix> argL0 ; # org/eclipse/jdt/internal/compiler/util/SortedCharArrays$$Lambda+0x000001f0813ee7a8
instanceKlass  @bci org/eclipse/jdt/internal/compiler/util/SortedCharArrays <clinit> ()V 0 <appendix> argL0 ; # org/eclipse/jdt/internal/compiler/util/SortedCharArrays$$Lambda+0x000001f0813e7cd8
instanceKlass org/eclipse/jdt/internal/compiler/util/SortedCharArrays
instanceKlass org/eclipse/jdt/internal/core/builder/NameSet
instanceKlass org/eclipse/jdt/internal/core/builder/QualifiedNameSet
instanceKlass org/eclipse/jdt/internal/core/builder/TypeLocators
instanceKlass org/eclipse/jdt/internal/core/builder/CompressedReader
instanceKlass org/eclipse/jdt/internal/core/builder/ReferenceCollection
instanceKlass org/eclipse/jdt/internal/core/builder/State
instanceKlass  @bci org/eclipse/jdt/internal/core/builder/ClasspathJrt selectModules (Ljava/util/Set;Ljava/util/Collection;)Ljava/util/Collection; 55 <appendix> member <vmtarget> ; # org/eclipse/jdt/internal/core/builder/ClasspathJrt$$Lambda+0x000001f0813e3498
instanceKlass  @bci org/eclipse/jdt/internal/core/builder/ClasspathJrt selectModules (Ljava/util/Set;Ljava/util/Collection;)Ljava/util/Collection; 49 <appendix> argL0 ; # org/eclipse/jdt/internal/core/builder/ClasspathJrt$$Lambda+0x000001f0813e3258
instanceKlass org/eclipse/jdt/internal/compiler/env/IUpdatableModule$UpdatesByKind
instanceKlass org/eclipse/jdt/internal/core/builder/ClasspathJrt$1
instanceKlass  @bci org/eclipse/jdt/internal/core/builder/ClasspathJrt loadModules (Lorg/eclipse/jdt/internal/core/builder/ClasspathJrt;)V 15 <appendix> member <vmtarget> ; # org/eclipse/jdt/internal/core/builder/ClasspathJrt$$Lambda+0x000001f0813dfba8
instanceKlass org/eclipse/jdt/internal/core/builder/ModuleEntryProcessor
instanceKlass java/lang/invoke/MethodHandleImpl$CountingWrapper$1
instanceKlass  @bci org/eclipse/jdt/internal/core/JrtPackageFragmentRoot$JrtModuleKey equals (Ljava/lang/Object;)Z 2 <adapter> ; # java/lang/invoke/LambdaForm$MH+0x000001f0813e2c00
# instanceKlass java/lang/invoke/LambdaForm$MH+0x000001f0813e2800
instanceKlass  @bci org/eclipse/jdt/internal/core/JrtPackageFragmentRoot$JrtModuleKey equals (Ljava/lang/Object;)Z 2 <appendix> form vmentry <vmtarget> ; # java/lang/invoke/LambdaForm$MH+0x000001f0813e2400
instanceKlass  @bci org/eclipse/jdt/internal/core/JrtPackageFragmentRoot$JrtModuleKey equals (Ljava/lang/Object;)Z 2 <appendix> argL1 form vmentry <vmtarget> ; # java/lang/invoke/LambdaForm$MH+0x000001f0813e2000
instanceKlass org/eclipse/jdt/internal/compiler/flow/FlowContext
instanceKlass  @bci org/eclipse/jdt/internal/core/JrtPackageFragmentRoot$JrtModuleKey equals (Ljava/lang/Object;)Z 2 <appendix> form names 9 function resolvedHandle form vmentry <vmtarget> ; # java/lang/invoke/LambdaForm$MH+0x000001f0813e1c00
# instanceKlass java/lang/invoke/LambdaForm$DMH+0x000001f0813e1800
# instanceKlass java/lang/invoke/LambdaForm$MH+0x000001f0813e1400
# instanceKlass java/lang/invoke/LambdaForm$MH+0x000001f0813e1000
# instanceKlass java/lang/invoke/LambdaForm$MH+0x000001f0813e0c00
instanceKlass  @bci org/eclipse/jdt/internal/core/JrtPackageFragmentRoot$JrtModuleKey equals (Ljava/lang/Object;)Z 2 <appendix> form names 7 function resolvedHandle form vmentry <vmtarget> ; # java/lang/invoke/LambdaForm$DMH+0x000001f0813e0800
# instanceKlass java/lang/invoke/LambdaForm$MH+0x000001f0813e0400
# instanceKlass java/lang/invoke/LambdaForm$MH+0x000001f0813e0000
instanceKlass org/eclipse/jdt/internal/core/ModuleUpdater
instanceKlass org/eclipse/jdt/internal/compiler/util/Messages
instanceKlass org/eclipse/jdt/internal/compiler/env/IMultiModuleEntry
instanceKlass org/eclipse/jdt/internal/compiler/ast/CompilationUnitDeclaration$1
instanceKlass org/eclipse/jdt/internal/compiler/lookup/Scope$Substitutor
instanceKlass org/eclipse/jdt/internal/compiler/CompilationResult$1
instanceKlass org/eclipse/jdt/internal/core/builder/NameEnvironment
instanceKlass org/eclipse/jdt/internal/compiler/env/ISourceMethod
instanceKlass org/eclipse/jdt/internal/compiler/env/IModuleAwareNameEnvironment
instanceKlass org/eclipse/jdt/core/IInitializer
instanceKlass org/eclipse/jdt/internal/compiler/env/ISourceField
instanceKlass org/eclipse/jdt/core/IMemberValuePair
instanceKlass org/eclipse/jdt/internal/compiler/env/ISourceModule
instanceKlass org/eclipse/jdt/apt/core/util/AptPreferenceConstants
instanceKlass org/eclipse/jdt/apt/core/internal/generatedfile/GeneratedResourceChangeListener
instanceKlass org/eclipse/jdt/apt/core/util/IFactoryPath
instanceKlass org/eclipse/jdt/apt/core/util/AptConfig
instanceKlass javax/annotation/processing/Processor
instanceKlass  @bci org/eclipse/core/internal/content/ContentTypeMatcher findContentTypeFor (Ljava/lang/String;)Lorg/eclipse/core/runtime/content/IContentType; 12 <appendix> member <vmtarget> ; # org/eclipse/core/internal/content/ContentTypeMatcher$$Lambda+0x000001f0813d55b8
instanceKlass org/eclipse/core/internal/content/TextContentDescriber
instanceKlass org/eclipse/core/runtime/content/ITextContentDescriber
instanceKlass org/eclipse/core/runtime/content/IContentDescriber
instanceKlass org/eclipse/jdt/apt/core/internal/AptCompilationParticipantExtensionFactory
instanceKlass org/eclipse/core/internal/content/ContentTypeCatalog$1
instanceKlass  @bci org/eclipse/core/internal/content/ContentTypeCatalog selectMatchingByName (Lorg/eclipse/core/runtime/preferences/IScopeContext;Ljava/util/Collection;Ljava/util/Collection;Ljava/lang/String;I)Ljava/util/Set; 61 <adapter> ; # java/lang/invoke/LambdaForm$MH+0x000001f0813d8c00
# instanceKlass java/lang/invoke/LambdaForm$DMH+0x000001f0813d8800
instanceKlass  @bci org/eclipse/core/internal/content/ContentTypeCatalog selectMatchingByName (Lorg/eclipse/core/runtime/preferences/IScopeContext;Ljava/util/Collection;Ljava/util/Collection;Ljava/lang/String;I)Ljava/util/Set; 61 <appendix> form vmentry <vmtarget> ; # java/lang/invoke/LambdaForm$DMH+0x000001f0813d8400
instanceKlass  @bci org/eclipse/core/internal/content/ContentTypeCatalog selectMatchingByName (Lorg/eclipse/core/runtime/preferences/IScopeContext;Ljava/util/Collection;Ljava/util/Collection;Ljava/lang/String;I)Ljava/util/Set; 61 <appendix> member <vmtarget> ; # org/eclipse/core/internal/content/ContentTypeCatalog$$Lambda+0x000001f0813d4708
instanceKlass  @cpi org/eclipse/core/internal/content/ContentTypeCatalog 783 form vmentry <vmtarget> ; # java/lang/invoke/LambdaForm$DMH+0x000001f0813d8000
instanceKlass org/eclipse/core/internal/content/ContentTypeVisitor
instanceKlass org/eclipse/core/internal/resources/ProjectContentTypes$ProjectContentTypeSelectionPolicy
instanceKlass org/eclipse/jdt/internal/core/JavaModelManager$CompilationParticipants$1
instanceKlass org/eclipse/jdt/core/compiler/CompilationParticipant
instanceKlass org/eclipse/jdt/internal/core/JavaModelManager$CompilationParticipants$2
instanceKlass org/eclipse/jdt/internal/core/Buffer
instanceKlass  @bci org/eclipse/jdt/internal/core/builder/JavaBuilder build (ILjava/util/Map;Lorg/eclipse/core/runtime/IProgressMonitor;)[Lorg/eclipse/core/resources/IProject; 82 <appendix> member <vmtarget> ; # org/eclipse/jdt/internal/core/builder/JavaBuilder$$Lambda+0x000001f0813afd80
instanceKlass org/eclipse/jdt/internal/core/builder/BuildNotifier
instanceKlass org/eclipse/jdt/ls/core/internal/contentassist/CompletionProposalUtils
instanceKlass org/eclipse/core/internal/events/BuildManager$2
instanceKlass org/eclipse/jdt/internal/compiler/flow/FlowInfo
instanceKlass org/eclipse/jdt/internal/compiler/SourceElementNotifier
instanceKlass lombok/patcher/scripts/WrapMethodCallScript$1
instanceKlass org/eclipse/jdt/internal/compiler/util/HashtableOfObjectToInt
instanceKlass org/eclipse/jdt/internal/compiler/ast/IJavadocTypeReference
instanceKlass org/eclipse/jdt/internal/compiler/DefaultErrorHandlingPolicies$1
instanceKlass org/eclipse/jdt/internal/compiler/IErrorHandlingPolicy
instanceKlass org/eclipse/jdt/internal/compiler/DefaultErrorHandlingPolicies
instanceKlass org/eclipse/jdt/internal/compiler/util/HashtableOfInt
instanceKlass org/eclipse/jdt/core/compiler/CategorizedProblem
instanceKlass org/eclipse/jdt/internal/compiler/problem/DefaultProblemFactory
instanceKlass lombok/permit/Permit$Fake
instanceKlass sun/misc/Unsafe
instanceKlass lombok/permit/Permit
instanceKlass lombok/launch/PatchFixesHider$Util
instanceKlass lombok/launch/PatchFixesHider$ModuleClassLoading
instanceKlass org/eclipse/jdt/internal/compiler/parser/AbstractCommentParser
instanceKlass org/eclipse/jdt/internal/compiler/parser/JavadocTagConstants
instanceKlass  @bci org/eclipse/core/internal/jobs/OrderedLock enqueue (Lorg/eclipse/core/internal/jobs/Semaphore;)Lorg/eclipse/core/internal/jobs/Semaphore; 10 <appendix> member <vmtarget> ; # org/eclipse/core/internal/jobs/OrderedLock$$Lambda+0x000001f081177210
instanceKlass java/util/ArrayDeque$DeqSpliterator
instanceKlass org/eclipse/core/internal/jobs/Semaphore
instanceKlass org/eclipse/jdt/internal/compiler/ast/IGenerateTypeCheck
instanceKlass org/eclipse/jdt/internal/compiler/parser/RecoveredElement
instanceKlass org/eclipse/lsp4j/Unregistration
instanceKlass org/eclipse/core/internal/localstore/UnifiedTreeNode
instanceKlass org/eclipse/core/internal/localstore/UnifiedTree
instanceKlass  @bci org/eclipse/jdt/ls/core/internal/JDTUtils resolveCompilationUnit (Ljava/net/URI;)Lorg/eclipse/jdt/core/ICompilationUnit; 39 <appendix> member <vmtarget> ; # org/eclipse/jdt/ls/core/internal/JDTUtils$$Lambda+0x000001f08137ccf8
instanceKlass org/eclipse/core/resources/IResourceStatus
instanceKlass org/eclipse/debug/internal/core/IInternalDebugCoreConstants
instanceKlass org/eclipse/debug/internal/core/Preferences
instanceKlass org/eclipse/debug/core/commands/IDebugCommandRequest
instanceKlass org/eclipse/debug/core/IRequest
instanceKlass org/eclipse/debug/internal/core/StepFilterManager
instanceKlass org/eclipse/debug/core/ILaunchListener
instanceKlass org/eclipse/debug/internal/core/LaunchManager$LaunchManagerVisitor
instanceKlass org/eclipse/jdt/internal/core/DeltaProcessor$OutputsInfo
instanceKlass  @bci org/eclipse/jdt/internal/core/search/processing/JobManager isJobWaiting (Lorg/eclipse/jdt/internal/core/search/processing/IJob;)Z 22 <appendix> member <vmtarget> ; # org/eclipse/jdt/internal/core/search/processing/JobManager$$Lambda+0x000001f08139f7f0
instanceKlass org/eclipse/jdt/internal/core/ClasspathAttributeDelta
instanceKlass org/eclipse/jdt/core/IClasspathAttributeDelta
instanceKlass org/eclipse/jdt/internal/core/BufferManager$1
instanceKlass org/eclipse/jdt/internal/core/util/LRUCache$LRUCacheEntry
instanceKlass org/eclipse/jdt/internal/core/util/ILRUCacheable
instanceKlass org/eclipse/jdt/internal/core/JavaProject$ModuleLookup
instanceKlass org/eclipse/jdt/internal/compiler/codegen/ConstantPool
instanceKlass org/eclipse/jdt/internal/compiler/classfmt/ClassFileConstants
# instanceKlass java/lang/invoke/LambdaForm$MH+0x000001f0813a8000
instanceKlass org/eclipse/jdt/internal/compiler/env/IBinaryElementValuePair
instanceKlass org/eclipse/jdt/internal/compiler/classfmt/ModuleInfo$ServiceInfo
instanceKlass org/eclipse/jdt/internal/compiler/classfmt/ModuleInfo$PackageExportInfo
instanceKlass org/eclipse/jdt/internal/compiler/classfmt/ModuleInfo$ModuleReferenceInfo
instanceKlass org/eclipse/jdt/internal/compiler/env/IModule$IService
instanceKlass org/eclipse/jdt/internal/compiler/env/IModule$IModuleReference
instanceKlass org/eclipse/jdt/internal/compiler/env/IModule$IPackageExport
instanceKlass org/eclipse/jdt/internal/compiler/codegen/AttributeNamesConstants
instanceKlass org/eclipse/jdt/internal/compiler/env/IBinaryNestedType
instanceKlass org/eclipse/jdt/internal/compiler/env/IBinaryTypeAnnotation
instanceKlass org/eclipse/jdt/internal/compiler/env/IBinaryModule
instanceKlass org/eclipse/jdt/internal/compiler/env/IBinaryAnnotation
instanceKlass org/eclipse/jdt/internal/compiler/env/IRecordComponent
instanceKlass org/eclipse/jdt/internal/compiler/env/IBinaryMethod
instanceKlass org/eclipse/jdt/internal/compiler/env/IGenericMethod
instanceKlass org/eclipse/jdt/internal/compiler/env/IBinaryField
instanceKlass org/eclipse/jdt/internal/compiler/env/IGenericField
instanceKlass org/eclipse/jdt/internal/compiler/classfmt/ClassFileStruct
instanceKlass jdk/internal/jrtfs/JrtFileSystem$1
instanceKlass  @bci org/eclipse/jdt/internal/compiler/util/SoftClassCache$JdkClasses get (Ljava/nio/file/Path;)[B 5 <appendix> argL0 ; # org/eclipse/jdt/internal/compiler/util/SoftClassCache$JdkClasses$$Lambda+0x000001f081382e70
instanceKlass org/eclipse/jdt/internal/compiler/util/SoftClassCache$ClassBytes
instanceKlass  @bci org/eclipse/jdt/internal/compiler/util/SoftClassCache getClassBytes (Lorg/eclipse/jdt/internal/compiler/util/Jdk;Ljava/nio/file/Path;)[B 8 <appendix> argL0 ; # org/eclipse/jdt/internal/compiler/util/SoftClassCache$$Lambda+0x000001f081382a20
instanceKlass org/eclipse/jdt/internal/compiler/util/SoftClassCache$JdkClasses
instanceKlass org/eclipse/jdt/internal/core/nd/java/model/BinaryModuleDescriptor
instanceKlass org/eclipse/jdt/internal/core/util/MementoTokenizer
instanceKlass org/eclipse/jdt/internal/core/nd/java/model/BinaryTypeFactory
instanceKlass org/eclipse/jdt/internal/core/nd/java/model/BinaryModuleFactory
instanceKlass org/eclipse/core/internal/resources/OS
instanceKlass  @bci org/eclipse/jdt/internal/core/JarPackageFragment computeNonJavaResources (Ljava/util/List;)[Ljava/lang/Object; 465 <appendix> argL0 ; # org/eclipse/jdt/internal/core/JarPackageFragment$$Lambda+0x000001f08139dd78
instanceKlass org/eclipse/jdt/core/IJarEntryResource
instanceKlass org/eclipse/jdt/core/ILocalVariable
instanceKlass org/eclipse/jdt/core/IMethod
instanceKlass org/eclipse/jdt/core/IField
instanceKlass  @bci org/eclipse/jdt/internal/core/JarPackageFragmentRoot createChildren (Ljava/util/Collection;)[Lorg/eclipse/jdt/core/IJavaElement; 30 <appendix> argL0 ; # org/eclipse/jdt/internal/core/JarPackageFragmentRoot$$Lambda+0x000001f081396c00
instanceKlass  @bci org/eclipse/jdt/internal/core/JarPackageFragmentRoot lambda$0 (Ljava/util/List;)[Ljava/lang/String; 1 <appendix> argL0 ; # org/eclipse/jdt/internal/core/JarPackageFragmentRoot$$Lambda+0x000001f081397cf8
instanceKlass  @bci org/eclipse/jdt/internal/core/JarPackageFragmentRoot createChildren (Ljava/util/Collection;)[Lorg/eclipse/jdt/core/IJavaElement; 10 <appendix> argL0 ; # org/eclipse/jdt/internal/core/JarPackageFragmentRoot$$Lambda+0x000001f081397ab8
instanceKlass org/eclipse/jdt/internal/core/util/WeakHashSetOfCharArray
instanceKlass org/eclipse/jdt/internal/core/util/WeakHashSet
instanceKlass org/eclipse/jdt/internal/core/util/DeduplicationUtil
instanceKlass  @bci org/eclipse/jdt/internal/compiler/util/CharDeduplication <clinit> ()V 44 <appendix> argL0 ; # org/eclipse/jdt/internal/compiler/util/CharDeduplication$$Lambda+0x000001f0813825f0
instanceKlass org/eclipse/jdt/internal/compiler/util/CharDeduplication
instanceKlass org/eclipse/jdt/internal/compiler/parser/Scanner
instanceKlass org/eclipse/jdt/core/JavaConventions
instanceKlass org/eclipse/jdt/internal/core/JrtPackageFragmentRoot$1
instanceKlass  @bci org/eclipse/jdt/internal/core/JrtPackageFragmentRoot$JrtModuleKey hashCode ()I 1 <adapter> ; # java/lang/invoke/LambdaForm$MH+0x000001f081396800
instanceKlass  @bci org/eclipse/jdt/internal/core/JrtPackageFragmentRoot$JrtModuleKey hashCode ()I 1 <appendix> form vmentry <vmtarget> ; # java/lang/invoke/LambdaForm$MH+0x000001f081396400
# instanceKlass java/lang/invoke/LambdaForm$MH+0x000001f081396000
# instanceKlass java/lang/invoke/LambdaForm$MH+0x000001f081395c00
instanceKlass  @bci org/eclipse/jdt/internal/core/JrtPackageFragmentRoot$JrtModuleKey hashCode ()I 1 <appendix> form names 7 function resolvedHandle form vmentry <vmtarget> ; # java/lang/invoke/LambdaForm$DMH+0x000001f081395800
instanceKlass  @bci org/eclipse/jdt/internal/core/JrtPackageFragmentRoot$JrtModuleKey hashCode ()I 1 <appendix> argL2 argL2 argL2 form vmentry <vmtarget> ; # java/lang/invoke/LambdaForm$MH+0x000001f081395400
instanceKlass  @bci java/lang/runtime/ObjectMethods bootstrap (Ljava/lang/invoke/MethodHandles$Lookup;Ljava/lang/String;Ljava/lang/invoke/TypeDescriptor;Ljava/lang/Class;Ljava/lang/String;[Ljava/lang/invoke/MethodHandle;)Ljava/lang/Object; 37 <appendix> argL0 ; # java/lang/runtime/ObjectMethods$$Lambda+0x000001f0812e8258
# instanceKlass java/lang/invoke/LambdaForm$DMH+0x000001f081395000
# instanceKlass java/lang/invoke/LambdaForm$DMH+0x000001f081394c00
# instanceKlass java/lang/invoke/LambdaForm$DMH+0x000001f081394800
# instanceKlass java/lang/invoke/LambdaForm$DMH+0x000001f081394400
# instanceKlass java/lang/invoke/LambdaForm$DMH+0x000001f081394000
# instanceKlass java/lang/invoke/LambdaForm$DMH+0x000001f081393c00
# instanceKlass java/lang/invoke/LambdaForm$DMH+0x000001f081393800
# instanceKlass java/lang/invoke/LambdaForm$DMH+0x000001f081393400
# instanceKlass java/lang/invoke/LambdaForm$DMH+0x000001f081393000
# instanceKlass java/lang/invoke/LambdaForm$DMH+0x000001f081392c00
instanceKlass  @cpi org/eclipse/jdt/internal/compiler/lookup/InferenceContext18 1855 form vmentry <vmtarget> ; # java/lang/invoke/LambdaForm$DMH+0x000001f081392800
instanceKlass java/lang/runtime/ObjectMethods$1
# instanceKlass java/lang/invoke/LambdaForm$MH+0x000001f081392400
# instanceKlass java/lang/invoke/LambdaForm$MH+0x000001f081392000
# instanceKlass java/lang/invoke/LambdaForm$MH+0x000001f081391c00
# instanceKlass java/lang/invoke/LambdaForm$MH+0x000001f081391800
# instanceKlass java/lang/invoke/LambdaForm$MH+0x000001f081391400
# instanceKlass java/lang/invoke/LambdaForm$MH+0x000001f081391000
# instanceKlass java/lang/invoke/LambdaForm$MH+0x000001f081390c00
# instanceKlass java/lang/invoke/LambdaForm$MH+0x000001f081390800
instanceKlass java/lang/invoke/MethodHandleImpl$Makers$2
instanceKlass java/lang/invoke/MethodHandleImpl$Makers$1
instanceKlass java/lang/invoke/MethodHandleImpl$Makers
instanceKlass  @bci java/lang/invoke/BootstrapMethodInvoker invoke (Ljava/lang/Class;Ljava/lang/invoke/MethodHandle;Ljava/lang/String;Ljava/lang/Object;Ljava/lang/Object;Ljava/lang/Class;)Ljava/lang/Object; 894 <adapter> ; # java/lang/invoke/LambdaForm$MH+0x000001f081390400
# instanceKlass java/lang/invoke/LambdaForm$DMH+0x000001f081390000
instanceKlass java/lang/runtime/ObjectMethods
instanceKlass  @bci org/eclipse/jdt/internal/core/JrtPackageFragmentRoot computeChildren (Lorg/eclipse/jdt/internal/core/OpenableElementInfo;Lorg/eclipse/core/resources/IResource;)Z 29 <appendix> argL0 ; # org/eclipse/jdt/internal/core/JrtPackageFragmentRoot$$Lambda+0x000001f08137b198
instanceKlass org/eclipse/jdt/internal/compiler/util/ObjectVector$1
instanceKlass  @bci org/eclipse/jdt/internal/core/JavaProject defaultRootModules (Ljava/lang/Iterable;Ljava/lang/String;)Ljava/util/List; 6 <appendix> argL0 ; # org/eclipse/jdt/internal/core/JavaProject$$Lambda+0x000001f08137ad48
instanceKlass  @bci org/eclipse/jdt/internal/core/JavaProject defaultRootModules (Ljava/lang/Iterable;Ljava/lang/String;)Ljava/util/List; 1 <appendix> argL0 ; # org/eclipse/jdt/internal/core/JavaProject$$Lambda+0x000001f08137ab08
instanceKlass java/nio/file/Files$3
instanceKlass java/nio/file/FileTreeWalker$Event
instanceKlass java/nio/file/FileTreeWalker$DirectoryNode
instanceKlass jdk/internal/jrtfs/JrtFileAttributes
instanceKlass  @bci jdk/internal/jimage/ImageReader$SharedImageReader handleModulesSubTree (Ljava/lang/String;Ljdk/internal/jimage/ImageLocation;)Ljdk/internal/jimage/ImageReader$Node; 37 <appendix> member <vmtarget> ; # jdk/internal/jimage/ImageReader$SharedImageReader$$Lambda+0x000001f08138c000
instanceKlass jdk/internal/jimage/ImageBufferCache$2
instanceKlass jdk/internal/jimage/ImageBufferCache
instanceKlass  @bci jdk/internal/jimage/ImageReader$SharedImageReader handlePackages (Ljava/lang/String;Ljdk/internal/jimage/ImageLocation;)Ljdk/internal/jimage/ImageReader$Node; 20 <appendix> member <vmtarget> ; # jdk/internal/jimage/ImageReader$SharedImageReader$$Lambda+0x000001f08138b4a8
instanceKlass jdk/internal/jimage/ImageReader$SharedImageReader$LocationVisitor
instanceKlass jdk/internal/jimage/ImageLocation
instanceKlass java/util/RegularEnumSet$EnumSetIterator
instanceKlass java/nio/file/FileTreeWalker
instanceKlass java/nio/file/SimpleFileVisitor
instanceKlass jdk/internal/jrtfs/JrtDirectoryStream$1
instanceKlass  @bci jdk/internal/jrtfs/JrtFileSystem iteratorOf (Ljdk/internal/jrtfs/JrtPath;Ljava/nio/file/DirectoryStream$Filter;)Ljava/util/Iterator; 82 <appendix> member <vmtarget> ; # jdk/internal/jrtfs/JrtFileSystem$$Lambda+0x000001f08138ab48
instanceKlass  @bci jdk/internal/jrtfs/JrtFileSystem iteratorOf (Ljdk/internal/jrtfs/JrtPath;Ljava/nio/file/DirectoryStream$Filter;)Ljava/util/Iterator; 71 <appendix> member <vmtarget> ; # jdk/internal/jrtfs/JrtFileSystem$$Lambda+0x000001f08138a900
instanceKlass jdk/internal/jimage/ImageReader$Node
instanceKlass jdk/internal/jrtfs/JrtPath
instanceKlass jdk/internal/jrtfs/JrtDirectoryStream
instanceKlass jdk/internal/jimage/decompressor/Decompressor
instanceKlass jdk/internal/jimage/ImageStringsReader
instanceKlass jdk/internal/jimage/ImageHeader
# instanceKlass java/lang/invoke/LambdaForm$MH+0x000001f081389c00
# instanceKlass java/lang/invoke/LambdaForm$MH+0x000001f081389800
# instanceKlass java/lang/invoke/LambdaForm$MH+0x000001f081389400
# instanceKlass java/lang/invoke/LambdaForm$MH+0x000001f081389000
# instanceKlass java/lang/invoke/LambdaForm$MH+0x000001f081388c00
# instanceKlass java/lang/invoke/LambdaForm$MH+0x000001f081388800
# instanceKlass java/lang/invoke/LambdaForm$MH+0x000001f081388400
# instanceKlass java/lang/invoke/LambdaForm$BMH+0x000001f081388000
# instanceKlass java/lang/invoke/LambdaForm$DMH+0x000001f081387c00
# instanceKlass java/lang/invoke/LambdaForm$MH+0x000001f081387800
# instanceKlass java/lang/invoke/LambdaForm$DMH+0x000001f081387400
# instanceKlass java/lang/invoke/LambdaForm$DMH+0x000001f081387000
instanceKlass java/lang/foreign/MemorySegment
instanceKlass sun/nio/ch/Util$4
instanceKlass sun/nio/ch/FileChannelImpl$Unmapper
instanceKlass jdk/internal/access/foreign/UnmapperProxy
instanceKlass  @bci jdk/internal/misc/ExtendedMapMode <clinit> ()V 0 <appendix> argL0 ; # jdk/internal/misc/ExtendedMapMode$$Lambda+0x000001f0812e3990
instanceKlass jdk/internal/misc/ExtendedMapMode
instanceKlass java/nio/channels/spi/AbstractInterruptibleChannel$1
instanceKlass sun/nio/ch/Interruptible
instanceKlass java/nio/channels/FileChannel$MapMode
instanceKlass jdk/internal/jimage/BasicImageReader$2
instanceKlass jdk/internal/jimage/BasicImageReader$1
instanceKlass jdk/internal/jimage/ImageReader$Node
instanceKlass jdk/internal/jimage/ImageStrings
instanceKlass jdk/internal/jimage/BasicImageReader
instanceKlass jdk/internal/jimage/ImageReader
instanceKlass jdk/internal/jrtfs/SystemImage$2
instanceKlass  @bci jdk/internal/jrtfs/SystemImage <clinit> ()V 0 <appendix> argL0 ; # jdk/internal/jrtfs/SystemImage$$Lambda+0x000001f081385478
instanceKlass jdk/internal/jrtfs/SystemImage
instanceKlass jdk/internal/jrtfs/JrtPath
instanceKlass jdk/internal/jrtfs/JrtFileSystemProvider$1
instanceKlass  @bci sun/net/www/protocol/jrt/JavaRuntimeURLConnection <clinit> ()V 0 <appendix> argL0 ; # sun/net/www/protocol/jrt/JavaRuntimeURLConnection$$Lambda+0x000001f0812e1da0
instanceKlass java/nio/file/spi/FileSystemProvider$1
instanceKlass  @bci org/eclipse/jdt/internal/compiler/util/JRTUtil getJrtFileSystem (Ljava/nio/file/Path;)Ljava/nio/file/FileSystem; 14 <appendix> argL0 ; # org/eclipse/jdt/internal/compiler/util/JRTUtil$$Lambda+0x000001f081381258
instanceKlass  @bci org/eclipse/jdt/internal/compiler/util/JRTUtil getJrtSystem (Ljava/io/File;Ljava/lang/String;)Lorg/eclipse/jdt/internal/compiler/util/JrtFileSystem; 46 <appendix> member <vmtarget> ; # org/eclipse/jdt/internal/compiler/util/JRTUtil$$Lambda+0x000001f081380d98
instanceKlass org/eclipse/jdt/internal/compiler/util/JrtFileSystem
instanceKlass  @bci org/eclipse/jdt/internal/compiler/util/Jdk <init> (Ljava/io/File;)V 20 <appendix> argL0 ; # org/eclipse/jdt/internal/compiler/util/Jdk$$Lambda+0x000001f0813808e8
instanceKlass org/eclipse/jdt/internal/compiler/util/Jdk
instanceKlass org/eclipse/jdt/internal/compiler/util/SoftClassCache
instanceKlass org/eclipse/jdt/internal/compiler/util/JRTUtil
instanceKlass org/eclipse/jdt/internal/core/JavaProject$1
instanceKlass org/eclipse/jdt/internal/compiler/util/ObjectVector
instanceKlass org/eclipse/jdt/internal/core/JavaElementDelta$Key
instanceKlass org/eclipse/jdt/internal/core/SimpleDelta
instanceKlass org/eclipse/core/internal/resources/ProjectNatureDescriptor
instanceKlass  @bci org/eclipse/core/internal/resources/CheckMissingNaturesListener resourceChanged (Lorg/eclipse/core/resources/IResourceChangeEvent;)V 25 <appendix> member <vmtarget> ; # org/eclipse/core/internal/resources/CheckMissingNaturesListener$$Lambda+0x000001f0812bf138
instanceKlass  @bci org/eclipse/core/internal/events/ResourceChangeListenerList getListeners ()[Lorg/eclipse/core/internal/events/ResourceChangeListenerList$ListenerEntry; 4 <appendix> argL0 ; # org/eclipse/core/internal/events/ResourceChangeListenerList$$Lambda+0x000001f0812bef18
instanceKlass org/eclipse/core/internal/utils/BitMask
instanceKlass org/eclipse/jdt/internal/compiler/util/GenericXMLWriter$1
instanceKlass org/eclipse/jdt/internal/core/UserLibraryClasspathContainer
instanceKlass org/eclipse/jdt/internal/core/ClasspathValidation
instanceKlass org/eclipse/jdt/internal/core/ExternalFolderChange
instanceKlass org/eclipse/jdt/ls/core/internal/AbstractProjectImporter
instanceKlass org/eclipse/jdt/ls/core/internal/IProjectImporter
instanceKlass  @bci org/eclipse/jdt/ls/core/internal/syntaxserver/SyntaxDocumentLifeCycleHandler resolveCompilationUnit (Ljava/lang/String;)Lorg/eclipse/jdt/core/ICompilationUnit; 46 <appendix> member <vmtarget> ; # org/eclipse/jdt/ls/core/internal/syntaxserver/SyntaxDocumentLifeCycleHandler$$Lambda+0x000001f08137c000
instanceKlass org/eclipse/jdt/core/IImportDeclaration
instanceKlass org/eclipse/jdt/core/ICompletionRequestor
instanceKlass org/eclipse/jdt/core/IImportContainer
instanceKlass org/eclipse/jdt/core/IPackageDeclaration
instanceKlass org/eclipse/jdt/core/IModularClassFile
instanceKlass org/eclipse/jdt/internal/core/JavaProject$3
instanceKlass org/eclipse/jdt/internal/core/JavaProject$2
instanceKlass  @bci org/eclipse/core/internal/resources/AliasManager findResources (Lorg/eclipse/core/filesystem/IFileStore;)[Lorg/eclipse/core/resources/IResource; 14 <appendix> member <vmtarget> ; # org/eclipse/core/internal/resources/AliasManager$$Lambda+0x000001f0812be888
instanceKlass  @bci org/eclipse/jdt/ls/core/internal/JDTUtils findFile (Ljava/lang/String;)Lorg/eclipse/core/resources/IFile; 17 <appendix> member <vmtarget> ; # org/eclipse/jdt/ls/core/internal/JDTUtils$$Lambda+0x000001f08136bbd8
instanceKlass org/eclipse/core/runtime/URIUtil
instanceKlass org/eclipse/jdt/core/dom/IDocElement
instanceKlass org/eclipse/jdt/ls/core/internal/JDTUtils
instanceKlass org/eclipse/lsp4j/TextDocumentItem
instanceKlass org/eclipse/lsp4j/DidChangeWatchedFilesRegistrationOptions
instanceKlass org/eclipse/lsp4j/FileSystemWatcher
instanceKlass  @bci org/eclipse/jdt/ls/core/internal/syntaxserver/SyntaxProjectsManager registerWatchers ()Ljava/util/List; 62 <appendix> argL0 ; # org/eclipse/jdt/ls/core/internal/syntaxserver/SyntaxProjectsManager$$Lambda+0x000001f08136a9e0
instanceKlass org/eclipse/jdt/ls/core/internal/handlers/CompletionHandler$2
instanceKlass org/eclipse/jdt/ls/core/internal/handlers/CompletionHandler$1
instanceKlass org/eclipse/lsp4j/jsonrpc/RemoteEndpoint$PendingRequestInfo
instanceKlass  @bci org/eclipse/lsp4j/jsonrpc/RemoteEndpoint request (Ljava/lang/String;Ljava/lang/Object;)Lorg/eclipse/lsp4j/jsonrpc/JsonRpcRequestFuture; 13 <appendix> member <vmtarget> ; # org/eclipse/lsp4j/jsonrpc/RemoteEndpoint$$Lambda+0x000001f08134cf50
instanceKlass org/eclipse/lsp4j/Registration
instanceKlass  @bci org/eclipse/core/internal/events/BuildManager$DeltaCache computeIfAbsent (Lorg/eclipse/core/runtime/IPath;Lorg/eclipse/core/internal/watson/ElementTree;Lorg/eclipse/core/internal/watson/ElementTree;Ljava/util/function/Supplier;)Ljava/lang/Object; 48 <appendix> member <vmtarget> ; # org/eclipse/core/internal/events/BuildManager$DeltaCache$$Lambda+0x000001f0812be448
instanceKlass  @bci org/eclipse/core/internal/events/BuildManager getDeltaCached (Lorg/eclipse/core/resources/IProject;Lorg/eclipse/core/internal/watson/ElementTree;Lorg/eclipse/core/internal/watson/ElementTree;)Lorg/eclipse/core/resources/IResourceDelta; 22 <appendix> member <vmtarget> ; # org/eclipse/core/internal/events/BuildManager$$Lambda+0x000001f0812be220
instanceKlass org/eclipse/core/internal/events/BuildManager$1
instanceKlass org/eclipse/core/internal/events/BuildContext
instanceKlass org/eclipse/core/internal/resources/Workspace$ProjectBuildConfigOrder
instanceKlass org/eclipse/core/internal/resources/ComputeProjectOrder$VertexOrder
instanceKlass org/eclipse/core/internal/resources/ComputeProjectOrder$Digraph$Vertex
instanceKlass org/eclipse/core/internal/resources/ComputeProjectOrder$Digraph
instanceKlass org/eclipse/core/internal/resources/ComputeProjectOrder
instanceKlass  @bci org/eclipse/jdt/internal/core/DynamicProjectReferences getDependentProjects (Lorg/eclipse/core/resources/IBuildConfiguration;)Ljava/util/List; 62 <appendix> member <vmtarget> ; # org/eclipse/jdt/internal/core/DynamicProjectReferences$$Lambda+0x000001f081370000
instanceKlass org/eclipse/jdt/internal/core/DynamicProjectReferences
instanceKlass org/eclipse/core/resources/IDynamicReferenceProvider
instanceKlass org/eclipse/core/internal/resources/Workspace$BuildConfigurationComparator
instanceKlass  @bci org/eclipse/lsp4j/jsonrpc/RemoteEndpoint handleRequest (Lorg/eclipse/lsp4j/jsonrpc/messages/RequestMessage;)V 158 <appendix> member <vmtarget> ; # org/eclipse/lsp4j/jsonrpc/RemoteEndpoint$$Lambda+0x000001f08134cd08
instanceKlass  @bci org/eclipse/lsp4j/jsonrpc/RemoteEndpoint handleRequest (Lorg/eclipse/lsp4j/jsonrpc/messages/RequestMessage;)V 148 <appendix> member <vmtarget> ; # org/eclipse/lsp4j/jsonrpc/RemoteEndpoint$$Lambda+0x000001f08134cac0
instanceKlass org/eclipse/lsp4j/DiagnosticServerCapabilities
# instanceKlass java/lang/invoke/LambdaForm$MH+0x000001f081368400
instanceKlass org/eclipse/lsp4j/FileOperationPatternOptions
instanceKlass org/eclipse/lsp4j/FileOperationPattern
instanceKlass org/eclipse/lsp4j/FileOperationFilter
instanceKlass org/eclipse/lsp4j/FileOperationOptions
instanceKlass org/eclipse/lsp4j/TextDocumentContentRegistrationOptions
instanceKlass org/eclipse/lsp4j/FileOperationsServerCapabilities
instanceKlass org/eclipse/lsp4j/CodeActionKindDocumentation
instanceKlass sun/nio/ch/WindowsAsynchronousFileChannelImpl$WriteTask
instanceKlass org/eclipse/lsp4j/CompletionItemOptions
instanceKlass org/eclipse/lsp4j/NotebookSelectorCell
instanceKlass com/google/gson/annotations/Expose
instanceKlass org/eclipse/lsp4j/RelativePattern
instanceKlass org/eclipse/lsp4j/NotebookDocumentFilter
instanceKlass org/eclipse/lsp4j/NotebookSelector
instanceKlass  @bci org/eclipse/jdt/ls/core/internal/ProjectUtils getMaxProjectProblemSeverity ()I 84 <appendix> member <vmtarget> ; # org/eclipse/jdt/ls/core/internal/ProjectUtils$$Lambda+0x000001f081367d38
instanceKlass org/eclipse/lsp4j/TextDocumentServerCapabilities
instanceKlass  @bci org/eclipse/jdt/ls/core/internal/ResourceUtils findMarkers (Lorg/eclipse/core/resources/IResource;[Ljava/lang/Integer;)Ljava/util/List; 43 <appendix> member <vmtarget> ; # org/eclipse/jdt/ls/core/internal/ResourceUtils$$Lambda+0x000001f081367ae0
instanceKlass org/eclipse/lsp4j/DocumentOnTypeFormattingOptions
instanceKlass org/eclipse/lsp4j/AbstractWorkDoneProgressOptions
instanceKlass org/eclipse/lsp4j/NotebookDocumentSyncRegistrationOptions
instanceKlass  @bci org/eclipse/core/internal/resources/MarkerManager visitorFindMarkers (Lorg/eclipse/core/runtime/IPath;Ljava/util/ArrayList;Ljava/lang/String;Z)V 5 <appendix> member <vmtarget> ; # org/eclipse/core/internal/resources/MarkerManager$$Lambda+0x000001f0812bc470
instanceKlass  @cpi org/eclipse/core/internal/resources/MarkerManager 672 form vmentry <vmtarget> ; # java/lang/invoke/LambdaForm$DMH+0x000001f081368000
instanceKlass com/google/gson/internal/Streams
instanceKlass  @bci org/eclipse/lsp4j/jsonrpc/RemoteEndpoint handleRequest (Lorg/eclipse/lsp4j/jsonrpc/messages/RequestMessage;)V 137 <appendix> member <vmtarget> ; # org/eclipse/lsp4j/jsonrpc/RemoteEndpoint$$Lambda+0x000001f08134c888
instanceKlass java/util/concurrent/ForkJoinTask
instanceKlass java/util/concurrent/CompletableFuture$AsynchronousCompletionTask
instanceKlass  @bci org/eclipse/jdt/ls/core/internal/syntaxserver/SyntaxProjectsManager cleanInvalidProjects (Ljava/util/Collection;Lorg/eclipse/core/runtime/IProgressMonitor;)V 6 <appendix> argL0 ; # org/eclipse/jdt/ls/core/internal/syntaxserver/SyntaxProjectsManager$$Lambda+0x000001f0813678a0
instanceKlass java/util/concurrent/CompletableFuture$AltResult
instanceKlass  @bci org/eclipse/jdt/ls/core/internal/handlers/SemanticTokensHandler legend ()Lorg/eclipse/lsp4j/SemanticTokensLegend; 37 <appendix> argL0 ; # org/eclipse/jdt/ls/core/internal/handlers/SemanticTokensHandler$$Lambda+0x000001f081367660
instanceKlass  @bci org/eclipse/jdt/ls/core/internal/handlers/SemanticTokensHandler legend ()Lorg/eclipse/lsp4j/SemanticTokensLegend; 10 <appendix> argL0 ; # org/eclipse/jdt/ls/core/internal/handlers/SemanticTokensHandler$$Lambda+0x000001f081366fd8
instanceKlass org/eclipse/jdt/core/dom/IBinding
instanceKlass org/eclipse/lsp4j/SemanticTokensLegend
instanceKlass org/eclipse/jdt/ls/core/internal/handlers/SemanticTokensHandler
instanceKlass org/eclipse/lsp4j/DocumentFilter
instanceKlass org/eclipse/lsp4j/SemanticTokensServerFull
instanceKlass org/eclipse/lsp4j/TextDocumentRegistrationOptions
instanceKlass org/eclipse/lsp4j/WorkDoneProgressOptions
instanceKlass org/eclipse/lsp4j/WorkspaceFoldersOptions
instanceKlass org/eclipse/lsp4j/WorkspaceServerCapabilities
instanceKlass org/eclipse/lsp4j/SaveOptions
instanceKlass org/eclipse/lsp4j/TextDocumentSyncOptions
instanceKlass org/apache/commons/lang3/BooleanUtils
instanceKlass org/eclipse/lsp4j/ServerCapabilities
instanceKlass  @bci org/eclipse/jdt/ls/core/internal/preferences/Preferences updateFrom (Lorg/eclipse/jdt/ls/core/internal/preferences/Preferences;Ljava/util/Map;)Lorg/eclipse/jdt/ls/core/internal/preferences/Preferences; 3432 <appendix> member <vmtarget> ; # org/eclipse/jdt/ls/core/internal/preferences/Preferences$$Lambda+0x000001f081366000
instanceKlass com/google/common/base/CommonPattern
instanceKlass com/google/common/base/Platform$JdkPatternCompiler
instanceKlass com/google/common/base/PatternCompiler
instanceKlass com/google/common/base/Platform
instanceKlass com/google/common/base/Strings
instanceKlass  @bci org/eclipse/jdt/ls/core/internal/preferences/Preferences updateFrom (Lorg/eclipse/jdt/ls/core/internal/preferences/Preferences;Ljava/util/Map;)Lorg/eclipse/jdt/ls/core/internal/preferences/Preferences; 2362 <appendix> member <vmtarget> ; # org/eclipse/jdt/ls/core/internal/preferences/Preferences$$Lambda+0x000001f08135db98
instanceKlass org/eclipse/jdt/ls/core/internal/RuntimeEnvironment
instanceKlass org/eclipse/jdt/internal/corext/util/TypeFilter
instanceKlass  @bci org/eclipse/jdt/ls/core/internal/preferences/Preferences setResourceFilters (Ljava/util/List;)Lorg/eclipse/jdt/ls/core/internal/preferences/Preferences; 11 <appendix> argL0 ; # org/eclipse/jdt/ls/core/internal/preferences/Preferences$$Lambda+0x000001f08135d6c8
instanceKlass com/google/common/base/Ascii
instanceKlass com/google/common/base/Preconditions
instanceKlass com/google/common/base/CharMatcher
instanceKlass com/google/common/base/Predicate
instanceKlass com/google/common/base/Converter
instanceKlass com/google/common/base/Function
instanceKlass org/eclipse/jdt/ls/core/internal/handlers/MapFlattener
instanceKlass org/eclipse/jdt/ls/core/internal/preferences/ClientPreferences
instanceKlass com/google/gson/internal/bind/ObjectTypeAdapter$2
instanceKlass com/google/gson/internal/LinkedTreeMap$LinkedTreeMapIterator
instanceKlass  @bci com/google/gson/internal/ConstructorConstructor newMapConstructor (Ljava/lang/reflect/Type;Ljava/lang/Class;)Lcom/google/gson/internal/ObjectConstructor; 16 <appendix> argL0 ; # com/google/gson/internal/ConstructorConstructor$$Lambda+0x000001f08135e000
instanceKlass org/eclipse/jdt/ls/core/internal/JSONUtility
instanceKlass org/eclipse/lsp4j/ServerInfo
instanceKlass org/eclipse/jdt/ls/core/internal/handlers/BaseInitHandler
# instanceKlass java/lang/invoke/LambdaForm$MH+0x000001f08135c400
instanceKlass  @cpi org/eclipse/jdt/internal/core/SearchableEnvironment 1291 form vmentry <vmtarget> ; # java/lang/invoke/LambdaForm$DMH+0x000001f08135c000
instanceKlass com/google/gson/internal/LinkedTreeMap$Node
instanceKlass com/google/gson/internal/LinkedTreeMap$1
instanceKlass com/google/gson/internal/bind/JsonElementTypeAdapter$1
instanceKlass org/eclipse/lsp4j/jsonrpc/util/Preconditions
instanceKlass org/eclipse/lsp4j/jsonrpc/json/adapters/JsonElementTypeAdapter$Factory
instanceKlass org/eclipse/lsp4j/StaleRequestCapabilities
instanceKlass org/eclipse/lsp4j/MarkdownCapabilities
instanceKlass org/eclipse/lsp4j/RegularExpressionsCapabilities
instanceKlass org/eclipse/lsp4j/WindowShowMessageRequestActionItemCapabilities
instanceKlass org/eclipse/lsp4j/ShowDocumentCapabilities
instanceKlass org/eclipse/lsp4j/WindowShowMessageRequestCapabilities
instanceKlass org/eclipse/lsp4j/InlayHintResolveSupportCapabilities
instanceKlass org/eclipse/lsp4j/SemanticTokensClientCapabilitiesRequestsFull
instanceKlass org/eclipse/lsp4j/SemanticTokensClientCapabilitiesRequests
instanceKlass org/eclipse/lsp4j/FoldingRangeSupportCapabilities
instanceKlass org/eclipse/lsp4j/FoldingRangeKindSupportCapabilities
instanceKlass org/eclipse/lsp4j/jsonrpc/json/adapters/EitherTypeAdapter$EitherTypeArgument
instanceKlass org/eclipse/lsp4j/DiagnosticsTagSupport
instanceKlass org/eclipse/lsp4j/CodeLensResolveSupportCapabilities
instanceKlass org/eclipse/lsp4j/CodeActionKindCapabilities
instanceKlass org/eclipse/lsp4j/CodeActionTagSupportCapabilities
instanceKlass org/eclipse/lsp4j/CodeActionResolveSupportCapabilities
instanceKlass org/eclipse/lsp4j/CodeActionLiteralSupportCapabilities
instanceKlass org/eclipse/lsp4j/ParameterInformationCapabilities
instanceKlass org/eclipse/lsp4j/SignatureInformationCapabilities
instanceKlass org/eclipse/lsp4j/CompletionItemInsertTextModeSupportCapabilities
instanceKlass org/eclipse/lsp4j/CompletionItemResolveSupportCapabilities
instanceKlass org/eclipse/lsp4j/CompletionItemTagSupportCapabilities
instanceKlass org/eclipse/lsp4j/CompletionListCapabilities
instanceKlass org/eclipse/lsp4j/CompletionItemCapabilities
instanceKlass org/eclipse/lsp4j/CompletionItemKindCapabilities
instanceKlass org/eclipse/lsp4j/PublishDiagnosticsCapabilities
instanceKlass org/eclipse/lsp4j/FiltersCapabilities
instanceKlass org/eclipse/lsp4j/WorkspaceSymbolResolveSupportCapabilities
instanceKlass org/eclipse/lsp4j/SymbolTagSupportCapabilities
instanceKlass org/eclipse/lsp4j/SymbolKindCapabilities
instanceKlass  @bci org/eclipse/lsp4j/jsonrpc/json/adapters/CollectionTypeAdapter$Factory getConstructor (Ljava/lang/Class;)Ljava/util/function/Supplier; 62 <appendix> argL0 ; # org/eclipse/lsp4j/jsonrpc/json/adapters/CollectionTypeAdapter$Factory$$Lambda+0x000001f08134c000
instanceKlass org/eclipse/lsp4j/jsonrpc/json/adapters/TypeUtils$ParameterizedTypeImpl
instanceKlass org/eclipse/lsp4j/WorkspaceEditChangeAnnotationSupportCapabilities
instanceKlass org/eclipse/lsp4j/FoldingRangeWorkspaceCapabilities
instanceKlass org/eclipse/lsp4j/DiagnosticWorkspaceCapabilities
instanceKlass org/eclipse/lsp4j/InlineValueWorkspaceCapabilities
instanceKlass org/eclipse/lsp4j/InlayHintWorkspaceCapabilities
instanceKlass org/eclipse/lsp4j/CodeLensWorkspaceCapabilities
instanceKlass org/eclipse/lsp4j/SemanticTokensWorkspaceCapabilities
instanceKlass org/eclipse/lsp4j/DynamicRegistrationCapabilities
instanceKlass org/eclipse/lsp4j/WorkspaceEditCapabilities
instanceKlass org/eclipse/lsp4j/GeneralClientCapabilities
instanceKlass org/eclipse/lsp4j/NotebookDocumentClientCapabilities
instanceKlass org/eclipse/lsp4j/WindowClientCapabilities
instanceKlass org/eclipse/lsp4j/TextDocumentClientCapabilities
instanceKlass org/eclipse/lsp4j/WorkspaceClientCapabilities
instanceKlass org/eclipse/lsp4j/ClientCapabilities
instanceKlass com/google/gson/internal/bind/ReflectiveTypeAdapterFactory$FieldsData
instanceKlass org/eclipse/lsp4j/jsonrpc/validation/NonNull
instanceKlass com/google/gson/annotations/SerializedName
instanceKlass org/eclipse/lsp4j/ClientInfo
instanceKlass com/google/gson/internal/Primitives
instanceKlass  @bci com/google/gson/internal/ConstructorConstructor newDefaultConstructor (Ljava/lang/Class;Lcom/google/gson/ReflectionAccessFilter$FilterResult;)Lcom/google/gson/internal/ObjectConstructor; 134 <appendix> member <vmtarget> ; # com/google/gson/internal/ConstructorConstructor$$Lambda+0x000001f08133f958
instanceKlass com/google/gson/internal/ReflectionAccessFilterHelper
instanceKlass org/eclipse/lsp4j/adapters/InitializeParamsTypeAdapter$Factory
instanceKlass com/google/gson/annotations/JsonAdapter
instanceKlass org/eclipse/lsp4j/jsonrpc/messages/Tuple$Two
instanceKlass org/eclipse/lsp4j/jsonrpc/messages/Tuple
instanceKlass org/eclipse/lsp4j/jsonrpc/json/adapters/TypeUtils
instanceKlass com/google/gson/internal/reflect/ReflectionHelper$RecordHelper
instanceKlass com/google/gson/internal/reflect/ReflectionHelper
instanceKlass com/google/gson/internal/JsonReaderInternalAccess
instanceKlass org/eclipse/equinox/internal/app/EclipseAppHandle$1
instanceKlass  @bci org/eclipse/equinox/internal/app/EclipseAppHandle getStartupMonitors ()[Lorg/osgi/framework/ServiceReference; 34 <appendix> argL0 ; # org/eclipse/equinox/internal/app/EclipseAppHandle$$Lambda+0x000001f081166a50
instanceKlass java/time/LocalTime$1
instanceKlass  @bci java/util/regex/Pattern CIRange (II)Ljava/util/regex/Pattern$CharPredicate; 2 <appendix> member <vmtarget> ; # java/util/regex/Pattern$$Lambda+0x000001f0812dea28
instanceKlass  @bci java/util/regex/Pattern SingleI (II)Ljava/util/regex/Pattern$BmpCharPredicate; 2 <appendix> member <vmtarget> ; # java/util/regex/Pattern$$Lambda+0x000001f0812de798
instanceKlass java/time/format/Parsed
instanceKlass java/time/format/DateTimeParseContext
instanceKlass org/eclipse/jdt/ls/core/internal/LogReader$LogEntry
instanceKlass java/io/PrintWriter$1
instanceKlass jdk/internal/access/JavaIOPrintWriterAccess
instanceKlass org/eclipse/jdt/ls/core/internal/LogReader$LogSession
instanceKlass sun/util/locale/provider/CalendarNameProviderImpl$LengthBasedComparator
instanceKlass  @bci sun/util/locale/provider/JRELocaleProviderAdapter getCalendarNameProvider ()Ljava/util/spi/CalendarNameProvider; 8 <appendix> member <vmtarget> ; # sun/util/locale/provider/JRELocaleProviderAdapter$$Lambda+0x000001f0812dda38
instanceKlass sun/nio/ch/WindowsAsynchronousFileChannelImpl$ReadTask
instanceKlass sun/nio/ch/Iocp$ResultHandler
instanceKlass sun/nio/ch/PendingFuture
instanceKlass  @bci sun/util/cldr/CLDRLocaleProviderAdapter getCalendarNameProvider ()Ljava/util/spi/CalendarNameProvider; 8 <appendix> member <vmtarget> ; # sun/util/cldr/CLDRLocaleProviderAdapter$$Lambda+0x000001f0812dcc58
instanceKlass org/eclipse/lsp4j/jsonrpc/json/StreamMessageProducer$Headers
instanceKlass sun/util/locale/provider/CalendarDataUtility$CalendarFieldValueNamesMapGetter
instanceKlass java/text/CalendarBuilder
instanceKlass java/text/ParsePosition
instanceKlass org/eclipse/jdt/ls/core/internal/LogReader
instanceKlass org/eclipse/lsp4j/jsonrpc/json/ConcurrentMessageProcessor$1
instanceKlass  @bci org/eclipse/jdt/ls/core/internal/handlers/WorkspaceEventsHandler <init> (Lorg/eclipse/jdt/ls/core/internal/managers/ProjectsManager;Lorg/eclipse/jdt/ls/core/internal/JavaClientConnection;Lorg/eclipse/jdt/ls/core/internal/handlers/BaseDocumentLifeCycleHandler;)V 35 <appendix> member <vmtarget> ; # org/eclipse/jdt/ls/core/internal/handlers/WorkspaceEventsHandler$$Lambda+0x000001f0812b6978
instanceKlass org/eclipse/jdt/ls/core/internal/handlers/WorkspaceEventsHandler
instanceKlass org/eclipse/lsp4j/jsonrpc/StandardLauncher
instanceKlass org/eclipse/lsp4j/jsonrpc/json/ConcurrentMessageProcessor
instanceKlass org/eclipse/lsp4j/jsonrpc/json/StreamMessageProducer
instanceKlass  @bci java/lang/reflect/Proxy getProxyConstructor (Ljava/lang/Class;Ljava/lang/ClassLoader;[Ljava/lang/Class;)Ljava/lang/reflect/Constructor; 80 <appendix> argL0 ; # java/lang/reflect/Proxy$$Lambda+0x000001f0812dc398
instanceKlass  @bci org/eclipse/lsp4j/jsonrpc/services/EndpointProxy <init> (Lorg/eclipse/lsp4j/jsonrpc/Endpoint;Ljava/util/Collection;)V 197 <appendix> member <vmtarget> ; # org/eclipse/lsp4j/jsonrpc/services/EndpointProxy$$Lambda+0x000001f081346238
instanceKlass  @bci org/eclipse/lsp4j/jsonrpc/services/EndpointProxy <init> (Lorg/eclipse/lsp4j/jsonrpc/Endpoint;Ljava/util/Collection;)V 178 <appendix> member <vmtarget> ; # org/eclipse/lsp4j/jsonrpc/services/EndpointProxy$$Lambda+0x000001f081346000
instanceKlass org/eclipse/lsp4j/jsonrpc/services/EndpointProxy
instanceKlass  @bci org/eclipse/lsp4j/jsonrpc/RemoteEndpoint <clinit> ()V 11 <appendix> argL0 ; # org/eclipse/lsp4j/jsonrpc/RemoteEndpoint$$Lambda+0x000001f081343a68
instanceKlass org/eclipse/lsp4j/jsonrpc/messages/ResponseError
instanceKlass org/eclipse/lsp4j/jsonrpc/RemoteEndpoint
instanceKlass  @bci java/lang/reflect/Executable sharedToString (IZ[Ljava/lang/Class;[Ljava/lang/Class;)Ljava/lang/String; 29 <appendix> argL0 ; # java/lang/reflect/Executable$$Lambda+0x000001f0812dc158
instanceKlass  @bci org/eclipse/lsp4j/jsonrpc/services/GenericEndpoint recursiveFindRpcMethods (Ljava/lang/Object;Ljava/util/Set;Ljava/util/Set;)V 24 <appendix> member <vmtarget> ; # org/eclipse/lsp4j/jsonrpc/services/GenericEndpoint$$Lambda+0x000001f0813421c8
instanceKlass  @cpi org/eclipse/lsp4j/jsonrpc/services/GenericEndpoint 383 form vmentry <vmtarget> ; # java/lang/invoke/LambdaForm$DMH+0x000001f081344000
instanceKlass  @bci org/eclipse/lsp4j/jsonrpc/services/GenericEndpoint lambda$recursiveFindRpcMethods$1 (Ljava/lang/Object;Lorg/eclipse/lsp4j/jsonrpc/services/AnnotationUtil$MethodInfo;)V 3 <appendix> member <vmtarget> ; # org/eclipse/lsp4j/jsonrpc/services/GenericEndpoint$$Lambda+0x000001f081341f80
instanceKlass  @bci org/eclipse/lsp4j/jsonrpc/services/GenericEndpoint recursiveFindRpcMethods (Ljava/lang/Object;Ljava/util/Set;Ljava/util/Set;)V 7 <appendix> member <vmtarget> ; # org/eclipse/lsp4j/jsonrpc/services/GenericEndpoint$$Lambda+0x000001f081341d48
instanceKlass org/eclipse/lsp4j/jsonrpc/services/GenericEndpoint
instanceKlass  @bci org/eclipse/jdt/ls/core/internal/ParentProcessWatcher apply (Lorg/eclipse/lsp4j/jsonrpc/MessageConsumer;)Lorg/eclipse/lsp4j/jsonrpc/MessageConsumer; 2 <appendix> member <vmtarget> ; # org/eclipse/jdt/ls/core/internal/ParentProcessWatcher$$Lambda+0x000001f0812b61b8
instanceKlass org/eclipse/lsp4j/jsonrpc/messages/Message
instanceKlass org/eclipse/lsp4j/jsonrpc/json/StreamMessageConsumer
instanceKlass org/eclipse/lsp4j/jsonrpc/json/MessageConstants
instanceKlass com/google/gson/Gson
instanceKlass org/eclipse/lsp4j/jsonrpc/json/adapters/MessageTypeAdapter$Factory
instanceKlass org/eclipse/lsp4j/jsonrpc/json/adapters/EnumTypeAdapter$Factory
instanceKlass org/eclipse/lsp4j/jsonrpc/json/adapters/TupleTypeAdapters$TwoTypeAdapterFactory
instanceKlass org/eclipse/lsp4j/jsonrpc/json/adapters/EitherTypeAdapter$Factory
instanceKlass org/eclipse/lsp4j/jsonrpc/json/adapters/ThrowableTypeAdapter$Factory
instanceKlass org/eclipse/lsp4j/jsonrpc/json/adapters/CollectionTypeAdapter$Factory
instanceKlass com/google/gson/internal/bind/ReflectiveTypeAdapterFactory$BoundField
instanceKlass com/google/gson/internal/bind/ReflectiveTypeAdapterFactory
instanceKlass com/google/gson/internal/bind/MapTypeAdapterFactory
instanceKlass com/google/gson/internal/bind/CollectionTypeAdapterFactory
instanceKlass com/google/gson/internal/bind/ArrayTypeAdapter$1
instanceKlass com/google/gson/internal/bind/JavaTimeTypeAdapters$14
instanceKlass com/google/gson/internal/bind/JavaTimeTypeAdapters
instanceKlass com/google/gson/internal/bind/TypeAdapters$FactorySupplier
instanceKlass com/google/gson/internal/bind/DefaultDateTypeAdapter$1
instanceKlass java/util/concurrent/atomic/AtomicLongArray
instanceKlass com/google/gson/internal/bind/NumberTypeAdapter$1
instanceKlass com/google/gson/internal/sql/SqlTimestampTypeAdapter$1
instanceKlass com/google/gson/internal/sql/SqlTimeTypeAdapter$1
instanceKlass com/google/gson/internal/sql/SqlDateTypeAdapter$1
instanceKlass com/google/gson/internal/bind/DefaultDateTypeAdapter$DateType
instanceKlass com/google/gson/internal/sql/SqlTypesSupport
instanceKlass com/google/gson/internal/bind/ObjectTypeAdapter$1
instanceKlass com/google/gson/internal/bind/EnumTypeAdapter$1
instanceKlass com/google/gson/internal/bind/TypeAdapters$32
instanceKlass java/util/Currency
instanceKlass com/google/gson/internal/bind/TypeAdapters$33
instanceKlass java/util/concurrent/atomic/AtomicIntegerArray
instanceKlass com/google/gson/internal/bind/TypeAdapters$31
instanceKlass java/util/BitSet
instanceKlass com/google/gson/internal/bind/TypeAdapters$30
instanceKlass com/google/gson/stream/JsonWriter
instanceKlass com/google/gson/stream/JsonReader
instanceKlass com/google/gson/internal/bind/TypeAdapters
instanceKlass com/google/gson/internal/Excluder
instanceKlass com/google/gson/internal/bind/JsonAdapterAnnotationTypeAdapterFactory$DummyTypeAdapterFactory
instanceKlass com/google/gson/internal/bind/JsonAdapterAnnotationTypeAdapterFactory
instanceKlass com/google/gson/internal/ObjectConstructor
instanceKlass com/google/gson/internal/ConstructorConstructor
instanceKlass com/google/gson/FormattingStyle
instanceKlass com/google/gson/ToNumberStrategy
instanceKlass com/google/gson/FieldNamingStrategy
instanceKlass com/google/gson/GsonBuilder
instanceKlass org/eclipse/lsp4j/jsonrpc/messages/CancelParams
instanceKlass org/eclipse/lsp4j/jsonrpc/json/MessageJsonHandler
instanceKlass org/eclipse/lsp4j/DidChangeNotebookDocumentParams
instanceKlass org/eclipse/lsp4j/DidOpenNotebookDocumentParams
instanceKlass org/eclipse/lsp4j/DidCloseNotebookDocumentParams
instanceKlass org/eclipse/lsp4j/DidSaveNotebookDocumentParams
instanceKlass org/eclipse/jdt/ls/core/internal/handlers/DocumentSymbolHandler
instanceKlass org/eclipse/jdt/ls/core/internal/handlers/CompletionResolveHandler
instanceKlass org/eclipse/jdt/ls/core/internal/handlers/NavigateToDefinitionHandler
instanceKlass org/eclipse/jdt/ls/core/internal/handlers/CompletionHandler
instanceKlass org/eclipse/jdt/ls/core/internal/handlers/HoverHandler
instanceKlass org/eclipse/jdt/ls/core/internal/handlers/NavigateToTypeDefinitionHandler
instanceKlass org/eclipse/lsp4j/TextDocumentIdentifier
instanceKlass org/eclipse/lsp4j/WorkspaceDiagnosticReport
instanceKlass org/eclipse/lsp4j/TextDocumentContentResult
instanceKlass org/eclipse/lsp4j/adapters/WorkspaceSymbolResponseAdapter
instanceKlass org/eclipse/lsp4j/DeleteFilesParams
instanceKlass org/eclipse/lsp4j/CreateFilesParams
instanceKlass org/eclipse/lsp4j/RenameFilesParams
instanceKlass org/eclipse/lsp4j/WorkspaceSymbol
instanceKlass org/eclipse/lsp4j/TextDocumentContentParams
instanceKlass org/eclipse/lsp4j/DidChangeWorkspaceFoldersParams
instanceKlass org/eclipse/lsp4j/DidChangeConfigurationParams
instanceKlass org/eclipse/lsp4j/DidChangeWatchedFilesParams
instanceKlass org/eclipse/lsp4j/Moniker
instanceKlass org/eclipse/lsp4j/adapters/DocumentDiagnosticReportTypeAdapter
instanceKlass org/eclipse/lsp4j/SignatureHelp
instanceKlass org/eclipse/lsp4j/FoldingRange
instanceKlass  @bci org/eclipse/core/runtime/ServiceCaller callOnce (Ljava/lang/Class;Ljava/lang/Class;Ljava/lang/String;Ljava/util/function/Consumer;)Z 14 <appendix> member <vmtarget> ; # org/eclipse/core/runtime/ServiceCaller$$Lambda+0x000001f0811a53f0
instanceKlass  @bci org/eclipse/core/internal/content/ContentTypeManager$DebuggingHolder <clinit> ()V 9 <appendix> member <vmtarget> ; # org/eclipse/core/internal/content/ContentTypeManager$DebuggingHolder$$Lambda+0x000001f081319b50
instanceKlass org/eclipse/lsp4j/InlineCompletionList
instanceKlass  @cpi org/eclipse/core/internal/content/ContentTypeManager$DebuggingHolder 59 form vmentry <vmtarget> ; # java/lang/invoke/LambdaForm$DMH+0x000001f081321000
instanceKlass org/eclipse/lsp4j/InlineCompletionItem
instanceKlass org/eclipse/core/internal/content/ContentTypeManager$DebuggingHolder
instanceKlass org/eclipse/lsp4j/InlineValueEvaluatableExpression
instanceKlass org/eclipse/lsp4j/InlineValueVariableLookup
instanceKlass  @bci org/eclipse/core/internal/resources/MarkerManager visitorRemoveMarkers (Lorg/eclipse/core/runtime/IPath;Ljava/lang/String;Z)V 3 <adapter> ; # java/lang/invoke/LambdaForm$MH+0x000001f081320c00
# instanceKlass java/lang/invoke/LambdaForm$DMH+0x000001f081320800
instanceKlass  @bci org/eclipse/core/internal/resources/MarkerManager visitorRemoveMarkers (Lorg/eclipse/core/runtime/IPath;Ljava/lang/String;Z)V 3 <appendix> form vmentry <vmtarget> ; # java/lang/invoke/LambdaForm$DMH+0x000001f081320400
instanceKlass org/eclipse/lsp4j/adapters/InlineValueResponseAdapter
instanceKlass  @bci org/eclipse/core/internal/content/ContentTypeBuilder applyPreferences (Lorg/eclipse/core/internal/content/ContentTypeCatalog;Lorg/eclipse/core/runtime/preferences/IEclipsePreferences;Z)V 4 <appendix> member <vmtarget> ; # org/eclipse/core/internal/content/ContentTypeBuilder$$Lambda+0x000001f081319720
instanceKlass  @cpi org/eclipse/core/internal/content/ContentTypeBuilder 413 form vmentry <vmtarget> ; # java/lang/invoke/LambdaForm$DMH+0x000001f081320000
instanceKlass org/eclipse/lsp4j/ColorPresentation
instanceKlass org/eclipse/core/runtime/preferences/IPreferenceNodeVisitor
instanceKlass org/eclipse/lsp4j/PrepareRenameDefaultBehavior
instanceKlass org/eclipse/lsp4j/PrepareRenameResult
instanceKlass org/eclipse/core/internal/content/FileSpec
instanceKlass org/eclipse/lsp4j/Range
instanceKlass org/eclipse/lsp4j/adapters/PrepareRenameResponseAdapter
instanceKlass org/eclipse/lsp4j/SelectionRange
instanceKlass org/eclipse/core/internal/content/ContentType
instanceKlass org/eclipse/lsp4j/ColorInformation
instanceKlass org/eclipse/lsp4j/LinkedEditingRanges
instanceKlass org/eclipse/core/internal/content/Util
instanceKlass org/eclipse/lsp4j/DocumentSymbol
instanceKlass org/eclipse/lsp4j/SymbolInformation
instanceKlass  @bci org/eclipse/core/internal/content/ContentTypeCatalog <init> (Lorg/eclipse/core/internal/content/ContentTypeManager;I)V 118 <appendix> argL0 ; # org/eclipse/core/internal/content/ContentTypeCatalog$$Lambda+0x000001f08115f6b8
instanceKlass  @bci org/eclipse/core/internal/content/ContentTypeCatalog <init> (Lorg/eclipse/core/internal/content/ContentTypeManager;I)V 109 <appendix> argL0 ; # org/eclipse/core/internal/content/ContentTypeCatalog$$Lambda+0x000001f08115f420
instanceKlass  @bci org/eclipse/core/internal/content/ContentTypeCatalog <init> (Lorg/eclipse/core/internal/content/ContentTypeManager;I)V 100 <appendix> argL0 ; # org/eclipse/core/internal/content/ContentTypeCatalog$$Lambda+0x000001f08115f188
instanceKlass org/eclipse/lsp4j/adapters/DocumentSymbolResponseAdapter
instanceKlass  @bci org/eclipse/core/internal/content/ContentTypeCatalog <init> (Lorg/eclipse/core/internal/content/ContentTypeManager;I)V 91 <appendix> argL0 ; # org/eclipse/core/internal/content/ContentTypeCatalog$$Lambda+0x000001f08115eef0
instanceKlass  @bci org/eclipse/core/internal/content/ContentTypeCatalog <init> (Lorg/eclipse/core/internal/content/ContentTypeManager;I)V 82 <appendix> argL0 ; # org/eclipse/core/internal/content/ContentTypeCatalog$$Lambda+0x000001f08115ec58
instanceKlass org/eclipse/jdt/internal/core/index/Index
instanceKlass org/eclipse/lsp4j/TextEdit
instanceKlass org/eclipse/lsp4j/SemanticTokensDelta
instanceKlass org/eclipse/lsp4j/SemanticTokens
instanceKlass sun/nio/cs/ThreadLocalCoders$Cache
instanceKlass sun/nio/cs/ThreadLocalCoders
instanceKlass org/eclipse/lsp4j/adapters/SemanticTokensFullDeltaResponseAdapter
instanceKlass org/eclipse/lsp4j/CallHierarchyItem
instanceKlass org/eclipse/lsp4j/CallHierarchyOutgoingCall
instanceKlass org/eclipse/lsp4j/TypeHierarchyItem
instanceKlass org/eclipse/lsp4j/CallHierarchyIncomingCall
instanceKlass org/eclipse/lsp4j/Hover
instanceKlass org/eclipse/lsp4j/Command
instanceKlass org/eclipse/jdt/internal/compiler/env/IBinaryType
instanceKlass org/eclipse/lsp4j/adapters/CodeActionResponseAdapter
instanceKlass org/eclipse/lsp4j/CompletionList
instanceKlass org/eclipse/jdt/core/search/SearchMatch
instanceKlass org/eclipse/lsp4j/LocationLink
instanceKlass org/eclipse/lsp4j/Location
instanceKlass com/google/gson/internal/GsonTypes$WildcardTypeImpl
instanceKlass com/google/gson/internal/GsonTypes$ParameterizedTypeImpl
instanceKlass com/google/gson/internal/GsonTypes
instanceKlass com/google/gson/TypeAdapter
instanceKlass com/google/gson/reflect/TypeToken
instanceKlass java/lang/reflect/WildcardType
instanceKlass sun/reflect/generics/tree/Wildcard
instanceKlass sun/reflect/generics/tree/BottomSignature
instanceKlass org/eclipse/lsp4j/adapters/LocationLinkListAdapter
instanceKlass com/google/gson/TypeAdapterFactory
instanceKlass org/eclipse/lsp4j/WorkspaceEdit
instanceKlass org/eclipse/jdt/internal/compiler/lookup/IQualifiedTypeResolutionListener
instanceKlass org/eclipse/jdt/internal/core/search/matching/MatchLocator
instanceKlass org/eclipse/lsp4j/DocumentRangeFormattingParams
instanceKlass org/eclipse/lsp4j/InlineValueParams
instanceKlass org/eclipse/lsp4j/CodeLens
instanceKlass org/eclipse/lsp4j/InlayHint
instanceKlass org/eclipse/jdt/internal/core/search/IndexSelector
instanceKlass org/eclipse/jdt/core/search/SearchDocument
instanceKlass  @bci org/eclipse/jdt/internal/core/search/PatternSearchJob createExecutor (I)Ljava/util/concurrent/ForkJoinPool; 13 <appendix> argL0 ; # org/eclipse/jdt/internal/core/search/PatternSearchJob$$Lambda+0x000001f081314ca0
instanceKlass org/eclipse/jdt/internal/core/search/PatternSearchJob$1
instanceKlass org/eclipse/jdt/internal/core/search/PatternSearchJob
instanceKlass org/eclipse/jdt/internal/core/search/matching/TypeDeclarationPattern$PackageNameSet
instanceKlass org/eclipse/lsp4j/DocumentRangesFormattingParams
instanceKlass org/eclipse/lsp4j/CodeAction
instanceKlass org/eclipse/lsp4j/WillSaveTextDocumentParams
instanceKlass org/eclipse/lsp4j/DocumentLink
instanceKlass org/eclipse/jdt/internal/core/search/TypeNameRequestorWrapper
instanceKlass org/eclipse/jdt/internal/core/search/AbstractSearchScope
instanceKlass org/eclipse/lsp4j/CompletionItem
instanceKlass org/eclipse/jdt/core/search/ISearchPattern
instanceKlass org/eclipse/jdt/internal/core/search/IRestrictedAccessMethodRequestor
instanceKlass org/eclipse/jdt/core/search/SearchEngine
instanceKlass org/eclipse/lsp4j/DidChangeTextDocumentParams
instanceKlass org/eclipse/lsp4j/DidOpenTextDocumentParams
instanceKlass org/eclipse/lsp4j/DidCloseTextDocumentParams
instanceKlass org/eclipse/lsp4j/InlayHintParams
instanceKlass org/eclipse/lsp4j/WorkDoneProgressAndPartialResultParams
instanceKlass org/eclipse/lsp4j/DidSaveTextDocumentParams
instanceKlass org/eclipse/lsp4j/DocumentFormattingParams
instanceKlass org/eclipse/jdt/internal/launching/JREContainer$1
instanceKlass org/eclipse/jdt/internal/launching/JREContainer
instanceKlass  @bci org/eclipse/jdt/internal/core/JavaModelManager variableNames ()[Ljava/lang/String; 7 <appendix> argL0 ; # org/eclipse/jdt/internal/core/JavaModelManager$$Lambda+0x000001f081279d48
instanceKlass  @bci org/eclipse/jdt/launching/AbstractVMInstallType getVMInstalls ()[Lorg/eclipse/jdt/launching/IVMInstall; 4 <appendix> argL0 ; # org/eclipse/jdt/launching/AbstractVMInstallType$$Lambda+0x000001f0813063c8
instanceKlass org/eclipse/lsp4j/InitializeResult
instanceKlass  @bci org/eclipse/jdt/launching/VMStandin convertToRealVM ()Lorg/eclipse/jdt/launching/IVMInstall; 155 <appendix> member <vmtarget> ; # org/eclipse/jdt/launching/VMStandin$$Lambda+0x000001f081305c20
instanceKlass  @cpi org/eclipse/jdt/launching/VMStandin 173 form vmentry <vmtarget> ; # java/lang/invoke/LambdaForm$DMH+0x000001f08130a000
instanceKlass org/eclipse/lsp4j/WorkDoneProgressCancelParams
instanceKlass org/eclipse/lsp4j/services/NotebookDocumentService
instanceKlass org/eclipse/jdt/launching/IVMRunner
instanceKlass org/eclipse/lsp4j/SetTraceParams
instanceKlass org/eclipse/lsp4j/InitializedParams
instanceKlass org/eclipse/jdt/internal/launching/CompositeId
instanceKlass org/eclipse/lsp4j/InitializeParams
instanceKlass org/eclipse/jdt/ls/core/internal/JavaClientConnection
instanceKlass org/eclipse/lsp4j/jsonrpc/CancelChecker
instanceKlass jdk/internal/vm/annotation/IntrinsicCandidate
instanceKlass java/lang/Deprecated
instanceKlass org/eclipse/lsp4j/jsonrpc/json/JsonRpcMethodProvider
instanceKlass org/eclipse/lsp4j/jsonrpc/services/JsonDelegate
instanceKlass  @bci org/eclipse/lsp4j/jsonrpc/services/ServiceEndpoints getSupportedMethods (Ljava/lang/Class;Ljava/util/Set;)Ljava/util/Map; 29 <appendix> member <vmtarget> ; # org/eclipse/lsp4j/jsonrpc/services/ServiceEndpoints$$Lambda+0x000001f0813019a8
instanceKlass org/eclipse/jdt/ls/core/internal/StatusReport
instanceKlass org/eclipse/jdt/ls/core/internal/ProgressReport
instanceKlass org/eclipse/jdt/ls/core/internal/EventNotification
instanceKlass org/eclipse/jdt/ls/core/internal/ActionableNotification
instanceKlass org/eclipse/lsp4j/ExecuteCommandParams
instanceKlass org/eclipse/lsp4j/WorkspaceFolder
instanceKlass org/eclipse/lsp4j/ShowDocumentResult
instanceKlass org/eclipse/lsp4j/MessageActionItem
instanceKlass org/eclipse/jdt/ls/core/internal/javafx/FXLibraryLocationResolver
instanceKlass org/eclipse/lsp4j/ApplyWorkspaceEditResponse
instanceKlass org/eclipse/jdt/internal/launching/JavaFxLibraryResolver
instanceKlass org/eclipse/jdt/launching/ILibraryLocationResolver
instanceKlass  @bci org/eclipse/jdt/internal/launching/StandardVMType getLibraryLocationResolvers ()[Lorg/eclipse/jdt/launching/ILibraryLocationResolver; 27 <appendix> argL0 ; # org/eclipse/jdt/internal/launching/StandardVMType$$Lambda+0x000001f0813049f0
instanceKlass org/eclipse/lsp4j/jsonrpc/services/JsonNotification
instanceKlass org/eclipse/lsp4j/jsonrpc/json/JsonRpcMethod
instanceKlass org/eclipse/lsp4j/jsonrpc/json/ResponseJsonAdapter
instanceKlass sun/reflect/generics/reflectiveObjects/LazyReflectiveObjectGenerator
instanceKlass org/eclipse/jdt/launching/LibraryLocation
instanceKlass sun/reflect/generics/tree/TypeVariableSignature
instanceKlass sun/reflect/generics/tree/ClassSignature
instanceKlass sun/reflect/generics/reflectiveObjects/ParameterizedTypeImpl
instanceKlass java/lang/reflect/ParameterizedType
instanceKlass sun/reflect/generics/tree/MethodTypeSignature
instanceKlass sun/reflect/generics/tree/Signature
instanceKlass sun/reflect/generics/tree/FormalTypeParameter
instanceKlass sun/reflect/generics/repository/AbstractRepository
instanceKlass org/eclipse/osgi/internal/url/URLStreamHandlerProxy$1
instanceKlass  @bci org/eclipse/lsp4j/jsonrpc/services/AnnotationUtil getParameterTypes (Ljava/lang/reflect/Method;)[Ljava/lang/reflect/Type; 17 <appendix> argL0 ; # org/eclipse/lsp4j/jsonrpc/services/AnnotationUtil$$Lambda+0x000001f081300ef0
instanceKlass org/eclipse/osgi/internal/url/URLStreamHandlerSetter
instanceKlass  @bci org/eclipse/lsp4j/jsonrpc/services/AnnotationUtil getParameterTypes (Ljava/lang/reflect/Method;)[Ljava/lang/reflect/Type; 7 <appendix> argL0 ; # org/eclipse/lsp4j/jsonrpc/services/AnnotationUtil$$Lambda+0x000001f081300cb0
instanceKlass org/eclipse/osgi/internal/url/NullURLStreamHandlerService
instanceKlass org/osgi/service/url/URLStreamHandlerSetter
instanceKlass  @bci org/eclipse/osgi/internal/url/URLStreamHandlerFactoryImpl createInternalURLStreamHandler (Ljava/lang/String;)Ljava/net/URLStreamHandler; 18 <appendix> member <vmtarget> ; # org/eclipse/osgi/internal/url/URLStreamHandlerFactoryImpl$$Lambda+0x000001f0811866d0
instanceKlass  @bci org/eclipse/equinox/plurl/impl/PlurlImpl$PlurlFactoryHolder getHandler (Ljava/lang/String;)Ljava/lang/Object; 35 <appendix> member <vmtarget> ; # org/eclipse/equinox/plurl/impl/PlurlImpl$PlurlFactoryHolder$$Lambda+0x000001f081186488
instanceKlass org/eclipse/equinox/plurl/impl/PlurlImpl$4
instanceKlass org/eclipse/lsp4j/jsonrpc/services/JsonRequest
instanceKlass org/eclipse/lsp4j/WorkDoneProgressCreateParams
instanceKlass org/eclipse/lsp4j/ShowDocumentParams
instanceKlass org/eclipse/jdt/internal/launching/LibraryInfo
instanceKlass org/eclipse/lsp4j/ProgressParams
instanceKlass org/eclipse/lsp4j/LogTraceParams
instanceKlass org/eclipse/lsp4j/ApplyWorkspaceEditParams
instanceKlass org/eclipse/lsp4j/TextDocumentContentRefreshParams
instanceKlass org/eclipse/lsp4j/MessageParams
instanceKlass org/eclipse/lsp4j/UnregistrationParams
instanceKlass org/eclipse/lsp4j/PublishDiagnosticsParams
instanceKlass org/eclipse/lsp4j/RegistrationParams
instanceKlass java/util/concurrent/CompletableFuture
instanceKlass org/eclipse/lsp4j/ConfigurationParams
instanceKlass org/eclipse/lsp4j/jsonrpc/services/JsonSegment
instanceKlass org/eclipse/lsp4j/jsonrpc/services/AnnotationUtil
instanceKlass org/eclipse/jdt/launching/AbstractVMInstall
instanceKlass  @bci org/eclipse/lsp4j/jsonrpc/services/ServiceEndpoints getSupportedMethods (Ljava/lang/Class;Ljava/util/Set;)Ljava/util/Map; 11 <appendix> member <vmtarget> ; # org/eclipse/lsp4j/jsonrpc/services/ServiceEndpoints$$Lambda+0x000001f081300210
instanceKlass org/eclipse/jdt/launching/IVMInstall3
instanceKlass org/eclipse/jdt/launching/IVMInstall2
instanceKlass org/eclipse/lsp4j/jsonrpc/services/AnnotationUtil$MethodInfo
instanceKlass org/eclipse/lsp4j/jsonrpc/services/ServiceEndpoints
instanceKlass org/eclipse/lsp4j/jsonrpc/json/MethodProvider
instanceKlass org/eclipse/lsp4j/jsonrpc/Endpoint
instanceKlass org/eclipse/lsp4j/jsonrpc/MessageProducer
instanceKlass org/eclipse/lsp4j/jsonrpc/MessageConsumer
instanceKlass org/eclipse/lsp4j/jsonrpc/MessageIssueHandler
instanceKlass org/eclipse/jdt/internal/launching/VMDefinitionsContainer
instanceKlass  @bci org/eclipse/jdt/internal/launching/StandardVMType <clinit> ()V 78 <appendix> argL0 ; # org/eclipse/jdt/internal/launching/StandardVMType$$Lambda+0x000001f0812b9c98
instanceKlass org/eclipse/lsp4j/jsonrpc/Launcher$Builder
instanceKlass  @bci org/eclipse/jdt/internal/launching/StandardVMType <clinit> ()V 0 <appendix> argL0 ; # org/eclipse/jdt/internal/launching/StandardVMType$$Lambda+0x000001f0812b9a78
instanceKlass org/eclipse/lsp4j/jsonrpc/Launcher
instanceKlass org/eclipse/jdt/ls/core/internal/JavaClientConnection$JavaLanguageClient
instanceKlass org/eclipse/jdt/ls/core/internal/lsp/ExecuteCommandProposedClient
instanceKlass org/eclipse/lsp4j/services/LanguageClient
instanceKlass org/eclipse/jdt/launching/AbstractVMInstallType
instanceKlass org/eclipse/jdt/launching/IVMInstallType
instanceKlass org/eclipse/debug/core/model/ISourceLocator
instanceKlass org/eclipse/jdt/internal/launching/sourcelookup/advanced/AdvancedSourceLookupSupport
instanceKlass org/eclipse/debug/internal/core/groups/GroupMemberChangeListener
instanceKlass org/eclipse/core/internal/watson/ElementTreeIterator
instanceKlass  @bci org/eclipse/core/internal/resources/Resource accept (Lorg/eclipse/core/resources/IResourceProxyVisitor;II)V 50 <adapter> ; # java/lang/invoke/LambdaForm$MH+0x000001f0812b8c00
# instanceKlass java/lang/invoke/LambdaForm$DMH+0x000001f0812b8800
instanceKlass  @bci org/eclipse/core/internal/resources/Resource accept (Lorg/eclipse/core/resources/IResourceProxyVisitor;II)V 50 <appendix> form vmentry <vmtarget> ; # java/lang/invoke/LambdaForm$DMH+0x000001f0812b8400
instanceKlass  @bci org/eclipse/core/internal/resources/Resource accept (Lorg/eclipse/core/resources/IResourceProxyVisitor;II)V 50 <appendix> member <vmtarget> ; # org/eclipse/core/internal/resources/Resource$$Lambda+0x000001f0812bc000
instanceKlass  @cpi org/eclipse/core/internal/resources/Resource 1633 form vmentry <vmtarget> ; # java/lang/invoke/LambdaForm$DMH+0x000001f0812b8000
instanceKlass org/eclipse/core/internal/resources/ResourceProxy
instanceKlass org/eclipse/debug/internal/core/LaunchManager$ResourceProxyVisitor
instanceKlass org/eclipse/core/resources/IResourceProxyVisitor
instanceKlass org/eclipse/debug/core/ILaunchDelegate
instanceKlass org/eclipse/debug/core/ILaunchMode
instanceKlass org/eclipse/debug/core/ILaunchConfiguration
instanceKlass org/eclipse/jdt/launching/StandardClasspathProvider
instanceKlass org/eclipse/jdt/launching/IVMConnector
instanceKlass org/eclipse/jdt/launching/IRuntimeClasspathEntry
instanceKlass org/eclipse/jdt/launching/IRuntimeClasspathEntryResolver
instanceKlass org/eclipse/jdt/launching/environments/IExecutionEnvironmentsManager
instanceKlass org/eclipse/jdt/launching/IVMInstall
instanceKlass org/eclipse/jdt/launching/IRuntimeClasspathProvider
instanceKlass org/eclipse/jdt/launching/JavaRuntime
instanceKlass org/eclipse/jdt/ls/core/internal/ParentProcessWatcher
instanceKlass sun/nio/ch/PendingIoCache
instanceKlass sun/nio/ch/Invoker$GroupAndInvokeCount
instanceKlass org/eclipse/jdt/internal/launching/LaunchingPlugin$1$1
instanceKlass sun/nio/ch/Invoker
instanceKlass sun/nio/ch/AsynchronousChannelGroupImpl$1
instanceKlass sun/nio/ch/AsynchronousChannelGroupImpl$2
instanceKlass sun/nio/ch/Iocp$EventHandlerTask
instanceKlass  @bci sun/nio/ch/ThreadPool defaultThreadFactory ()Ljava/util/concurrent/ThreadFactory; 6 <appendix> argL0 ; # sun/nio/ch/ThreadPool$$Lambda+0x000001f0812d41c0
instanceKlass sun/nio/ch/ThreadPool
instanceKlass sun/nio/ch/Iocp$CompletionStatus
instanceKlass java/nio/channels/AsynchronousChannelGroup
instanceKlass org/eclipse/debug/core/model/IDebugElement
instanceKlass sun/nio/ch/WindowsAsynchronousFileChannelImpl$DefaultIocpHolder
instanceKlass org/eclipse/debug/core/ILaunch
instanceKlass org/eclipse/debug/core/model/ISuspendResume
instanceKlass org/eclipse/debug/core/model/IStepFilters
instanceKlass sun/nio/ch/Groupable
instanceKlass org/eclipse/debug/core/model/IStep
instanceKlass sun/nio/ch/Iocp$OverlappedChannel
instanceKlass org/eclipse/debug/core/model/IDropToFrame
instanceKlass  @bci org/eclipse/core/internal/runtime/AdapterManager registerFactory (Lorg/eclipse/core/runtime/IAdapterFactory;Ljava/lang/String;)V 5 <appendix> argL0 ; # org/eclipse/core/internal/runtime/AdapterManager$$Lambda+0x000001f0811a51b0
instanceKlass org/eclipse/debug/core/model/IDisconnect
instanceKlass java/nio/channels/AsynchronousFileChannel
instanceKlass java/net/ProtocolFamily
instanceKlass org/eclipse/jdt/ls/core/internal/ConnectionStreamFactory$PipeStreamProvider
instanceKlass org/eclipse/debug/internal/core/commands/ForEachCommand$ExclusiveRule
instanceKlass  @bci org/eclipse/jdt/ls/core/internal/ConnectionStreamFactory getPipeFile ()Ljava/io/File; 58 <appendix> argL0 ; # org/eclipse/jdt/ls/core/internal/ConnectionStreamFactory$$Lambda+0x000001f0812976a8
instanceKlass org/eclipse/debug/core/commands/AbstractDebugCommand
instanceKlass java/lang/ProcessHandleImpl$Info
instanceKlass java/lang/ProcessHandle$Info
instanceKlass org/eclipse/debug/core/commands/IStepFiltersHandler
instanceKlass  @bci java/lang/ProcessHandleImpl lambda$static$1 ()Ljava/util/concurrent/Executor; 45 <appendix> form vmentry <vmtarget> ; # java/lang/invoke/LambdaForm$DMH+0x000001f0812aa800
instanceKlass org/eclipse/debug/core/commands/IResumeHandler
instanceKlass org/eclipse/debug/core/commands/ISuspendHandler
instanceKlass org/eclipse/debug/core/commands/IDisconnectHandler
instanceKlass  @bci java/lang/ProcessHandleImpl lambda$static$1 ()Ljava/util/concurrent/Executor; 45 <appendix> member <vmtarget> ; # java/lang/ProcessHandleImpl$$Lambda+0x000001f0812d1bf8
instanceKlass org/eclipse/debug/core/commands/IDropToFrameHandler
instanceKlass  @cpi java/lang/ProcessHandleImpl 436 form vmentry <vmtarget> ; # java/lang/invoke/LambdaForm$DMH+0x000001f0812aa400
instanceKlass org/eclipse/debug/core/commands/IStepReturnHandler
instanceKlass org/eclipse/debug/core/commands/IStepIntoHandler
instanceKlass org/eclipse/debug/core/commands/IStepOverHandler
# instanceKlass java/lang/invoke/LambdaForm$DMH+0x000001f0812aa000
instanceKlass org/eclipse/debug/core/commands/ITerminateHandler
instanceKlass org/eclipse/debug/core/commands/IDebugCommandHandler
instanceKlass  @bci java/lang/ProcessHandleImpl <clinit> ()V 32 <appendix> argL0 ; # java/lang/ProcessHandleImpl$$Lambda+0x000001f0812d19d8
instanceKlass org/eclipse/debug/internal/core/commands/CommandAdapterFactory
instanceKlass java/lang/ProcessHandleImpl
instanceKlass java/lang/ProcessHandle
instanceKlass org/eclipse/debug/core/DebugPlugin$1$1
instanceKlass org/eclipse/jdt/ls/core/internal/ConnectionStreamFactory$StreamProvider
instanceKlass org/eclipse/jdt/ls/core/internal/ConnectionStreamFactory
instanceKlass org/eclipse/debug/internal/core/DebugOptions
instanceKlass org/eclipse/jdt/core/manipulation/CoreASTProvider$WAIT_FLAG
instanceKlass org/eclipse/debug/core/DebugPlugin$AsynchRunner
instanceKlass org/eclipse/jdt/core/manipulation/CoreASTProvider
instanceKlass org/eclipse/debug/core/DebugPlugin$EventNotifier
instanceKlass org/eclipse/jdt/ls/core/internal/MovingAverage
instanceKlass org/eclipse/jdt/ls/core/internal/handlers/BaseDiagnosticsHandler
instanceKlass org/eclipse/jdt/core/IProblemRequestor
instanceKlass org/eclipse/debug/core/model/IProcess
instanceKlass org/eclipse/debug/core/model/ITerminate
instanceKlass org/eclipse/debug/core/ILaunchManager
instanceKlass org/eclipse/debug/core/ILaunchConfigurationListener
instanceKlass org/eclipse/jdt/ls/core/internal/handlers/BaseDocumentLifeCycleHandler
instanceKlass org/eclipse/debug/core/IMemoryBlockManager
instanceKlass org/eclipse/debug/core/IExpressionManager
instanceKlass org/eclipse/debug/core/IBreakpointManager
instanceKlass org/eclipse/lsp4j/WorkDoneProgressParams
instanceKlass org/eclipse/lsp4j/PartialResultParams
instanceKlass org/eclipse/debug/core/IDebugEventSetListener
instanceKlass org/eclipse/lsp4j/TextDocumentPositionParams
instanceKlass org/eclipse/debug/core/ILaunchesListener
instanceKlass java/util/concurrent/Executors$DefaultThreadFactory
instanceKlass org/eclipse/jdt/launching/IVMInstallChangedListener
instanceKlass org/eclipse/jdt/ls/core/internal/ProjectUtils
instanceKlass org/eclipse/jdt/core/ClasspathContainerInitializer
instanceKlass com/google/gson/JsonElement
instanceKlass org/eclipse/jdt/internal/core/JavaModelManager$10
instanceKlass org/eclipse/jdt/ls/core/internal/managers/TelemetryManager
instanceKlass org/eclipse/jdt/ls/core/internal/JobHelpers$ProjectRegistryRefreshJobMatcher
instanceKlass org/eclipse/jdt/ls/core/internal/JobHelpers$IJobMatcher
instanceKlass org/eclipse/jdt/ls/core/internal/JobHelpers
instanceKlass org/eclipse/core/runtime/jobs/ProgressProvider
instanceKlass org/eclipse/jdt/ls/core/internal/LanguageServerApplication
instanceKlass org/eclipse/equinox/app/IApplication
instanceKlass org/eclipse/core/runtime/internal/adaptor/EclipseAppLauncher
instanceKlass org/eclipse/jdt/ls/core/internal/handlers/BundleUtils
instanceKlass org/eclipse/equinox/internal/security/storage/SecurePreferencesWrapper
instanceKlass org/eclipse/equinox/security/storage/ISecurePreferences
instanceKlass org/eclipse/equinox/internal/security/storage/SecurePreferencesContainer
instanceKlass  @bci org/eclipse/equinox/internal/security/storage/SecurePreferencesRoot load ()V 241 <appendix> member <vmtarget> ; # org/eclipse/equinox/internal/security/storage/SecurePreferencesRoot$$Lambda+0x000001f0812a1348
instanceKlass javax/crypto/spec/PBEKeySpec
instanceKlass org/eclipse/equinox/internal/security/storage/PasswordExt
instanceKlass org/eclipse/equinox/internal/security/storage/JavaEncryption
instanceKlass org/eclipse/equinox/security/storage/provider/IPreferencesContainer
instanceKlass org/eclipse/equinox/internal/security/storage/SecurePreferences
instanceKlass org/eclipse/equinox/internal/security/storage/friends/IStorageConstants
instanceKlass org/eclipse/equinox/internal/security/storage/StorageUtils
instanceKlass org/eclipse/equinox/internal/security/storage/SecurePreferencesMapper
instanceKlass org/eclipse/equinox/security/storage/SecurePreferencesFactory
instanceKlass com/sun/jna/Function$PostCallRead
instanceKlass com/sun/jna/NativeString
instanceKlass com/sun/jna/Library$Handler$FunctionInfo
instanceKlass com/sun/jna/internal/ReflectionUtils
instanceKlass com/sun/jna/Native$4
instanceKlass com/sun/jna/Library$Handler
instanceKlass com/sun/jna/win32/W32APIFunctionMapper
instanceKlass com/sun/jna/FunctionMapper
instanceKlass com/sun/jna/win32/W32APIOptions
instanceKlass org/eclipse/core/net/internal/proxy/win32/ProxyProviderWin32$WinHttp
instanceKlass com/sun/jna/win32/StdCallLibrary
instanceKlass com/sun/jna/win32/StdCall
instanceKlass com/sun/jna/AltCallingConvention
instanceKlass org/eclipse/core/internal/net/ProxyData
instanceKlass org/eclipse/equinox/internal/security/auth/AuthPlugin
instanceKlass org/eclipse/core/internal/net/ProxyType
instanceKlass org/eclipse/core/net/proxy/IProxyChangeEvent
instanceKlass org/eclipse/core/internal/net/AbstractProxyProvider
instanceKlass org/eclipse/core/internal/net/ProxyManager
instanceKlass org/eclipse/core/net/proxy/IProxyService
instanceKlass  @bci org/eclipse/core/internal/net/Policy <clinit> ()V 8 <appendix> argL0 ; # org/eclipse/core/internal/net/Policy$$Lambda+0x000001f081291618
instanceKlass org/eclipse/core/internal/net/Policy
instanceKlass org/eclipse/core/net/proxy/IProxyData
instanceKlass org/eclipse/core/internal/net/PreferenceManager
instanceKlass org/eclipse/core/internal/net/Activator
instanceKlass org/eclipse/core/internal/net/ProxySelector
instanceKlass java/text/DontCareFieldPosition$1
instanceKlass org/eclipse/osgi/internal/log/ExtendedLogEntryImpl
instanceKlass org/eclipse/equinox/log/ExtendedLogEntry
instanceKlass java/lang/StackTraceElement$HashedModules
instanceKlass org/eclipse/osgi/framework/log/FrameworkLogEntry
instanceKlass org/eclipse/jdt/ls/core/internal/DiagnosticsState
instanceKlass org/eclipse/jdt/ls/core/internal/managers/ContentProviderManager
instanceKlass org/eclipse/jdt/ls/core/internal/managers/DigestStore
instanceKlass org/eclipse/lsp4j/jsonrpc/messages/Either
instanceKlass org/eclipse/text/templates/TemplateStoreCore
instanceKlass com/sun/org/apache/xml/internal/serializer/WriterChain
instanceKlass com/sun/org/apache/xalan/internal/xsltc/trax/DOM2TO
instanceKlass javax/xml/transform/stax/StAXSource
instanceKlass javax/xml/transform/sax/SAXSource
instanceKlass javax/xml/transform/stream/StreamSource
instanceKlass com/sun/org/apache/xml/internal/serializer/NamespaceMappings$MappingRecord
instanceKlass com/sun/org/apache/xml/internal/serializer/NamespaceMappings
instanceKlass sun/nio/cs/DelegatableDecoder
instanceKlass java/nio/charset/Charset$1
instanceKlass java/nio/charset/Charset$2
instanceKlass java/nio/charset/Charset$ThreadTrackHolder
instanceKlass java/nio/charset/Charset$ExtendedProviderHolder$1
instanceKlass java/nio/charset/Charset$ExtendedProviderHolder
instanceKlass  @bci jdk/xml/internal/SecuritySupport getResourceAsStream (Ljava/lang/String;)Ljava/io/InputStream; 1 <appendix> member <vmtarget> ; # jdk/xml/internal/SecuritySupport$$Lambda+0x000001f0812caab8
instanceKlass com/sun/org/apache/xml/internal/serializer/Encodings$EncodingInfos
instanceKlass com/sun/org/apache/xml/internal/serializer/Encodings
instanceKlass com/sun/org/apache/xml/internal/serializer/ToStream$CharacterBuffer
instanceKlass com/sun/org/apache/xml/internal/serializer/EncodingInfo
instanceKlass com/sun/org/apache/xml/internal/serializer/ToStream$BoolStack
instanceKlass com/sun/org/apache/xml/internal/serializer/ElemContext
instanceKlass org/xml/sax/helpers/AttributesImpl
instanceKlass com/sun/org/apache/xml/internal/serializer/CharInfo$CharKey
instanceKlass sun/util/ResourceBundleEnumeration
instanceKlass com/sun/org/apache/xml/internal/serializer/CharInfo
instanceKlass com/sun/org/apache/xml/internal/serializer/SerializerBase
instanceKlass com/sun/org/apache/xml/internal/serializer/SerializerConstants
instanceKlass com/sun/org/apache/xml/internal/serializer/SerializationHandler
instanceKlass com/sun/org/apache/xml/internal/serializer/Serializer
instanceKlass com/sun/org/apache/xml/internal/serializer/DOMSerializer
instanceKlass org/xml/sax/ext/DeclHandler
instanceKlass com/sun/org/apache/xml/internal/serializer/XSLOutputAttributes
instanceKlass com/sun/org/apache/xml/internal/serializer/ExtendedLexicalHandler
instanceKlass org/xml/sax/ext/LexicalHandler
instanceKlass com/sun/org/apache/xml/internal/serializer/ExtendedContentHandler
instanceKlass javax/xml/transform/dom/DOMResult
instanceKlass javax/xml/transform/stax/StAXResult
instanceKlass javax/xml/transform/sax/SAXResult
instanceKlass com/sun/org/apache/xalan/internal/xsltc/runtime/output/TransletOutputHandlerFactory
instanceKlass javax/xml/transform/dom/DOMSource
instanceKlass com/sun/org/apache/xml/internal/utils/XMLReaderManager
instanceKlass com/sun/org/apache/xml/internal/serializer/OutputPropertiesFactory
instanceKlass javax/xml/transform/Transformer
instanceKlass com/sun/org/apache/xalan/internal/xsltc/DOMCache
instanceKlass  @bci javax/xml/catalog/CatalogFeatures setProperties (Ljavax/xml/catalog/CatalogFeatures$Builder;)V 5 <appendix> member <vmtarget> ; # javax/xml/catalog/CatalogFeatures$$Lambda+0x000001f0812c3fa8
instanceKlass javax/xml/catalog/CatalogMessages
instanceKlass javax/xml/catalog/Util
instanceKlass  @bci javax/xml/transform/FactoryFinder newInstance (Ljava/lang/Class;Ljava/lang/String;Ljava/lang/ClassLoader;Z)Ljava/lang/Object; 107 <appendix> member <vmtarget> ; # javax/xml/transform/FactoryFinder$$Lambda+0x000001f0812c3530
instanceKlass jdk/xml/internal/JdkProperty
instanceKlass com/sun/org/apache/xalan/internal/utils/FeaturePropertyBase
instanceKlass jdk/xml/internal/JdkXmlFeatures
instanceKlass javax/xml/catalog/CatalogFeatures$Builder
instanceKlass javax/xml/catalog/CatalogFeatures
instanceKlass jdk/xml/internal/TransformErrorListener
instanceKlass javax/xml/transform/ErrorListener
instanceKlass com/sun/org/apache/xalan/internal/xsltc/compiler/SourceLoader
instanceKlass  @bci javax/xml/transform/FactoryFinder find (Ljava/lang/Class;Ljava/lang/String;)Ljava/lang/Object; 123 <appendix> member <vmtarget> ; # javax/xml/transform/FactoryFinder$$Lambda+0x000001f0812c08c8
instanceKlass javax/xml/transform/FactoryFinder$1
instanceKlass  @bci javax/xml/transform/FactoryFinder find (Ljava/lang/Class;Ljava/lang/String;)Ljava/lang/Object; 24 <appendix> member <vmtarget> ; # javax/xml/transform/FactoryFinder$$Lambda+0x000001f0812c0470
instanceKlass javax/xml/transform/FactoryFinder
instanceKlass javax/xml/transform/TransformerFactory
instanceKlass javax/xml/transform/stream/StreamResult
instanceKlass javax/xml/transform/Source
instanceKlass javax/xml/transform/Result
instanceKlass org/eclipse/text/templates/TemplateReaderWriter
instanceKlass  @bci java/util/stream/Collectors toList ()Ljava/util/stream/Collector; 14 <appendix> argL0 ; # java/util/stream/Collectors$$Lambda+0x000001f0811ff350
instanceKlass  @bci java/util/stream/Collectors toList ()Ljava/util/stream/Collector; 9 <appendix> argL0 ; # java/util/stream/Collectors$$Lambda+0x000001f0811ff120
instanceKlass  @bci java/util/stream/Collectors toList ()Ljava/util/stream/Collector; 4 <appendix> argL0 ; # java/util/stream/Collectors$$Lambda+0x000001f0811fef00
instanceKlass  @bci org/eclipse/jdt/ls/core/internal/preferences/PreferenceManager reloadTemplateStore ()V 24 <appendix> argL0 ; # org/eclipse/jdt/ls/core/internal/preferences/PreferenceManager$$Lambda+0x000001f081287488
instanceKlass org/eclipse/text/templates/TemplatePersistenceData
instanceKlass org/eclipse/jface/text/templates/Template
instanceKlass java/util/ResourceBundle$Control$2
instanceKlass  @bci java/util/ResourceBundle$ResourceBundleControlProviderHolder lambda$static$0 ()Ljava/util/List; 11 <appendix> argL0 ; # java/util/ResourceBundle$ResourceBundleControlProviderHolder$$Lambda+0x000001f0811fea88
instanceKlass java/util/ServiceLoader$ProviderSpliterator
instanceKlass java/util/spi/ResourceBundleControlProvider
instanceKlass  @bci java/util/ResourceBundle$ResourceBundleControlProviderHolder <clinit> ()V 0 <appendix> argL0 ; # java/util/ResourceBundle$ResourceBundleControlProviderHolder$$Lambda+0x000001f0811fe3c8
instanceKlass java/util/ResourceBundle$ResourceBundleControlProviderHolder
instanceKlass org/eclipse/jface/text/templates/TextTemplateMessages
instanceKlass org/eclipse/jface/text/IRegion
instanceKlass org/eclipse/jdt/ls/core/internal/handlers/FormatterHandler
instanceKlass org/apache/commons/lang3/text/StrTokenizer
instanceKlass org/apache/commons/lang3/text/StrBuilder
instanceKlass org/apache/commons/lang3/builder/Builder
instanceKlass  @bci java/util/regex/CharPredicates forUnicodeBlock (Ljava/lang/String;)Ljava/util/regex/Pattern$CharPredicate; 6 <appendix> member <vmtarget> ; # java/util/regex/CharPredicates$$Lambda+0x000001f0811fd8e0
instanceKlass java/lang/Character$Subset
instanceKlass org/apache/commons/lang3/StringUtils
instanceKlass java/util/DualPivotQuicksort
instanceKlass org/apache/commons/lang3/ArraySorter
instanceKlass org/apache/commons/lang3/text/StrMatcher
instanceKlass org/apache/commons/lang3/text/StrSubstitutor
instanceKlass org/eclipse/jdt/ls/core/internal/ResourceUtils
instanceKlass org/eclipse/jdt/ls/core/internal/preferences/Preferences$ReferencedLibraries
instanceKlass java/util/UUID$Holder
instanceKlass org/apache/commons/lang3/text/StrLookup
instanceKlass org/eclipse/osgi/storage/bundlefile/ZipBundleFile$1
instanceKlass  @bci org/eclipse/osgi/storage/bundlefile/ZipBundleFile getPaths ()Ljava/lang/Iterable; 1 <appendix> member <vmtarget> ; # org/eclipse/osgi/storage/bundlefile/ZipBundleFile$$Lambda+0x000001f0811853d8
instanceKlass org/eclipse/jdt/ls/core/internal/preferences/Preferences
instanceKlass org/eclipse/jface/text/templates/TemplateContextType
instanceKlass org/eclipse/jface/text/templates/TemplateVariableResolver
instanceKlass sun/nio/fs/WindowsFileCopy
instanceKlass sun/nio/fs/WindowsChannelFactory$2
instanceKlass sun/nio/fs/WindowsPath$1
instanceKlass sun/util/cldr/CLDRBaseLocaleDataMetaInfo$TZCanonicalIDMapHolder
instanceKlass sun/util/resources/provider/NonBaseLocaleDataMetaInfo
instanceKlass  @bci sun/util/locale/provider/JRELocaleProviderAdapter createSupportedLocaleString (Ljava/lang/String;)Ljava/lang/String; 6 <appendix> member <vmtarget> ; # sun/util/locale/provider/JRELocaleProviderAdapter$$Lambda+0x000001f0811fb150
instanceKlass sun/util/locale/provider/BaseLocaleDataMetaInfo
instanceKlass  @bci sun/util/locale/provider/JRELocaleProviderAdapter getTimeZoneNameProvider ()Ljava/util/spi/TimeZoneNameProvider; 8 <appendix> member <vmtarget> ; # sun/util/locale/provider/JRELocaleProviderAdapter$$Lambda+0x000001f0811facd0
instanceKlass  @bci sun/util/cldr/CLDRLocaleProviderAdapter getTimeZoneNameProvider ()Ljava/util/spi/TimeZoneNameProvider; 8 <appendix> member <vmtarget> ; # sun/util/cldr/CLDRLocaleProviderAdapter$$Lambda+0x000001f0811fa628
instanceKlass sun/util/locale/provider/TimeZoneNameUtility$TimeZoneNameGetter
instanceKlass sun/util/locale/provider/TimeZoneNameUtility
instanceKlass sun/nio/cs/Surrogate
instanceKlass sun/nio/cs/Surrogate$Parser
instanceKlass  @bci org/eclipse/core/internal/preferences/SortedProperties <clinit> ()V 0 <appendix> argL0 ; # org/eclipse/core/internal/preferences/SortedProperties$$Lambda+0x000001f08118df38
instanceKlass  @bci org/eclipse/core/runtime/Plugin savePluginPreferences ()V 41 <appendix> member <vmtarget> ; # org/eclipse/core/runtime/Plugin$$Lambda+0x000001f0811d9798
instanceKlass org/eclipse/core/runtime/Preferences$1
instanceKlass  @bci org/eclipse/core/internal/preferences/EclipsePreferences firePreferenceEvent (Ljava/lang/String;Ljava/lang/Object;Ljava/lang/Object;)V 41 <appendix> member <vmtarget> ; # org/eclipse/core/internal/preferences/EclipsePreferences$$Lambda+0x000001f08118dd00
instanceKlass java/lang/ProcessEnvironment$CheckedEntry
instanceKlass java/lang/ProcessEnvironment$CheckedEntrySet$1
instanceKlass java/lang/ProcessEnvironment$EntryComparator
instanceKlass java/lang/ProcessEnvironment$NameComparator
instanceKlass org/eclipse/jdt/ls/core/internal/Environment
instanceKlass org/eclipse/jdt/ls/core/internal/JDTEnvironmentUtils
instanceKlass org/eclipse/jdt/ls/core/internal/handlers/LogHandler$1
instanceKlass  @bci sun/util/locale/provider/JRELocaleProviderAdapter getDateFormatSymbolsProvider ()Ljava/text/spi/DateFormatSymbolsProvider; 8 <appendix> member <vmtarget> ; # sun/util/locale/provider/JRELocaleProviderAdapter$$Lambda+0x800000064
instanceKlass java/text/DateFormatSymbols
instanceKlass java/util/stream/Nodes$ArrayNode
instanceKlass  @bci sun/util/locale/provider/LocaleProviderAdapter toLocaleArray (Ljava/util/Set;)[Ljava/util/Locale; 16 <appendix> argL0 ; # sun/util/locale/provider/LocaleProviderAdapter$$Lambda+0x800000068
instanceKlass  @bci sun/util/locale/provider/LocaleProviderAdapter toLocaleArray (Ljava/util/Set;)[Ljava/util/Locale; 6 <appendix> argL0 ; # sun/util/locale/provider/LocaleProviderAdapter$$Lambda+0x800000067
instanceKlass  @bci sun/util/cldr/CLDRLocaleProviderAdapter getCalendarDataProvider ()Ljava/util/spi/CalendarDataProvider; 8 <appendix> member <vmtarget> ; # sun/util/cldr/CLDRLocaleProviderAdapter$$Lambda+0x800000061
instanceKlass sun/util/locale/provider/CalendarDataUtility$CalendarWeekParameterGetter
instanceKlass sun/util/locale/provider/LocaleServiceProviderPool$LocalizedObjectGetter
instanceKlass sun/util/locale/provider/LocaleServiceProviderPool
instanceKlass java/util/Calendar$Builder
instanceKlass  @bci sun/util/locale/provider/JRELocaleProviderAdapter getCalendarProvider ()Lsun/util/spi/CalendarProvider; 8 <appendix> member <vmtarget> ; # sun/util/locale/provider/JRELocaleProviderAdapter$$Lambda+0x800000062
instanceKlass java/util/Calendar
instanceKlass  @bci sun/util/locale/provider/JRELocaleProviderAdapter getDateFormatProvider ()Ljava/text/spi/DateFormatProvider; 8 <appendix> member <vmtarget> ; # sun/util/locale/provider/JRELocaleProviderAdapter$$Lambda+0x800000063
instanceKlass org/eclipse/jdt/ls/core/internal/handlers/DefaultLogFilter
instanceKlass org/eclipse/core/runtime/ILogListener
instanceKlass org/eclipse/jdt/ls/core/internal/handlers/LogHandler
instanceKlass  @bci org/eclipse/core/internal/preferences/EclipsePreferences fireNodeEvent (Lorg/eclipse/core/runtime/preferences/IEclipsePreferences$NodeChangeEvent;Z)V 26 <adapter> ; # java/lang/invoke/LambdaForm$MH+0x000001f08127d000
instanceKlass  @bci org/eclipse/core/internal/preferences/EclipsePreferences fireNodeEvent (Lorg/eclipse/core/runtime/preferences/IEclipsePreferences$NodeChangeEvent;Z)V 26 <appendix> form vmentry <vmtarget> ; # java/lang/invoke/LambdaForm$DMH+0x000001f08127cc00
instanceKlass  @bci org/eclipse/core/internal/preferences/EclipsePreferences fireNodeEvent (Lorg/eclipse/core/runtime/preferences/IEclipsePreferences$NodeChangeEvent;Z)V 26 <appendix> member <vmtarget> ; # org/eclipse/core/internal/preferences/EclipsePreferences$$Lambda+0x000001f08118dac8
instanceKlass  @cpi org/eclipse/core/internal/preferences/EclipsePreferences 1057 form vmentry <vmtarget> ; # java/lang/invoke/LambdaForm$DMH+0x000001f08127c800
instanceKlass org/eclipse/jdt/internal/core/manipulation/MembersOrderPreferenceCacheCommon
instanceKlass org/eclipse/jdt/core/manipulation/JavaManipulation
instanceKlass  @bci org/eclipse/core/internal/jobs/JobManager wakeUp (Lorg/eclipse/core/internal/jobs/InternalJob;J)V 23 <appendix> member <vmtarget> ; # org/eclipse/core/internal/jobs/JobManager$$Lambda+0x000001f081176570
instanceKlass org/eclipse/jdt/internal/core/DeltaProcessor$2
instanceKlass org/eclipse/core/internal/events/NotificationManager$1
instanceKlass org/eclipse/jdt/ls/core/contentassist/ICompletionContributionService
instanceKlass org/eclipse/jdt/internal/core/ModelUpdater
instanceKlass org/eclipse/jdt/internal/core/JavaModelManager$20$1
instanceKlass  @bci org/eclipse/jdt/internal/core/search/processing/JobManager reset ()V 38 <appendix> member <vmtarget> ; # org/eclipse/jdt/internal/core/search/processing/JobManager$$Lambda+0x000001f081278a30
instanceKlass org/eclipse/jdt/internal/core/ExternalAnnotationTracker$DirectoryNode
instanceKlass org/eclipse/jdt/internal/core/ExternalAnnotationTracker
instanceKlass org/eclipse/jdt/internal/core/DeltaProcessor$RootInfo
instanceKlass org/eclipse/jdt/internal/core/JavaProject$ResolvedClasspath
instanceKlass org/eclipse/jdt/internal/core/ClasspathChange
instanceKlass  @bci java/util/ResourceBundle$ResourceBundleProviderHelper loadPropertyResourceBundle (Ljava/lang/Module;Ljava/lang/Module;Ljava/lang/String;Ljava/util/Locale;)Ljava/util/ResourceBundle; 14 <appendix> member <vmtarget> ; # java/util/ResourceBundle$ResourceBundleProviderHelper$$Lambda+0x000001f0811f7c00
instanceKlass  @bci java/util/ResourceBundle$ResourceBundleProviderHelper loadResourceBundle (Ljava/lang/Module;Ljava/lang/Module;Ljava/lang/String;Ljava/util/Locale;)Ljava/util/ResourceBundle; 13 <appendix> member <vmtarget> ; # java/util/ResourceBundle$ResourceBundleProviderHelper$$Lambda+0x000001f0811f79d8
instanceKlass java/util/ResourceBundle$3
instanceKlass java/util/ResourceBundle$CacheKeyReference
instanceKlass java/util/ResourceBundle$CacheKey
instanceKlass  @bci java/util/ResourceBundle getLoader (Ljava/lang/Module;)Ljava/lang/ClassLoader; 6 <appendix> member <vmtarget> ; # java/util/ResourceBundle$$Lambda+0x000001f0811f6ef8
instanceKlass  @bci jdk/xml/internal/SecuritySupport getResourceBundle (Ljava/lang/String;Ljava/util/Locale;)Ljava/util/ResourceBundle; 2 <appendix> member <vmtarget> ; # jdk/xml/internal/SecuritySupport$$Lambda+0x000001f0811f6cd0
instanceKlass com/sun/org/apache/xerces/internal/dom/DOMMessageFormatter
instanceKlass org/w3c/dom/Attr
instanceKlass com/sun/org/apache/xerces/internal/dom/NamedNodeMapImpl
instanceKlass org/w3c/dom/NamedNodeMap
instanceKlass com/sun/org/apache/xerces/internal/dom/CharacterDataImpl$1
instanceKlass org/w3c/dom/Text
instanceKlass org/w3c/dom/CharacterData
instanceKlass com/sun/org/apache/xerces/internal/dom/DeepNodeListImpl
instanceKlass com/sun/org/apache/xerces/internal/dom/DeferredDocumentImpl$RefCount
instanceKlass com/sun/org/apache/xerces/internal/dom/NodeListCache
instanceKlass org/w3c/dom/TypeInfo
instanceKlass org/w3c/dom/ElementTraversal
instanceKlass org/w3c/dom/Element
instanceKlass org/w3c/dom/DocumentType
instanceKlass com/sun/org/apache/xerces/internal/dom/NodeImpl
instanceKlass org/w3c/dom/events/EventTarget
instanceKlass org/w3c/dom/NodeList
instanceKlass org/w3c/dom/Document
instanceKlass org/w3c/dom/ranges/DocumentRange
instanceKlass org/w3c/dom/events/DocumentEvent
instanceKlass org/w3c/dom/traversal/DocumentTraversal
instanceKlass com/sun/org/apache/xerces/internal/dom/DeferredNode
instanceKlass org/w3c/dom/Node
instanceKlass sun/nio/ch/Util$BufferCache
instanceKlass sun/nio/ch/Util
instanceKlass sun/nio/ch/IOStatus
instanceKlass java/nio/channels/NetworkChannel
instanceKlass sun/nio/ch/SelChImpl
instanceKlass sun/nio/ch/Streams
instanceKlass java/nio/channels/Channels
instanceKlass sun/nio/fs/WindowsSecurityDescriptor
instanceKlass org/eclipse/jdt/internal/core/util/Util
instanceKlass org/eclipse/jdt/internal/core/JavaModelManager$SecondaryTypes
instanceKlass org/eclipse/jdt/core/IJavaModelStatusConstants
# instanceKlass java/lang/invoke/LambdaForm$MH+0x000001f081272400
# instanceKlass java/lang/invoke/LambdaForm$MH+0x000001f081272000
instanceKlass org/eclipse/jdt/internal/compiler/ast/TypeOrLambda
instanceKlass org/eclipse/jdt/internal/compiler/CompilationResult
instanceKlass lombok/eclipse/agent/PatchDelegate$BindingTuple
instanceKlass org/eclipse/jdt/internal/compiler/ast/Invocation
instanceKlass org/eclipse/jdt/internal/compiler/ast/IPolyExpression
instanceKlass lombok/eclipse/agent/PatchDelegate
instanceKlass lombok/eclipse/agent/PatchDelegatePortal
instanceKlass lombok/core/LombokNode
instanceKlass lombok/core/DiagnosticsReceiver
instanceKlass lombok/launch/PatchFixesHider$Util
instanceKlass lombok/launch/PatchFixesHider$Delegate
instanceKlass org/eclipse/jdt/internal/core/DeltaProcessingState$RootInfos
instanceKlass org/eclipse/jdt/internal/core/JavaModelManager$PersistedClasspathContainer
instanceKlass org/eclipse/jdt/internal/core/ClasspathAttribute
instanceKlass org/eclipse/jdt/internal/core/ClasspathEntry
instanceKlass org/eclipse/jdt/internal/core/JavaModelManager$PerProjectInfo
instanceKlass org/eclipse/jdt/core/eval/IEvaluationContext
instanceKlass org/eclipse/jdt/internal/compiler/env/IModulePathEntry
instanceKlass org/eclipse/jdt/internal/core/JavaModelManager$VariablesAndContainersLoadHelper
instanceKlass org/eclipse/jdt/internal/core/JavaModelManager$19
instanceKlass org/eclipse/jdt/internal/core/JavaModelManager$18
instanceKlass org/eclipse/jdt/internal/core/JavaModelManager$13
instanceKlass org/eclipse/jdt/internal/core/JavaModelManager$12
instanceKlass org/eclipse/jdt/internal/formatter/DefaultCodeFormatterOptions
instanceKlass org/eclipse/jdt/core/formatter/DefaultCodeFormatterConstants
instanceKlass org/eclipse/jdt/internal/compiler/util/Util
instanceKlass org/eclipse/jdt/internal/compiler/impl/IrritantSet
instanceKlass org/eclipse/jdt/internal/core/util/ICacheEnumeration
instanceKlass org/eclipse/jdt/internal/formatter/Token
instanceKlass org/eclipse/jdt/internal/formatter/TokenTraverser
instanceKlass org/eclipse/text/edits/TextEdit
instanceKlass org/eclipse/jdt/core/formatter/CodeFormatter
instanceKlass lombok/patcher/scripts/WrapperMethodDescriptor
instanceKlass lombok/patcher/scripts/SetSymbolDuringMethodCallScript$1
instanceKlass org/eclipse/jdt/core/SourceRange
instanceKlass org/eclipse/jdt/internal/compiler/util/JRTUtil$JrtFileVisitor
instanceKlass org/eclipse/jdt/core/IOrdinaryClassFile
instanceKlass org/eclipse/jdt/internal/core/util/ReferenceInfoAdapter
instanceKlass org/eclipse/jdt/internal/compiler/ISourceElementRequestor
instanceKlass org/eclipse/jdt/internal/compiler/env/ISourceType
instanceKlass org/eclipse/jdt/internal/compiler/env/IGenericType
instanceKlass org/eclipse/jdt/core/search/TypeNameMatchRequestor
instanceKlass org/eclipse/jdt/internal/compiler/problem/ProblemHandler
instanceKlass org/eclipse/jdt/core/search/MethodNameMatch
instanceKlass org/eclipse/jdt/core/search/TypeNameMatch
instanceKlass org/eclipse/jdt/internal/compiler/ASTVisitor
instanceKlass org/eclipse/jdt/internal/core/search/IndexQueryRequestor
instanceKlass org/eclipse/jdt/core/search/IParallelizable
instanceKlass org/eclipse/jdt/core/search/SearchPattern
instanceKlass org/eclipse/jdt/core/search/IJavaSearchScope
instanceKlass org/eclipse/jdt/internal/core/search/BasicSearchEngine
instanceKlass org/eclipse/jdt/core/ISourceRange
instanceKlass org/eclipse/jdt/core/ITypeParameter
instanceKlass org/eclipse/jdt/core/IAnnotation
instanceKlass org/eclipse/jdt/internal/core/AbstractModule
instanceKlass org/eclipse/jdt/core/IModuleDescription
instanceKlass org/eclipse/jdt/internal/core/NameLookup
instanceKlass org/eclipse/jface/text/IDocument
instanceKlass org/eclipse/jdt/internal/core/JavaModelCache$1
instanceKlass org/eclipse/jdt/internal/compiler/env/IBinaryInfo
instanceKlass org/eclipse/jdt/internal/core/JavaModelCache
instanceKlass org/eclipse/jdt/core/IType
instanceKlass org/eclipse/jdt/core/IAnnotatable
instanceKlass org/eclipse/jdt/core/IMember
instanceKlass org/eclipse/jdt/internal/core/hierarchy/HierarchyBuilder
instanceKlass org/eclipse/jdt/internal/core/hierarchy/TypeHierarchy
instanceKlass org/eclipse/jdt/core/ITypeHierarchy
instanceKlass org/eclipse/jdt/core/dom/ASTNode
instanceKlass org/eclipse/jdt/core/dom/StructuralPropertyDescriptor
instanceKlass org/eclipse/jdt/internal/core/dom/rewrite/RewriteEvent
instanceKlass org/eclipse/jdt/internal/core/dom/rewrite/RewriteEventStore
instanceKlass org/eclipse/jdt/core/dom/ASTVisitor
instanceKlass org/eclipse/jdt/internal/core/DeltaProcessor
instanceKlass org/eclipse/jdt/internal/codeassist/CompletionEngine$1
instanceKlass  @bci org/eclipse/jdt/internal/compiler/lookup/ReferenceBinding <clinit> ()V 58 <appendix> argL0 ; # org/eclipse/jdt/internal/compiler/lookup/ReferenceBinding$$Lambda+0x000001f081245a48
instanceKlass org/eclipse/jdt/internal/compiler/lookup/ParameterNonNullDefaultProvider
instanceKlass org/eclipse/jdt/internal/compiler/lookup/ReferenceBinding$3
instanceKlass org/eclipse/jdt/internal/compiler/lookup/ReferenceBinding$2
instanceKlass org/eclipse/jdt/internal/compiler/lookup/ReductionResult
instanceKlass org/eclipse/jdt/internal/compiler/lookup/ElementValuePair
instanceKlass org/eclipse/jdt/internal/compiler/lookup/AnnotationBinding
instanceKlass org/eclipse/jdt/internal/compiler/env/IUpdatableModule
instanceKlass org/eclipse/jdt/internal/compiler/lookup/TypeBindingVisitor
instanceKlass org/eclipse/jdt/internal/compiler/lookup/HotSwappable
instanceKlass org/eclipse/jdt/internal/compiler/parser/ScannerHelper
instanceKlass org/eclipse/jdt/core/Signature
instanceKlass org/eclipse/jdt/internal/compiler/lookup/TypeConstants$CloseMethodRecord
instanceKlass org/eclipse/jdt/internal/compiler/lookup/Substitution
instanceKlass org/eclipse/jdt/internal/core/INamingRequestor
instanceKlass org/eclipse/jdt/core/CompletionRequestor
instanceKlass lombok/patcher/scripts/ReplaceMethodCallScript$1
instanceKlass org/eclipse/jdt/internal/codeassist/UnresolvedReferenceNameFinder$UnresolvedReferenceNameRequestor
instanceKlass org/eclipse/jdt/internal/codeassist/MissingTypesGuesser$GuessedTypeRequestor
instanceKlass org/eclipse/jdt/internal/core/IJavaElementRequestor
instanceKlass org/eclipse/jdt/internal/codeassist/complete/CompletionNode
instanceKlass org/eclipse/jdt/internal/compiler/lookup/Binding
instanceKlass org/eclipse/jdt/core/CompletionProposal
instanceKlass org/eclipse/jdt/core/search/SearchRequestor
instanceKlass org/eclipse/jdt/internal/compiler/lookup/Scope
instanceKlass org/eclipse/jdt/core/compiler/IProblem
instanceKlass org/eclipse/jdt/core/CompletionContext
instanceKlass org/eclipse/jdt/internal/compiler/lookup/InvocationSite
instanceKlass org/eclipse/jdt/internal/compiler/ast/ASTNode
instanceKlass org/eclipse/jdt/internal/compiler/ast/Location
instanceKlass org/eclipse/jdt/internal/codeassist/impl/Engine
instanceKlass org/eclipse/jdt/internal/codeassist/ICompletionEngine
instanceKlass org/eclipse/jdt/internal/codeassist/RelevanceConstants
instanceKlass org/eclipse/jdt/internal/compiler/lookup/TypeConstants
instanceKlass org/eclipse/jdt/internal/codeassist/ISearchRequestor
instanceKlass org/eclipse/jdt/internal/compiler/impl/ReferenceContext
instanceKlass org/eclipse/jdt/internal/compiler/ICompilerRequestor
instanceKlass org/eclipse/jdt/internal/compiler/Compiler
instanceKlass org/eclipse/jdt/internal/compiler/problem/ProblemSeverities
instanceKlass org/eclipse/jdt/internal/compiler/impl/ITypeRequestor
instanceKlass org/eclipse/jdt/internal/compiler/env/INameEnvironment
instanceKlass org/eclipse/jdt/internal/core/builder/ClasspathLocation
instanceKlass org/eclipse/jdt/core/IBuffer
instanceKlass org/eclipse/jdt/core/IBufferFactory
instanceKlass org/eclipse/jdt/internal/core/BufferManager
instanceKlass org/eclipse/jdt/internal/core/JavaModelManager$8
instanceKlass  @bci org/eclipse/jdt/internal/core/JavaModelManager <clinit> ()V 139 <appendix> argL0 ; # org/eclipse/jdt/internal/core/JavaModelManager$$Lambda+0x000001f081224e18
instanceKlass  @bci org/eclipse/jdt/internal/core/search/indexing/IndexNamesRegistry <init> (Ljava/io/File;Lorg/eclipse/core/runtime/IPath;)V 24 <appendix> member <vmtarget> ; # org/eclipse/jdt/internal/core/search/indexing/IndexNamesRegistry$$Lambda+0x000001f081224bf0
instanceKlass org/eclipse/jdt/internal/core/search/indexing/IndexNamesRegistry
instanceKlass org/eclipse/jdt/internal/compiler/util/SimpleLookupTable
instanceKlass org/eclipse/jdt/core/search/SearchParticipant
instanceKlass org/eclipse/jdt/internal/core/index/IndexLocation
instanceKlass org/eclipse/jdt/internal/compiler/parser/Parser
instanceKlass org/eclipse/jdt/internal/compiler/lookup/TypeIds
instanceKlass org/eclipse/jdt/internal/compiler/ast/OperatorIds
instanceKlass org/eclipse/jdt/internal/compiler/parser/ConflictedParser
instanceKlass org/eclipse/jdt/internal/compiler/parser/ParserBasicInformation
instanceKlass org/eclipse/jdt/internal/compiler/IProblemFactory
instanceKlass org/eclipse/jdt/internal/core/search/indexing/IndexRequest
instanceKlass org/eclipse/jdt/internal/core/search/processing/JobManager
instanceKlass org/eclipse/jdt/internal/core/search/indexing/IIndexConstants
instanceKlass  @bci org/eclipse/jdt/internal/core/JavaModelManager <init> ()V 404 <appendix> argL0 ; # org/eclipse/jdt/internal/core/JavaModelManager$$Lambda+0x000001f08121a8b0
instanceKlass org/eclipse/jdt/internal/core/JavaModelManager$3
instanceKlass org/eclipse/jdt/internal/core/JavaModelManager$2
instanceKlass org/eclipse/jdt/internal/core/JavaModelManager$EclipsePreferencesListener
instanceKlass org/eclipse/jdt/core/IElementChangedListener
instanceKlass org/eclipse/jdt/internal/core/DeltaProcessingState
instanceKlass org/eclipse/jdt/internal/core/ExternalFoldersManager
instanceKlass org/eclipse/jdt/internal/core/util/Util$Comparer
instanceKlass org/eclipse/jdt/internal/core/JavaModelManager$CompilationParticipants
instanceKlass org/eclipse/jdt/internal/core/BatchInitializationMonitor
instanceKlass org/eclipse/jdt/internal/core/JavaModelOperation
instanceKlass org/eclipse/jdt/internal/core/JavaElementInfo
instanceKlass org/eclipse/core/internal/jobs/JobQueue$2
instanceKlass org/eclipse/jdt/internal/codeassist/ISelectionRequestor
instanceKlass org/eclipse/jdt/internal/compiler/env/IElementInfo
instanceKlass org/eclipse/jdt/internal/core/JavaModelManager$1
instanceKlass org/eclipse/jdt/internal/core/search/processing/IJob
instanceKlass org/eclipse/jdt/core/IAccessRule
instanceKlass org/eclipse/jdt/internal/compiler/util/Util$Displayable
instanceKlass org/eclipse/jdt/core/IClassFile
instanceKlass org/eclipse/jdt/core/IPackageFragment
instanceKlass org/eclipse/jdt/internal/core/search/IRestrictedAccessTypeRequestor
instanceKlass org/eclipse/jdt/internal/core/util/LRUCache
instanceKlass org/eclipse/jdt/core/IJavaElementDelta
instanceKlass org/eclipse/jdt/internal/compiler/util/SuffixConstants
instanceKlass org/eclipse/jdt/internal/compiler/env/ICompilationUnit
instanceKlass org/eclipse/jdt/internal/compiler/env/IDependent
instanceKlass org/eclipse/jdt/core/ICompilationUnit
instanceKlass org/eclipse/jdt/core/ISourceManipulation
instanceKlass org/eclipse/jdt/core/ITypeRoot
instanceKlass org/eclipse/jdt/core/ICodeAssist
instanceKlass org/eclipse/jdt/core/ISourceReference
instanceKlass org/lombokweb/asm/Handle
instanceKlass org/eclipse/jdt/core/IBufferChangedListener
instanceKlass org/eclipse/jdt/core/IPackageFragmentRoot
instanceKlass org/eclipse/jdt/core/IJavaModelStatus
instanceKlass org/eclipse/jdt/core/IJavaProject
instanceKlass org/eclipse/jdt/core/IClasspathContainer
instanceKlass org/eclipse/jdt/internal/core/JavaModelManager
instanceKlass  @bci java/util/Comparator comparingDouble (Ljava/util/function/ToDoubleFunction;)Ljava/util/Comparator; 6 <appendix> member <vmtarget> ; # java/util/Comparator$$Lambda+0x000001f0811e8740
instanceKlass  @bci org/eclipse/jdt/core/JavaCore <clinit> ()V 214 <appendix> argL0 ; # org/eclipse/jdt/core/JavaCore$$Lambda+0x000001f08120b200
instanceKlass  @cpi org/eclipse/jdt/core/JavaCore 2486 form vmentry <vmtarget> ; # java/lang/invoke/LambdaForm$DMH+0x000001f08120c400
# instanceKlass java/lang/invoke/LambdaForm$DMH+0x000001f08120c000
instanceKlass java/util/function/ToDoubleFunction
instanceKlass org/eclipse/jdt/core/compiler/CharOperation
instanceKlass org/eclipse/jdt/internal/compiler/impl/CompilerOptions
instanceKlass org/eclipse/jdt/core/IRegion
instanceKlass org/eclipse/jdt/core/search/TypeNameRequestor
instanceKlass org/eclipse/jdt/core/IClasspathAttribute
instanceKlass org/eclipse/jdt/internal/compiler/env/IModule
instanceKlass org/eclipse/jdt/core/IWorkingCopy
instanceKlass org/eclipse/jdt/core/IClasspathEntry
instanceKlass org/eclipse/jdt/core/IJavaModel
instanceKlass org/eclipse/jdt/core/IParent
instanceKlass org/eclipse/jdt/core/IOpenable
instanceKlass org/eclipse/jdt/core/IJavaElement
instanceKlass org/eclipse/core/resources/IWorkspaceRunnable
instanceKlass org/eclipse/jdt/core/WorkingCopyOwner
instanceKlass org/eclipse/jdt/ls/core/internal/managers/ISourceDownloader
instanceKlass org/eclipse/text/internal/Activator
instanceKlass org/eclipse/text/templates/ContextTypeRegistry
instanceKlass java/nio/channels/AsynchronousByteChannel
instanceKlass java/nio/channels/AsynchronousChannel
instanceKlass java/net/SocketAddress
instanceKlass org/eclipse/jdt/ls/core/internal/syntaxserver/IExtendedProtocol
instanceKlass org/eclipse/jdt/ls/core/internal/lsp/JavaProtocolExtensions
instanceKlass org/eclipse/lsp4j/services/WorkspaceService
instanceKlass org/eclipse/lsp4j/services/TextDocumentService
instanceKlass org/eclipse/lsp4j/services/LanguageServer
instanceKlass org/eclipse/core/internal/events/NodeIDMap
instanceKlass org/eclipse/jdt/ls/core/internal/BaseJDTLanguageServer
instanceKlass org/eclipse/core/internal/events/ResourceDeltaInfo
instanceKlass org/eclipse/core/internal/dtree/NodeComparison
instanceKlass org/eclipse/core/internal/events/ResourceComparator
instanceKlass java/net/Authenticator
instanceKlass org/eclipse/core/internal/events/ResourceDeltaFactory
instanceKlass org/eclipse/core/resources/IMarkerDelta
instanceKlass org/eclipse/jdt/ls/core/internal/preferences/PreferenceManager
instanceKlass org/eclipse/core/runtime/SubMonitor$RootInfo
instanceKlass org/eclipse/core/runtime/SubMonitor
instanceKlass org/eclipse/core/resources/team/ResourceRuleFactory
# instanceKlass java/lang/invoke/LambdaForm$MH+0x000001f081200c00
# instanceKlass java/lang/invoke/LambdaForm$MH+0x000001f081200800
# instanceKlass java/lang/invoke/LambdaForm$MH+0x000001f081200400
# instanceKlass java/lang/invoke/LambdaForm$MH+0x000001f081200000
# instanceKlass java/lang/invoke/LambdaForm$DMH+0x000001f0811d8c00
instanceKlass org/eclipse/osgi/framework/util/CaseInsensitiveDictionaryMap$KeyIterator
# instanceKlass java/lang/invoke/LambdaForm$MH+0x000001f0811d8800
instanceKlass org/eclipse/core/resources/IResourceChangeEvent
instanceKlass java/util/concurrent/atomic/Striped64$1
instanceKlass jdk/internal/util/random/RandomSupport
instanceKlass  @bci org/apache/felix/scr/impl/manager/ComponentContextImpl createNewFieldHandlerMap ()Ljava/util/Map; 4 <appendix> argL0 ; # org/apache/felix/scr/impl/manager/ComponentContextImpl$$Lambda+0x000001f0811db758
instanceKlass  @bci org/eclipse/core/internal/runtime/InternalPlatform getLog (Lorg/osgi/framework/Bundle;)Lorg/eclipse/core/runtime/ILog; 13 <appendix> member <vmtarget> ; # org/eclipse/core/internal/runtime/InternalPlatform$$Lambda+0x000001f0811d9310
instanceKlass org/eclipse/core/internal/runtime/Log
instanceKlass org/eclipse/core/internal/preferences/BundleStateScope
instanceKlass org/apache/felix/scr/impl/inject/field/FieldHandler$Resolved
instanceKlass org/apache/felix/scr/impl/inject/field/FieldUtils$FieldSearchResult
instanceKlass org/apache/felix/scr/impl/inject/field/FieldUtils$1
instanceKlass org/apache/felix/scr/impl/inject/field/FieldUtils
instanceKlass org/apache/felix/scr/impl/inject/field/FieldHandler$1
instanceKlass org/apache/felix/scr/impl/inject/field/FieldHandler$ReferenceMethodImpl
instanceKlass org/apache/felix/scr/impl/inject/field/FieldHandler$NotResolved
instanceKlass org/apache/felix/scr/impl/inject/field/FieldHandler$State
instanceKlass org/apache/felix/scr/impl/inject/InitReferenceMethod
instanceKlass org/apache/felix/scr/impl/inject/field/FieldHandler
instanceKlass org/apache/felix/scr/impl/inject/field/FieldMethods
instanceKlass org/eclipse/core/internal/resources/CheckMissingNaturesListener
instanceKlass org/eclipse/core/internal/resources/Rules
instanceKlass org/eclipse/core/internal/resources/ResourceChangeListenerRegistrar
instanceKlass  @bci org/eclipse/core/internal/jobs/JobManager startJob (Lorg/eclipse/core/internal/jobs/Worker;)Lorg/eclipse/core/runtime/jobs/Job; 45 <adapter> ; # java/lang/invoke/LambdaForm$MH+0x000001f0811d8400
# instanceKlass java/lang/invoke/LambdaForm$DMH+0x000001f0811d8000
instanceKlass  @bci org/eclipse/core/internal/jobs/JobManager startJob (Lorg/eclipse/core/internal/jobs/Worker;)Lorg/eclipse/core/runtime/jobs/Job; 45 <appendix> form vmentry <vmtarget> ; # java/lang/invoke/LambdaForm$DMH+0x000001f0811d7c00
instanceKlass  @bci org/eclipse/core/internal/jobs/JobManager startJob (Lorg/eclipse/core/internal/jobs/Worker;)Lorg/eclipse/core/runtime/jobs/Job; 45 <appendix> member <vmtarget> ; # org/eclipse/core/internal/jobs/JobManager$$Lambda+0x000001f0811760c0
instanceKlass  @cpi org/eclipse/core/internal/jobs/JobManager 1541 form vmentry <vmtarget> ; # java/lang/invoke/LambdaForm$DMH+0x000001f0811d7800
instanceKlass  @bci org/eclipse/core/internal/resources/MarkerManager visitorFindMarkers (Lorg/eclipse/core/runtime/IPath;Ljava/util/ArrayList;Ljava/lang/String;Z)V 5 <adapter> ; # java/lang/invoke/LambdaForm$MH+0x000001f0811d7400
# instanceKlass java/lang/invoke/LambdaForm$DMH+0x000001f0811d7000
instanceKlass  @bci org/eclipse/core/internal/resources/MarkerManager visitorFindMarkers (Lorg/eclipse/core/runtime/IPath;Ljava/util/ArrayList;Ljava/lang/String;Z)V 5 <appendix> form vmentry <vmtarget> ; # java/lang/invoke/LambdaForm$DMH+0x000001f0811d6c00
instanceKlass  @bci org/eclipse/core/internal/jobs/JobManager endJob (Lorg/eclipse/core/internal/jobs/InternalJob;Lorg/eclipse/core/runtime/IStatus;ZZ)V 14 <appendix> member <vmtarget> ; # org/eclipse/core/internal/jobs/JobManager$$Lambda+0x000001f081175e78
instanceKlass  @cpi org/eclipse/core/internal/jobs/JobManager 1497 form vmentry <vmtarget> ; # java/lang/invoke/LambdaForm$DMH+0x000001f0811d6800
instanceKlass  @bci org/eclipse/core/internal/resources/AliasManager buildAliasedProjectsSet ()V 30 <appendix> member <vmtarget> ; # org/eclipse/core/internal/resources/AliasManager$$Lambda+0x000001f0811d35f8
instanceKlass org/eclipse/core/internal/filesystem/FileStoreUtil
instanceKlass  @bci org/eclipse/core/internal/resources/AliasManager$HashMapWithSortedKeys <init> ()V 9 <appendix> argL0 ; # org/eclipse/core/internal/resources/AliasManager$HashMapWithSortedKeys$$Lambda+0x000001f0811d3360
instanceKlass org/eclipse/core/internal/resources/AliasManager$HashMapWithSortedKeys
instanceKlass org/eclipse/core/internal/resources/AliasManager$LocationMap
instanceKlass org/eclipse/core/internal/resources/AliasManager
instanceKlass org/eclipse/core/resources/refresh/IRefreshMonitor
instanceKlass org/eclipse/core/internal/refresh/MonitorManager
instanceKlass org/eclipse/core/resources/IResourceDeltaVisitor
instanceKlass org/eclipse/core/resources/IPathVariableChangeListener
instanceKlass org/eclipse/core/internal/refresh/RefreshManager
instanceKlass org/eclipse/core/resources/refresh/IRefreshResult
instanceKlass  @bci org/eclipse/core/internal/resources/ContentDescriptionManager getCurrentPlatformState ()Ljava/lang/String; 39 <appendix> argL0 ; # org/eclipse/core/internal/resources/ContentDescriptionManager$$Lambda+0x000001f0811d15a8
instanceKlass  @bci org/eclipse/core/internal/properties/PropertyBucket$PropertyEntry <clinit> ()V 0 <appendix> argL0 ; # org/eclipse/core/internal/properties/PropertyBucket$PropertyEntry$$Lambda+0x000001f0811d0f80
instanceKlass  @cpi org/eclipse/jdt/internal/compiler/util/SortedCharArrays 78 form vmentry <vmtarget> ; # java/lang/invoke/LambdaForm$DMH+0x000001f0811d6400
instanceKlass org/eclipse/core/internal/resources/ProjectContentTypes
instanceKlass org/eclipse/core/internal/utils/Cache
instanceKlass org/eclipse/core/internal/resources/ContentDescriptionManager
instanceKlass  @bci org/eclipse/core/internal/resources/CharsetManager initPreferenceChangeListener ()V 2 <appendix> member <vmtarget> ; # org/eclipse/core/internal/resources/CharsetManager$$Lambda+0x000001f0811d0380
instanceKlass  @bci org/eclipse/jdt/internal/compiler/parser/Parser initTables ()V 9 <appendix> form vmentry <vmtarget> ; # java/lang/invoke/LambdaForm$MH+0x000001f0811d6000
instanceKlass  @bci org/eclipse/jdt/internal/compiler/parser/Parser initTables ()V 9 <appendix> argL3 form vmentry <vmtarget> ; # java/lang/invoke/LambdaForm$MH+0x000001f0811d5c00
# instanceKlass java/lang/invoke/LambdaForm$MH+0x000001f0811d5800
# instanceKlass java/lang/invoke/LambdaForm$MH+0x000001f0811d5400
# instanceKlass java/lang/invoke/LambdaForm$MH+0x000001f0811d5000
instanceKlass  @bci org/eclipse/core/internal/jobs/JobManager now ()J 5 <appendix> member <vmtarget> ; # org/eclipse/core/internal/jobs/JobManager$$Lambda+0x000001f081175c30
instanceKlass java/util/function/LongUnaryOperator
instanceKlass org/eclipse/core/internal/jobs/JobChangeEvent
instanceKlass  @bci org/eclipse/core/internal/jobs/JobManager schedule (Lorg/eclipse/core/internal/jobs/InternalJob;J)V 5 <adapter> ; # java/lang/invoke/LambdaForm$MH+0x000001f0811d4c00
# instanceKlass java/lang/invoke/LambdaForm$DMH+0x000001f0811d4800
instanceKlass  @bci org/eclipse/core/internal/jobs/JobManager schedule (Lorg/eclipse/core/internal/jobs/InternalJob;J)V 5 <appendix> form vmentry <vmtarget> ; # java/lang/invoke/LambdaForm$DMH+0x000001f0811d4400
instanceKlass  @bci org/eclipse/core/internal/jobs/JobManager schedule (Lorg/eclipse/core/internal/jobs/InternalJob;J)V 5 <appendix> member <vmtarget> ; # org/eclipse/core/internal/jobs/JobManager$$Lambda+0x000001f081175780
instanceKlass  @cpi org/eclipse/core/internal/jobs/JobManager 1514 form vmentry <vmtarget> ; # java/lang/invoke/LambdaForm$DMH+0x000001f0811d4000
instanceKlass org/eclipse/core/internal/resources/CharsetDeltaJob$ICharsetListenerFilter
instanceKlass  @bci org/osgi/framework/FrameworkUtil lambda$4 (Ljava/lang/Class;)Lorg/osgi/framework/Bundle; 29 <appendix> argL0 ; # org/osgi/framework/FrameworkUtil$$Lambda+0x000001f081184b40
instanceKlass  @bci org/osgi/framework/FrameworkUtil lambda$4 (Ljava/lang/Class;)Lorg/osgi/framework/Bundle; 19 <appendix> argL0 ; # org/osgi/framework/FrameworkUtil$$Lambda+0x000001f0811848f0
instanceKlass  @bci org/osgi/framework/FrameworkUtil lambda$4 (Ljava/lang/Class;)Lorg/osgi/framework/Bundle; 9 <appendix> member <vmtarget> ; # org/osgi/framework/FrameworkUtil$$Lambda+0x000001f0811846a8
instanceKlass org/eclipse/core/runtime/PerformanceStats
instanceKlass org/eclipse/core/internal/events/ResourceStats
instanceKlass org/eclipse/core/internal/events/ResourceChangeListenerList$ListenerEntry
instanceKlass org/eclipse/core/internal/resources/CharsetManager$ResourceChangeListener
instanceKlass org/eclipse/core/resources/IResourceChangeListener
instanceKlass org/eclipse/core/internal/resources/CharsetManager
instanceKlass org/eclipse/core/internal/localstore/Bucket$Entry
instanceKlass org/eclipse/core/internal/localstore/BucketTree
instanceKlass org/eclipse/core/internal/localstore/Bucket$Visitor
instanceKlass org/eclipse/core/internal/localstore/Bucket
instanceKlass org/eclipse/core/internal/properties/PropertyManager2
instanceKlass org/eclipse/core/internal/events/LifecycleEvent
instanceKlass  @bci com/sun/jna/Structure$FFIType storeTypeInfo (Ljava/lang/Class;ILcom/sun/jna/Structure$FFIType;)V 13 <appendix> argL0 ; # com/sun/jna/Structure$FFIType$$Lambda+0x000001f0811cf968
instanceKlass  @bci jdk/internal/reflect/MethodHandleBooleanFieldAccessorImpl setBoolean (Ljava/lang/Object;Z)V 41 <adapter> ; # java/lang/invoke/LambdaForm$MH+0x000001f0811cac00
instanceKlass java/lang/Short$ShortCache
# instanceKlass java/lang/invoke/LambdaForm$MH+0x000001f0811ca800
# instanceKlass java/lang/invoke/LambdaForm$MH+0x000001f0811ca400
instanceKlass com/sun/jna/NativeMappedConverter
instanceKlass com/sun/jna/Klass
instanceKlass com/sun/jna/Native$Buffers
instanceKlass java/util/stream/SliceOps
instanceKlass java/lang/StackStreamFactory$FrameBuffer
instanceKlass java/lang/StackStreamFactory
# instanceKlass com/sun/jna/Native$$InjectedInvoker+0x000001f0811ca000
# instanceKlass java/lang/invoke/LambdaForm$MH+0x000001f0811c9c00
# instanceKlass java/lang/invoke/LambdaForm$MH+0x000001f0811c9800
instanceKlass com/sun/jna/VarArgsChecker
instanceKlass com/sun/jna/NativeLibrary$NativeLibraryDisposer
instanceKlass com/sun/jna/NativeLibrary$1
instanceKlass com/sun/jna/SymbolProvider
instanceKlass com/sun/jna/NativeLibrary
instanceKlass org/eclipse/core/internal/filesystem/local/Win32Handler$FileAPIh
instanceKlass com/sun/jna/Memory$MemoryDisposer
instanceKlass com/sun/jna/internal/Cleaner$Cleanable
instanceKlass com/sun/jna/internal/Cleaner
instanceKlass com/sun/jna/WeakMemoryHolder
instanceKlass org/eclipse/core/filesystem/provider/FileInfo
# instanceKlass java/lang/invoke/LambdaForm$MH+0x000001f0811c9400
instanceKlass  @bci org/eclipse/jdt/internal/core/JrtPackageFragmentRoot$JrtModuleKey hashCode ()I 1 <appendix> argL1 argL1 form vmentry <vmtarget> ; # java/lang/invoke/LambdaForm$MH+0x000001f0811c9000
instanceKlass  @bci jdk/internal/reflect/MethodHandleBooleanFieldAccessorImpl getBoolean (Ljava/lang/Object;)Z 20 <adapter> ; # java/lang/invoke/LambdaForm$MH+0x000001f0811c8c00
# instanceKlass java/lang/invoke/LambdaForm$MH+0x000001f0811c8800
# instanceKlass java/lang/invoke/LambdaForm$BMH+0x000001f0811c8400
# instanceKlass java/lang/invoke/LambdaForm$DMH+0x000001f0811c8000
instanceKlass com/sun/jna/Structure$StructField
instanceKlass com/sun/jna/Structure$LayoutInfo
instanceKlass java/lang/Class$AnnotationData
instanceKlass java/lang/annotation/Documented
instanceKlass com/sun/jna/Structure$FieldOrder
instanceKlass  @bci com/sun/jna/Structure fieldOrder ()Ljava/util/List; 84 <appendix> member <vmtarget> ; # com/sun/jna/Structure$$Lambda+0x000001f0811c6600
instanceKlass  @bci com/sun/jna/Structure getFieldList ()Ljava/util/List; 84 <appendix> member <vmtarget> ; # com/sun/jna/Structure$$Lambda+0x000001f0811c63b8
instanceKlass  @bci com/sun/jna/Structure validateFields ()V 75 <appendix> member <vmtarget> ; # com/sun/jna/Structure$$Lambda+0x000001f0811c6170
instanceKlass com/sun/jna/platform/win32/WinBase
instanceKlass com/sun/jna/platform/win32/BaseTSD
instanceKlass com/sun/jna/platform/win32/WinDef
instanceKlass com/sun/jna/Library
instanceKlass com/sun/jna/win32/W32APITypeMapper$2
instanceKlass com/sun/jna/DefaultTypeMapper$Entry
instanceKlass com/sun/jna/win32/W32APITypeMapper$1
instanceKlass com/sun/jna/TypeConverter
instanceKlass com/sun/jna/DefaultTypeMapper
instanceKlass com/sun/jna/TypeMapper
instanceKlass com/sun/jna/Structure$ByReference
instanceKlass com/sun/jna/Native$3
instanceKlass com/sun/jna/Native$2
instanceKlass com/sun/jna/Structure$FFIType$FFITypes
instanceKlass com/sun/jna/Native$ffi_callback
instanceKlass com/sun/jna/JNIEnv
instanceKlass com/sun/jna/PointerType
instanceKlass com/sun/jna/NativeMapped
instanceKlass com/sun/jna/WString
instanceKlass com/sun/jna/win32/DLLCallback
instanceKlass com/sun/jna/CallbackProxy
instanceKlass com/sun/jna/Callback
instanceKlass com/sun/jna/Structure$ByValue
instanceKlass jdk/internal/loader/NativeLibraries$Unloader
instanceKlass java/io/FileOutputStream$1
instanceKlass sun/security/provider/AbstractDrbg$NonceProvider
instanceKlass  @bci sun/security/provider/AbstractDrbg$SeederHolder <clinit> ()V 42 <appendix> member <vmtarget> ; # sun/security/provider/AbstractDrbg$SeederHolder$$Lambda+0x000001f0811e2788
instanceKlass  @cpi sun/security/provider/AbstractDrbg$SeederHolder 91 form vmentry <vmtarget> ; # java/lang/invoke/LambdaForm$DMH+0x000001f0811c2c00
# instanceKlass java/lang/invoke/LambdaForm$DMH+0x000001f0811c2800
instanceKlass sun/nio/fs/BasicFileAttributesHolder
instanceKlass sun/nio/fs/WindowsDirectoryStream$WindowsDirectoryIterator
instanceKlass sun/nio/fs/WindowsDirectoryStream
instanceKlass java/nio/file/DirectoryStream
instanceKlass java/nio/file/Files$AcceptAllFilter
instanceKlass java/nio/file/DirectoryStream$Filter
instanceKlass java/net/NetworkInterface$1
instanceKlass java/net/DefaultInterface
instanceKlass java/net/Inet6Address$Inet6AddressHolder
instanceKlass java/net/InetAddress$PlatformResolver
instanceKlass java/net/spi/InetAddressResolver
instanceKlass java/net/spi/InetAddressResolver$LookupPolicy
instanceKlass java/net/Inet4AddressImpl
instanceKlass java/net/Inet6AddressImpl
instanceKlass java/net/InetAddressImpl
instanceKlass java/util/concurrent/ConcurrentSkipListMap$Node
instanceKlass java/util/concurrent/ConcurrentSkipListMap$Index
instanceKlass java/util/concurrent/ConcurrentNavigableMap
instanceKlass java/net/InetAddress$InetAddressHolder
instanceKlass java/net/InetAddress$1
instanceKlass jdk/internal/access/JavaNetInetAddressAccess
instanceKlass java/net/InterfaceAddress
instanceKlass java/net/NetworkInterface
instanceKlass sun/security/provider/SeedGenerator$1
instanceKlass sun/security/provider/SeedGenerator
instanceKlass sun/security/provider/AbstractDrbg$SeederHolder
instanceKlass java/security/DrbgParameters$NextBytes
instanceKlass  @bci sun/security/provider/AbstractDrbg <clinit> ()V 12 <appendix> argL0 ; # sun/security/provider/AbstractDrbg$$Lambda+0x000001f0810ffdc0
instanceKlass  @cpi sun/security/provider/AbstractDrbg 383 form vmentry <vmtarget> ; # java/lang/invoke/LambdaForm$DMH+0x000001f0811c2400
# instanceKlass java/lang/invoke/LambdaForm$DMH+0x000001f0811c2000
instanceKlass sun/security/provider/EntropySource
instanceKlass sun/security/provider/AbstractDrbg
instanceKlass java/security/DrbgParameters$Instantiation
instanceKlass java/security/DrbgParameters
instanceKlass sun/security/provider/MoreDrbgParameters
instanceKlass  @bci sun/security/provider/DRBG <init> (Ljava/security/SecureRandomParameters;)V 26 <appendix> argL0 ; # sun/security/provider/DRBG$$Lambda+0x000001f0810fe860
instanceKlass java/security/SecureRandomSpi
instanceKlass java/io/File$TempDirectory
instanceKlass com/sun/jna/Native$6
instanceKlass com/sun/jna/Platform
instanceKlass com/sun/jna/Native$1
instanceKlass com/sun/jna/Callback$UncaughtExceptionHandler
instanceKlass com/sun/jna/Native
instanceKlass com/sun/jna/Version
instanceKlass java/util/logging/Logger$SystemLoggerHelper$1
instanceKlass java/util/logging/Logger$SystemLoggerHelper
instanceKlass java/util/logging/LogManager$4
instanceKlass jdk/internal/logger/BootstrapLogger$BootstrapExecutors
instanceKlass jdk/internal/logger/LoggerFinderLoader
instanceKlass  @bci java/lang/System$LoggerFinder accessProvider ()Ljava/lang/System$LoggerFinder; 8 <appendix> argL0 ; # java/lang/System$LoggerFinder$$Lambda+0x000001f0810fcf48
instanceKlass  @bci java/util/logging/Level$KnownLevel findByName (Ljava/lang/String;Ljava/util/function/Function;)Ljava/util/Optional; 29 <appendix> argL0 ; # java/util/logging/Level$KnownLevel$$Lambda+0x800000022
instanceKlass  @bci java/util/logging/Level findLevel (Ljava/lang/String;)Ljava/util/logging/Level; 13 <appendix> argL0 ; # java/util/logging/Level$$Lambda+0x800000010
instanceKlass java/util/logging/LogManager$LoggerContext$1
instanceKlass java/util/logging/LogManager$VisitedLoggers
instanceKlass java/util/logging/LogManager$2
instanceKlass java/util/logging/LogManager$LoggingProviderAccess
instanceKlass java/util/logging/LogManager$LogNode
instanceKlass java/util/logging/LogManager$LoggerContext
instanceKlass java/util/logging/LogManager$1
instanceKlass java/util/logging/LogManager
instanceKlass java/util/logging/Logger$ConfigurationData
instanceKlass java/util/logging/Logger$LoggerBundle
instanceKlass  @bci java/util/logging/Level$KnownLevel add (Ljava/util/logging/Level;)V 49 <appendix> argL0 ; # java/util/logging/Level$KnownLevel$$Lambda+0x800000021
instanceKlass  @bci java/util/logging/Level$KnownLevel add (Ljava/util/logging/Level;)V 19 <appendix> argL0 ; # java/util/logging/Level$KnownLevel$$Lambda+0x800000020
instanceKlass java/util/logging/Level
instanceKlass java/util/logging/Handler
instanceKlass java/util/logging/Logger
instanceKlass com/sun/jna/FromNativeContext
instanceKlass com/sun/jna/FromNativeConverter
instanceKlass com/sun/jna/ToNativeConverter
instanceKlass com/sun/jna/ToNativeContext
instanceKlass com/sun/jna/Structure
instanceKlass com/sun/jna/Pointer
instanceKlass org/eclipse/core/internal/filesystem/local/NativeHandler
instanceKlass org/eclipse/core/internal/filesystem/local/LocalFileNativesManager
instanceKlass org/eclipse/core/internal/resources/LinkDescription
instanceKlass javax/xml/parsers/DocumentBuilder
instanceKlass jdk/xml/internal/XMLSecurityManager
instanceKlass javax/xml/parsers/DocumentBuilderFactory
instanceKlass org/eclipse/core/internal/runtime/XmlProcessorFactory
instanceKlass org/eclipse/core/internal/resources/IModelObjectConstants
instanceKlass java/util/AbstractMap$2$1
instanceKlass  @bci org/eclipse/core/internal/resources/ProjectVariableProviderManager <clinit> ()V 14 <appendix> argL0 ; # org/eclipse/core/internal/resources/ProjectVariableProviderManager$$Lambda+0x000001f0811b52d0
instanceKlass  @cpi org/eclipse/core/internal/resources/ProjectVariableProviderManager 171 form vmentry <vmtarget> ; # java/lang/invoke/LambdaForm$DMH+0x000001f0811b2800
instanceKlass org/eclipse/core/resources/variableresolvers/PathVariableResolver
instanceKlass org/eclipse/core/internal/resources/ProjectVariableProviderManager$Descriptor
instanceKlass org/eclipse/core/internal/resources/ProjectVariableProviderManager
instanceKlass org/eclipse/core/internal/resources/ProjectPathVariableManager
instanceKlass  @bci org/eclipse/core/internal/filesystem/local/LocalFile createExecutor (I)Ljava/util/concurrent/ForkJoinPool; 15 <appendix> argL0 ; # org/eclipse/core/internal/filesystem/local/LocalFile$$Lambda+0x000001f0811b3600
instanceKlass  @bci org/eclipse/core/internal/filesystem/local/LocalFile createExecutor (I)Ljava/util/concurrent/ForkJoinPool; 5 <appendix> argL0 ; # org/eclipse/core/internal/filesystem/local/LocalFile$$Lambda+0x000001f0811b33e0
instanceKlass java/util/concurrent/ForkJoinPool$2
instanceKlass jdk/internal/access/JavaUtilConcurrentFJPAccess
instanceKlass java/util/concurrent/ForkJoinPool$DefaultForkJoinWorkerThreadFactory
instanceKlass java/util/concurrent/ForkJoinPool$WorkQueue
instanceKlass java/util/concurrent/ForkJoinPool$ForkJoinWorkerThreadFactory
instanceKlass org/eclipse/jdt/ls/core/internal/filesystem/JLSFsUtils
instanceKlass sun/nio/fs/WindowsUriSupport
instanceKlass org/eclipse/core/filesystem/IFileStore
instanceKlass org/eclipse/jdt/ls/core/internal/filesystem/JDTLSFilesystemActivator$1
instanceKlass org/eclipse/jdt/ls/core/internal/filesystem/JDTLSFilesystemActivator
instanceKlass org/eclipse/core/filesystem/IFileSystem
instanceKlass org/eclipse/core/internal/filesystem/InternalFileSystemCore
instanceKlass org/eclipse/core/filesystem/EFS
instanceKlass org/eclipse/core/internal/localstore/FileStoreRoot
instanceKlass org/eclipse/core/filesystem/IFileInfo
instanceKlass org/eclipse/core/filesystem/URIUtil
instanceKlass org/eclipse/core/internal/resources/MarkerAttributeMap
instanceKlass org/eclipse/core/internal/resources/MarkerSet
instanceKlass org/eclipse/core/internal/resources/MarkerReader
instanceKlass org/eclipse/core/internal/watson/ElementTree$ChildIDsCache
instanceKlass  @bci org/eclipse/core/internal/resources/SaveManager initSnap (Lorg/eclipse/core/runtime/IProgressMonitor;)V 67 <appendix> argL0 ; # org/eclipse/core/internal/resources/SaveManager$$Lambda+0x000001f0811aa728
instanceKlass java/io/FilenameFilter
instanceKlass  @bci org/eclipse/lsp4j/jsonrpc/services/GenericEndpoint recursiveFindRpcMethods (Ljava/lang/Object;Ljava/util/Set;Ljava/util/Set;)V 24 <appendix> form vmentry <vmtarget> ; # java/lang/invoke/LambdaForm$DMH+0x000001f0811aec00
instanceKlass  @bci org/eclipse/core/internal/jobs/JobManager cancel (Lorg/eclipse/core/internal/jobs/InternalJob;)Z 15 <appendix> member <vmtarget> ; # org/eclipse/core/internal/jobs/JobManager$$Lambda+0x000001f081175538
instanceKlass org/eclipse/core/internal/utils/ObjectMap
instanceKlass org/eclipse/core/internal/dtree/DataTreeLookup
instanceKlass org/eclipse/core/internal/dtree/DataTreeReader
instanceKlass org/eclipse/core/internal/watson/ElementTreeReader$1
instanceKlass org/eclipse/core/internal/dtree/IDataFlattener
instanceKlass org/eclipse/core/internal/watson/ElementTreeReader
instanceKlass org/eclipse/core/resources/IFileState
instanceKlass org/eclipse/core/internal/events/BuilderPersistentInfo
instanceKlass  @bci org/eclipse/core/internal/resources/LocalMetaArea getSafeTableLocationFor (Ljava/lang/String;)Lorg/eclipse/core/runtime/IPath; 44 <appendix> form vmentry <vmtarget> ; # java/lang/invoke/LambdaForm$MH+0x000001f0811ae800
# instanceKlass java/lang/invoke/LambdaForm$MH+0x000001f0811ae400
instanceKlass  @bci org/eclipse/core/internal/resources/LocalMetaArea getSafeTableLocationFor (Ljava/lang/String;)Lorg/eclipse/core/runtime/IPath; 44 <appendix> argL3 form vmentry <vmtarget> ; # java/lang/invoke/LambdaForm$MH+0x000001f0811ae000
# instanceKlass java/lang/invoke/LambdaForm$MH+0x000001f0811adc00
# instanceKlass java/lang/invoke/LambdaForm$MH+0x000001f0811ad800
# instanceKlass java/lang/invoke/LambdaForm$MH+0x000001f0811ad400
# instanceKlass java/lang/invoke/LambdaForm$MH+0x000001f0811ad000
instanceKlass  @bci org/eclipse/core/internal/resources/LocalMetaArea getSafeTableLocationFor (Ljava/lang/String;)Lorg/eclipse/core/runtime/IPath; 44 <appendix> argL1 form vmentry <vmtarget> ; # java/lang/invoke/LambdaForm$MH+0x000001f0811acc00
# instanceKlass java/lang/invoke/LambdaForm$MH+0x000001f0811ac800
# instanceKlass java/lang/invoke/LambdaForm$MH+0x000001f0811ac400
# instanceKlass java/lang/invoke/LambdaForm$MH+0x000001f0811ac000
instanceKlass org/eclipse/core/internal/resources/SafeFileTable
instanceKlass org/eclipse/core/internal/resources/SavedState
instanceKlass org/eclipse/core/internal/resources/SyncInfoReader
instanceKlass org/eclipse/core/internal/resources/WorkspaceTreeReader
instanceKlass org/eclipse/core/resources/ISaveContext
instanceKlass org/eclipse/core/resources/ISavedState
instanceKlass org/eclipse/core/internal/resources/SaveManager
instanceKlass org/eclipse/core/internal/watson/IElementInfoFlattener
instanceKlass org/eclipse/core/internal/resources/SyncInfoWriter
instanceKlass org/eclipse/core/internal/resources/Synchronizer
instanceKlass org/eclipse/core/internal/resources/MarkerWriter
instanceKlass org/eclipse/core/internal/resources/MarkerDeltaManager
instanceKlass org/eclipse/core/internal/resources/MarkerTypeDefinitionCache$MarkerTypeDefinition
instanceKlass org/eclipse/core/internal/resources/MarkerTypeDefinitionCache
instanceKlass org/eclipse/core/internal/resources/MarkerInfo
instanceKlass org/eclipse/core/internal/resources/IMarkerSetElement
instanceKlass org/eclipse/core/internal/resources/MarkerManager
instanceKlass  @bci org/eclipse/core/internal/events/NotificationManager$NotifyJob <init> (Lorg/eclipse/core/internal/events/NotificationManager;)V 13 <appendix> argL0 ; # org/eclipse/core/internal/events/NotificationManager$NotifyJob$$Lambda+0x000001f08119f488
instanceKlass org/eclipse/core/internal/events/ResourceChangeListenerList
instanceKlass org/eclipse/core/internal/events/NotificationManager
instanceKlass java/util/stream/SortedOps
instanceKlass  @bci org/eclipse/core/internal/runtime/InternalPlatform getBundles0 (Ljava/lang/String;Ljava/lang/String;)Ljava/util/stream/Stream; 90 <appendix> argL0 ; # org/eclipse/core/internal/runtime/InternalPlatform$$Lambda+0x000001f08119d800
instanceKlass  @bci org/eclipse/core/internal/runtime/InternalPlatform getBundles0 (Ljava/lang/String;Ljava/lang/String;)Ljava/util/stream/Stream; 80 <appendix> argL0 ; # org/eclipse/core/internal/runtime/InternalPlatform$$Lambda+0x000001f081181d48
instanceKlass org/eclipse/core/internal/events/BuildManager$DeltaCache
instanceKlass org/eclipse/core/resources/ICommand
instanceKlass org/eclipse/core/internal/events/InternalBuilder
instanceKlass org/eclipse/core/resources/IResourceDelta
instanceKlass org/eclipse/core/resources/IBuildContext
instanceKlass org/eclipse/core/internal/events/BuildManager
instanceKlass org/eclipse/core/internal/resources/FilterTypeManager$1
instanceKlass org/eclipse/core/internal/resources/FilterDescriptor
instanceKlass org/eclipse/core/resources/IFilterMatcherDescriptor
instanceKlass org/eclipse/core/internal/resources/FilterTypeManager
instanceKlass org/eclipse/core/resources/IProjectNatureDescriptor
instanceKlass org/eclipse/core/internal/resources/NatureManager
instanceKlass org/eclipse/core/internal/events/ILifecycleListener
instanceKlass org/eclipse/core/internal/resources/PathVariableManager
instanceKlass  @bci org/eclipse/core/internal/resources/WorkspaceRoot getProject (Ljava/lang/String;)Lorg/eclipse/core/resources/IProject; 95 <appendix> member <vmtarget> ; # org/eclipse/core/internal/resources/WorkspaceRoot$$Lambda+0x000001f081199920
instanceKlass java/text/AttributedCharacterIterator$Attribute
instanceKlass java/text/FieldPosition$Delegate
instanceKlass java/text/Format$FieldDelegate
instanceKlass java/text/DigitList
instanceKlass  @bci sun/util/locale/provider/JRELocaleProviderAdapter getDecimalFormatSymbolsProvider ()Ljava/text/spi/DecimalFormatSymbolsProvider; 8 <appendix> member <vmtarget> ; # sun/util/locale/provider/JRELocaleProviderAdapter$$Lambda+0x800000065
instanceKlass java/text/DecimalFormatSymbols
instanceKlass sun/util/resources/Bundles$2
instanceKlass sun/util/resources/Bundles$CacheKeyReference
instanceKlass  @bci java/util/ResourceBundle$ResourceBundleProviderHelper newResourceBundle (Ljava/lang/Class;)Ljava/util/ResourceBundle; 22 <appendix> member <vmtarget> ; # java/util/ResourceBundle$ResourceBundleProviderHelper$$Lambda+0x80000000f
instanceKlass java/util/ResourceBundle$ResourceBundleProviderHelper
instanceKlass  @bci sun/util/cldr/CLDRLocaleProviderAdapter applyAliases (Ljava/util/Locale;)Ljava/util/Locale; 4 <appendix> argL0 ; # sun/util/cldr/CLDRLocaleProviderAdapter$$Lambda+0x80000005e
instanceKlass sun/util/resources/LocaleData$LocaleDataResourceBundleProvider
instanceKlass java/util/spi/ResourceBundleProvider
instanceKlass sun/util/resources/Bundles$CacheKey
instanceKlass sun/util/resources/Bundles
instanceKlass sun/util/resources/LocaleData$LocaleDataStrategy
instanceKlass sun/util/resources/Bundles$Strategy
instanceKlass sun/util/resources/LocaleData$1
instanceKlass java/util/ResourceBundle$Control
instanceKlass sun/util/resources/LocaleData
instanceKlass sun/util/locale/provider/LocaleResources
instanceKlass java/util/Locale$Builder
instanceKlass sun/util/locale/provider/CalendarDataUtility
instanceKlass sun/util/locale/provider/AvailableLanguageTags
instanceKlass  @bci sun/util/locale/provider/JRELocaleProviderAdapter getNumberFormatProvider ()Ljava/text/spi/NumberFormatProvider; 8 <appendix> member <vmtarget> ; # sun/util/locale/provider/JRELocaleProviderAdapter$$Lambda+0x800000066
instanceKlass  @bci org/eclipse/jdt/core/dom/ASTParser internalCreateAST (Lorg/eclipse/core/runtime/IProgressMonitor;)Lorg/eclipse/jdt/core/dom/ASTNode; 2 <bsm> form vmentry <vmtarget> ; # java/lang/invoke/LambdaForm$DMH+0x000001f08119c800
instanceKlass sun/util/resources/cldr/provider/CLDRLocaleDataMetaInfo
instanceKlass jdk/internal/module/ModulePatcher$PatchedModuleReader
instanceKlass  @bci sun/util/cldr/CLDRLocaleProviderAdapter <init> ()V 4 <appendix> argL0 ; # sun/util/cldr/CLDRLocaleProviderAdapter$$Lambda+0x800000060
instanceKlass sun/util/locale/InternalLocaleBuilder$CaseInsensitiveChar
instanceKlass sun/util/locale/InternalLocaleBuilder
instanceKlass sun/util/locale/StringTokenIterator
instanceKlass sun/util/locale/ParseStatus
instanceKlass sun/util/locale/LanguageTag
instanceKlass sun/util/cldr/CLDRBaseLocaleDataMetaInfo
instanceKlass sun/util/locale/provider/LocaleDataMetaInfo
instanceKlass sun/util/locale/provider/ResourceBundleBasedAdapter
instanceKlass sun/util/locale/provider/LocaleProviderAdapter
instanceKlass java/util/spi/LocaleServiceProvider
instanceKlass java/text/FieldPosition
instanceKlass java/text/Format
instanceKlass org/eclipse/core/internal/preferences/PreferencesService$1
instanceKlass  @bci org/eclipse/core/internal/preferences/PreferencesService getLookupOrder (Ljava/lang/String;Ljava/lang/String;)[Ljava/lang/String; 29 <appendix> argL0 ; # org/eclipse/core/internal/preferences/PreferencesService$$Lambda+0x000001f08118cfd8
instanceKlass  @bci org/eclipse/core/internal/localstore/FileSystemResourceManager <init> (Lorg/eclipse/core/internal/resources/Workspace;)V 6 <appendix> member <vmtarget> ; # org/eclipse/core/internal/localstore/FileSystemResourceManager$$Lambda+0x000001f081198530
instanceKlass org/eclipse/core/internal/localstore/RefreshLocalVisitor
instanceKlass org/eclipse/core/internal/localstore/ILocalStoreConstants
instanceKlass org/eclipse/core/internal/localstore/IHistoryStore
instanceKlass org/eclipse/core/internal/localstore/IUnifiedTreeVisitor
instanceKlass org/eclipse/core/internal/localstore/FileSystemResourceManager
instanceKlass org/eclipse/core/runtime/jobs/MultiRule
instanceKlass org/eclipse/core/internal/jobs/OrderedLock
instanceKlass java/lang/invoke/DirectMethodHandle$1
instanceKlass org/eclipse/core/internal/runtime/LocalizationUtils
instanceKlass org/eclipse/core/runtime/Status
instanceKlass org/eclipse/core/internal/resources/WorkManager$NotifyRule
instanceKlass org/eclipse/core/internal/resources/WorkManager
instanceKlass org/eclipse/core/runtime/NullProgressMonitor
instanceKlass org/eclipse/core/runtime/preferences/IExportedPreferences
instanceKlass  @bci org/eclipse/core/internal/resources/WorkspacePreferences <init> ()V 189 <appendix> member <vmtarget> ; # org/eclipse/core/internal/resources/WorkspacePreferences$$Lambda+0x000001f08118a590
instanceKlass org/eclipse/core/runtime/Preferences$IPropertyChangeListener
instanceKlass org/eclipse/core/runtime/preferences/IEclipsePreferences$INodeChangeListener
instanceKlass org/eclipse/core/runtime/preferences/IEclipsePreferences$IPreferenceChangeListener
instanceKlass  @bci org/eclipse/core/runtime/Plugin getPluginPreferences ()Lorg/eclipse/core/runtime/Preferences; 65 <appendix> member <vmtarget> ; # org/eclipse/core/runtime/Plugin$$Lambda+0x000001f081181370
instanceKlass org/eclipse/core/runtime/Preferences
# instanceKlass java/lang/invoke/LambdaForm$MH+0x000001f081197800
instanceKlass lombok/eclipse/agent/PatchFixesShadowLoaded
instanceKlass lombok/core/LombokNode
instanceKlass lombok/core/DiagnosticsReceiver
instanceKlass lombok/launch/PatchFixesHider$Util
instanceKlass lombok/launch/PatchFixesHider$LombokDeps
instanceKlass lombok/launch/ClassFileMetaData
instanceKlass  @bci jdk/internal/reflect/MethodHandleObjectFieldAccessorImpl set (Ljava/lang/Object;Ljava/lang/Object;)V 41 <adapter> ; # java/lang/invoke/LambdaForm$MH+0x000001f081196400
instanceKlass lombok/launch/PackageShader
# instanceKlass java/lang/invoke/LambdaForm$MH+0x000001f081196000
# instanceKlass java/lang/invoke/LambdaForm$MH+0x000001f081195c00
# instanceKlass java/lang/invoke/LambdaForm$MH+0x000001f081195800
# instanceKlass java/lang/invoke/LambdaForm$MH+0x000001f081195400
instanceKlass  @bci org/eclipse/core/internal/events/BuildManager getDeltaCached (Lorg/eclipse/core/resources/IProject;Lorg/eclipse/core/internal/watson/ElementTree;Lorg/eclipse/core/internal/watson/ElementTree;)Lorg/eclipse/core/resources/IResourceDelta; 22 <appendix> form vmentry <vmtarget> ; # java/lang/invoke/LambdaForm$DMH+0x000001f081195000
# instanceKlass java/lang/invoke/LambdaForm$MH+0x000001f081193400
# instanceKlass java/lang/invoke/LambdaForm$MH+0x000001f081193000
# instanceKlass java/lang/invoke/LambdaForm$MH+0x000001f081192c00
instanceKlass  @cpi org/eclipse/jdt/internal/core/builder/ClasspathJrt 447 form vmentry <vmtarget> ; # java/lang/invoke/LambdaForm$DMH+0x000001f081192800
# instanceKlass java/lang/invoke/LambdaForm$MH+0x000001f081192000
# instanceKlass java/lang/invoke/LambdaForm$MH+0x000001f081191c00
# instanceKlass java/lang/invoke/LambdaForm$MH+0x000001f081191800
# instanceKlass java/lang/invoke/LambdaForm$MH+0x000001f081191400
instanceKlass jdk/internal/vm/annotation/ForceInline
instanceKlass java/lang/constant/ClassDesc
instanceKlass java/io/ObjectOutput
instanceKlass java/io/ObjectStreamConstants
instanceKlass java/io/ObjectInput
instanceKlass java/lang/foreign/ValueLayout
instanceKlass java/lang/foreign/MemoryLayout
# instanceKlass java/lang/invoke/LambdaForm$MH+0x000001f081191000
# instanceKlass java/lang/invoke/LambdaForm$MH+0x000001f081190c00
# instanceKlass java/lang/invoke/LambdaForm$MH+0x000001f081190800
# instanceKlass java/lang/invoke/LambdaForm$MH+0x000001f081190400
# instanceKlass java/lang/invoke/LambdaForm$MH+0x000001f081190000
instanceKlass org/eclipse/core/internal/runtime/Product
instanceKlass org/eclipse/core/runtime/IProduct
instanceKlass lombok/patcher/scripts/WrapReturnValuesScript$1
instanceKlass org/eclipse/equinox/internal/app/ProductExtensionBranding
instanceKlass org/eclipse/core/internal/runtime/FindSupport
instanceKlass org/eclipse/core/runtime/FileLocator
instanceKlass  @bci org/eclipse/osgi/internal/framework/legacy/PackageAdminImpl getBundles (Ljava/lang/String;Ljava/lang/String;)[Lorg/osgi/framework/Bundle; 281 <appendix> argL0 ; # org/eclipse/osgi/internal/framework/legacy/PackageAdminImpl$$Lambda+0x000001f081184468
instanceKlass org/eclipse/core/runtime/SafeRunner
instanceKlass  @bci org/eclipse/core/internal/preferences/PreferenceServiceRegistryHelper runInitializer (Lorg/eclipse/core/runtime/IConfigurationElement;)V 18 <appendix> member <vmtarget> ; # org/eclipse/core/internal/preferences/PreferenceServiceRegistryHelper$$Lambda+0x000001f08118c000
instanceKlass org/eclipse/core/runtime/IExecutableExtensionFactory
instanceKlass org/eclipse/core/runtime/IExecutableExtension
instanceKlass org/eclipse/core/runtime/preferences/AbstractPreferenceInitializer
instanceKlass org/eclipse/core/internal/dtree/AbstractDataTree
instanceKlass org/eclipse/core/internal/dtree/AbstractDataTreeNode
instanceKlass org/eclipse/core/internal/watson/ElementTree
instanceKlass org/eclipse/core/internal/runtime/DataArea
instanceKlass org/eclipse/core/internal/runtime/MetaDataKeeper
instanceKlass org/eclipse/core/internal/resources/LocalMetaArea
instanceKlass org/eclipse/core/internal/resources/LocationValidator
instanceKlass org/eclipse/core/runtime/Platform$OS
instanceKlass org/eclipse/core/internal/utils/FileUtil
instanceKlass org/eclipse/core/resources/IResourceFilterDescription
instanceKlass org/eclipse/core/internal/watson/IElementContentVisitor
instanceKlass org/eclipse/core/resources/IMarker
instanceKlass org/eclipse/core/resources/team/IResourceTree
instanceKlass org/eclipse/core/resources/IResourceProxy
instanceKlass  @bci jdk/internal/reflect/MethodHandleObjectFieldAccessorImpl set (Ljava/lang/Object;Ljava/lang/Object;)V 29 <adapter> ; # java/lang/invoke/LambdaForm$MH+0x000001f081182800
# instanceKlass java/lang/invoke/LambdaForm$MH+0x000001f081182400
# instanceKlass java/lang/invoke/LambdaForm$MH+0x000001f081182000
instanceKlass java/util/ResourceBundle$1
instanceKlass jdk/internal/access/JavaUtilResourceBundleAccess
instanceKlass java/util/ResourceBundle
instanceKlass  @bci org/eclipse/osgi/util/NLS <clinit> ()V 7 <appendix> argL0 ; # org/eclipse/osgi/util/NLS$$Lambda+0x000001f08112fc00
instanceKlass org/eclipse/osgi/util/NLS
instanceKlass org/eclipse/core/runtime/Platform
instanceKlass org/eclipse/core/resources/team/FileModificationValidationContext
instanceKlass org/eclipse/core/internal/resources/InternalTeamHook
instanceKlass org/eclipse/core/resources/IPathVariableManager
instanceKlass org/eclipse/core/resources/IProjectDescription
instanceKlass org/eclipse/core/resources/team/IMoveDeleteHook
instanceKlass org/eclipse/core/resources/IProject
instanceKlass org/eclipse/core/internal/resources/ModelObject
instanceKlass org/eclipse/core/internal/watson/IElementComparator
instanceKlass org/eclipse/core/internal/dtree/IComparator
instanceKlass org/eclipse/core/resources/IBuildConfiguration
instanceKlass org/eclipse/core/resources/IResourceRuleFactory
instanceKlass org/eclipse/core/resources/ISynchronizer
instanceKlass org/eclipse/core/internal/properties/IPropertyManager
instanceKlass org/eclipse/core/internal/resources/IManager
instanceKlass org/eclipse/core/resources/IWorkspaceDescription
instanceKlass org/eclipse/core/resources/IFile
instanceKlass org/eclipse/core/resources/IEncodedStorage
instanceKlass org/eclipse/core/resources/IStorage
instanceKlass org/eclipse/core/resources/IFolder
instanceKlass org/eclipse/core/internal/watson/IPathRequestor
instanceKlass org/eclipse/core/internal/resources/ResourceInfo
instanceKlass org/eclipse/core/internal/utils/IStringPoolParticipant
instanceKlass org/eclipse/core/runtime/ICoreRunnable
instanceKlass org/eclipse/core/internal/watson/IElementTreeData
instanceKlass org/eclipse/core/internal/jobs/WorkerPool
instanceKlass org/eclipse/core/internal/jobs/JobQueue
instanceKlass org/eclipse/core/internal/jobs/DeadlockDetector
instanceKlass org/eclipse/core/internal/jobs/LockManager
instanceKlass org/eclipse/core/runtime/jobs/JobChangeAdapter
instanceKlass  @bci org/eclipse/core/internal/jobs/JobManager <init> ()V 52 <appendix> member <vmtarget> ; # org/eclipse/core/internal/jobs/JobManager$$Lambda+0x000001f081172cc0
instanceKlass  @bci org/eclipse/core/internal/jobs/JobListeners <init> ()V 50 <appendix> argL0 ; # org/eclipse/core/internal/jobs/JobListeners$$Lambda+0x000001f081172aa0
instanceKlass  @bci org/eclipse/core/internal/jobs/JobListeners <init> ()V 41 <appendix> argL0 ; # org/eclipse/core/internal/jobs/JobListeners$$Lambda+0x000001f081172880
instanceKlass  @bci org/eclipse/core/internal/jobs/JobListeners <init> ()V 32 <appendix> argL0 ; # org/eclipse/core/internal/jobs/JobListeners$$Lambda+0x000001f081172660
instanceKlass  @bci org/eclipse/core/internal/jobs/JobListeners <init> ()V 23 <appendix> argL0 ; # org/eclipse/core/internal/jobs/JobListeners$$Lambda+0x000001f081172440
instanceKlass  @bci org/eclipse/core/internal/jobs/JobListeners <init> ()V 14 <appendix> argL0 ; # org/eclipse/core/internal/jobs/JobListeners$$Lambda+0x000001f081172220
instanceKlass  @bci org/eclipse/core/internal/jobs/JobListeners <init> ()V 5 <appendix> argL0 ; # org/eclipse/core/internal/jobs/JobListeners$$Lambda+0x000001f081172000
instanceKlass  @cpi org/eclipse/core/internal/jobs/JobListeners 385 form vmentry <vmtarget> ; # java/lang/invoke/LambdaForm$DMH+0x000001f081171000
instanceKlass org/eclipse/core/internal/jobs/JobListeners$IListenerDoit
instanceKlass org/eclipse/core/runtime/jobs/IJobChangeEvent
instanceKlass org/eclipse/core/internal/jobs/JobListeners
instanceKlass org/eclipse/core/internal/jobs/ImplicitJobs
instanceKlass org/eclipse/core/internal/jobs/JobManager$1
instanceKlass org/eclipse/core/runtime/ProgressMonitorWrapper
instanceKlass org/eclipse/core/runtime/IProgressMonitorWithBlocking
instanceKlass org/eclipse/core/internal/jobs/InternalJobGroup
instanceKlass org/eclipse/core/runtime/jobs/ILock
instanceKlass org/eclipse/core/runtime/jobs/IJobChangeListener
instanceKlass org/eclipse/core/internal/jobs/JobManager
instanceKlass org/eclipse/core/runtime/jobs/IJobManager
instanceKlass org/eclipse/core/internal/jobs/JobOSGiUtils
instanceKlass org/eclipse/core/internal/jobs/JobActivator
instanceKlass org/eclipse/core/resources/IWorkspaceRoot
instanceKlass org/eclipse/core/resources/IContainer
instanceKlass org/eclipse/core/resources/IResource
instanceKlass org/eclipse/core/runtime/jobs/ISchedulingRule
instanceKlass org/eclipse/core/runtime/PlatformObject
instanceKlass org/eclipse/core/internal/resources/ICoreConstants
instanceKlass java/util/Formatter$Flags
instanceKlass java/util/Formattable
instanceKlass java/util/Formatter$FormatSpecifier
instanceKlass java/util/Formatter$Conversion
instanceKlass java/util/Formatter$FixedString
instanceKlass java/util/Formatter$FormatString
instanceKlass  @bci java/util/regex/Pattern union (Ljava/util/regex/Pattern$CharPredicate;Ljava/util/regex/Pattern$CharPredicate;Z)Ljava/util/regex/Pattern$CharPredicate; 6 <appendix> member <vmtarget> ; # java/util/regex/Pattern$$Lambda+0x800000031
instanceKlass  @bci java/util/regex/Pattern Range (II)Ljava/util/regex/Pattern$CharPredicate; 23 <appendix> member <vmtarget> ; # java/util/regex/Pattern$$Lambda+0x800000029
instanceKlass java/util/Formatter
instanceKlass java/time/zone/Ser
instanceKlass java/io/Externalizable
instanceKlass java/time/zone/ZoneRulesProvider$1
instanceKlass java/time/zone/ZoneRulesProvider
instanceKlass sun/util/calendar/ZoneInfoFile$ZoneOffsetTransitionRule
instanceKlass sun/util/calendar/ZoneInfoFile$1
instanceKlass sun/util/calendar/ZoneInfoFile
instanceKlass java/util/TimeZone
instanceKlass  @bci java/time/format/DateTimeFormatter <clinit> ()V 1075 <appendix> argL0 ; # java/time/format/DateTimeFormatter$$Lambda+0x80000000d
instanceKlass  @bci java/time/format/DateTimeFormatter <clinit> ()V 1067 <appendix> argL0 ; # java/time/format/DateTimeFormatter$$Lambda+0x80000000c
instanceKlass java/time/Period
instanceKlass java/time/chrono/ChronoPeriod
instanceKlass java/time/format/DateTimeFormatterBuilder$TextPrinterParser
instanceKlass java/time/format/DateTimeTextProvider$1
instanceKlass java/time/format/DateTimeTextProvider
instanceKlass java/util/AbstractMap$SimpleImmutableEntry
instanceKlass java/time/format/DateTimeTextProvider$LocaleStore
instanceKlass java/time/format/DateTimeFormatterBuilder$InstantPrinterParser
instanceKlass java/time/format/DateTimeFormatterBuilder$StringLiteralPrinterParser
instanceKlass java/time/format/DateTimeFormatterBuilder$ZoneIdPrinterParser
instanceKlass java/time/format/DateTimeFormatterBuilder$OffsetIdPrinterParser
instanceKlass java/time/format/DecimalStyle
instanceKlass java/time/format/DateTimeFormatterBuilder$CompositePrinterParser
instanceKlass java/time/chrono/AbstractChronology
instanceKlass java/time/chrono/Chronology
instanceKlass java/time/format/DateTimeFormatterBuilder$CharLiteralPrinterParser
instanceKlass java/time/format/DateTimeFormatterBuilder$NumberPrinterParser
instanceKlass java/time/format/DateTimeFormatterBuilder$DateTimePrinterParser
instanceKlass java/time/temporal/JulianFields
instanceKlass java/time/temporal/IsoFields
instanceKlass  @bci java/time/format/DateTimeFormatterBuilder <clinit> ()V 0 <appendix> argL0 ; # java/time/format/DateTimeFormatterBuilder$$Lambda+0x80000000e
instanceKlass java/time/temporal/TemporalQuery
instanceKlass java/time/format/DateTimeFormatterBuilder
instanceKlass java/time/format/DateTimeFormatter
instanceKlass org/eclipse/osgi/internal/debug/EclipseDebugTrace
instanceKlass org/eclipse/core/internal/utils/Policy$1
instanceKlass org/eclipse/core/runtime/IProgressMonitor
instanceKlass org/eclipse/core/internal/utils/Policy
instanceKlass org/eclipse/core/resources/ResourcesPlugin$WorkspaceInitCustomizer
instanceKlass org/eclipse/core/resources/IWorkspace
instanceKlass org/eclipse/core/runtime/IAdaptable
instanceKlass org/eclipse/jdt/ls/core/internal/managers/ProjectsManager
instanceKlass org/eclipse/jdt/ls/core/internal/managers/IProjectsManager
instanceKlass org/eclipse/core/resources/ISaveParticipant
instanceKlass org/eclipse/core/internal/runtime/LogServiceFactory
instanceKlass org/eclipse/equinox/internal/app/AppCommands
instanceKlass  @bci org/eclipse/equinox/internal/app/EclipseAppDescriptor getInstanceID ()Ljava/lang/String; 31 <adapter> ; # java/lang/invoke/LambdaForm$MH+0x000001f08116a400
instanceKlass  @bci org/eclipse/equinox/internal/app/EclipseAppDescriptor getInstanceID ()Ljava/lang/String; 31 <appendix> form vmentry <vmtarget> ; # java/lang/invoke/LambdaForm$MH+0x000001f08116a000
# instanceKlass java/lang/invoke/LambdaForm$MH+0x000001f081169c00
instanceKlass  @bci org/eclipse/equinox/internal/app/EclipseAppDescriptor getInstanceID ()Ljava/lang/String; 31 <appendix> form names 6 function resolvedHandle form vmentry <vmtarget> ; # java/lang/invoke/LambdaForm$DMH+0x000001f081169800
instanceKlass  @bci org/eclipse/equinox/internal/app/EclipseAppDescriptor getInstanceID ()Ljava/lang/String; 31 <appendix> argL3 form vmentry <vmtarget> ; # java/lang/invoke/LambdaForm$MH+0x000001f081169400
# instanceKlass java/lang/invoke/LambdaForm$MH+0x000001f081169000
# instanceKlass java/lang/invoke/LambdaForm$MH+0x000001f081168c00
# instanceKlass java/lang/invoke/LambdaForm$MH+0x000001f081168800
# instanceKlass java/lang/invoke/LambdaForm$MH+0x000001f081168400
instanceKlass  @bci org/eclipse/equinox/internal/app/EclipseAppDescriptor getInstanceID ()Ljava/lang/String; 31 <appendix> form names 10 function resolvedHandle form vmentry <vmtarget> ; # java/lang/invoke/LambdaForm$DMH+0x000001f081168000
instanceKlass  @bci org/eclipse/equinox/internal/app/EclipseAppDescriptor getInstanceID ()Ljava/lang/String; 31 <appendix> argL1 form vmentry <vmtarget> ; # java/lang/invoke/LambdaForm$MH+0x000001f081167c00
# instanceKlass java/lang/invoke/LambdaForm$MH+0x000001f081167800
# instanceKlass java/lang/invoke/LambdaForm$MH+0x000001f081167400
# instanceKlass java/lang/invoke/LambdaForm$MH+0x000001f081167000
instanceKlass org/eclipse/equinox/internal/app/EclipseAppContainer$RegisterService
instanceKlass org/eclipse/core/runtime/spi/RegistryContributor
instanceKlass org/eclipse/equinox/app/IApplicationContext
instanceKlass org/osgi/service/application/ApplicationHandle
instanceKlass org/osgi/service/application/ApplicationDescriptor
instanceKlass org/eclipse/osgi/service/runnable/ApplicationLauncher
instanceKlass org/eclipse/osgi/service/runnable/ApplicationRunnable
instanceKlass org/eclipse/equinox/internal/app/IBranding
instanceKlass org/eclipse/osgi/service/runnable/ParameterizedRunnable
instanceKlass org/eclipse/equinox/internal/app/EclipseAppContainer
instanceKlass org/osgi/service/application/ScheduledApplication
instanceKlass org/eclipse/equinox/internal/app/AppPersistence
instanceKlass org/eclipse/equinox/internal/app/Activator
instanceKlass org/eclipse/equinox/internal/app/CommandLineArgs
instanceKlass org/eclipse/core/internal/preferences/legacy/InitLegacyPreferences
instanceKlass org/eclipse/core/internal/preferences/legacy/ProductPreferencesService
instanceKlass org/eclipse/core/internal/preferences/exchange/IProductPreferencesService
instanceKlass org/eclipse/core/internal/runtime/KeyStoreUtil
instanceKlass org/eclipse/core/internal/runtime/AuthorizationHandler
instanceKlass org/eclipse/core/runtime/IBundleGroupProvider
instanceKlass java/util/Collections$ReverseComparator2
instanceKlass  @bci org/eclipse/core/internal/runtime/InternalPlatform <clinit> ()V 98 <appendix> argL0 ; # org/eclipse/core/internal/runtime/InternalPlatform$$Lambda+0x000001f081161000
instanceKlass org/eclipse/core/runtime/ILog
instanceKlass org/eclipse/core/internal/runtime/InternalPlatform
instanceKlass org/eclipse/core/runtime/Plugin
instanceKlass org/eclipse/osgi/internal/loader/buddy/PolicyHandler
instanceKlass org/osgi/util/promise/DeferredPromiseImpl$ResolveWith
instanceKlass  @bci org/osgi/util/promise/PromiseFactory$All run ()V 81 <appendix> member <vmtarget> ; # org/osgi/util/promise/PromiseFactory$All$$Lambda+0x000001f081162000
instanceKlass  @cpi org/osgi/util/promise/PromiseFactory$All 144 form vmentry <vmtarget> ; # java/lang/invoke/LambdaForm$DMH+0x000001f081160000
instanceKlass org/osgi/util/promise/PromiseImpl$Result
instanceKlass org/osgi/util/promise/PromiseFactory$All
instanceKlass org/osgi/util/promise/PromiseImpl$InlineCallback
instanceKlass org/eclipse/core/runtime/QualifiedName
instanceKlass org/eclipse/core/internal/content/ContentTypeHandler
instanceKlass org/apache/felix/scr/impl/inject/methods/ActivateMethod$1
instanceKlass org/apache/felix/scr/impl/inject/MethodResult
instanceKlass org/eclipse/core/internal/content/ContentTypeManager$ContentTypeRegistryChangeListener
instanceKlass org/apache/felix/scr/impl/manager/DependencyManager$OpenStatusImpl
instanceKlass org/apache/felix/scr/impl/manager/SingleComponentManager$1
instanceKlass org/apache/felix/scr/impl/inject/ReferenceMethod$1
instanceKlass org/apache/felix/scr/impl/inject/methods/BaseMethod$Resolved
instanceKlass org/apache/felix/scr/impl/inject/methods/BaseMethod$MethodInfo
instanceKlass org/apache/felix/scr/impl/inject/methods/BaseMethod$1
instanceKlass  @bci java/util/stream/Collectors joining (Ljava/lang/CharSequence;Ljava/lang/CharSequence;Ljava/lang/CharSequence;)Ljava/util/stream/Collector; 22 <appendix> argL0 ; # java/util/stream/Collectors$$Lambda+0x800000042
instanceKlass  @bci java/util/stream/Collectors joining (Ljava/lang/CharSequence;Ljava/lang/CharSequence;Ljava/lang/CharSequence;)Ljava/util/stream/Collector; 17 <appendix> argL0 ; # java/util/stream/Collectors$$Lambda+0x800000040
instanceKlass  @bci java/util/stream/Collectors joining (Ljava/lang/CharSequence;Ljava/lang/CharSequence;Ljava/lang/CharSequence;)Ljava/util/stream/Collector; 12 <appendix> argL0 ; # java/util/stream/Collectors$$Lambda+0x80000003d
instanceKlass  @bci java/util/stream/Collectors joining (Ljava/lang/CharSequence;Ljava/lang/CharSequence;Ljava/lang/CharSequence;)Ljava/util/stream/Collector; 7 <appendix> member <vmtarget> ; # java/util/stream/Collectors$$Lambda+0x800000045
instanceKlass  @bci java/lang/Class methodToString (Ljava/lang/String;[Ljava/lang/Class;)Ljava/lang/String; 42 <appendix> argL0 ; # java/lang/Class$$Lambda+0x000001f0810edee8
instanceKlass org/eclipse/core/runtime/content/IContentTypeManager$IContentTypeChangeListener
instanceKlass org/eclipse/core/internal/content/BasicDescription
instanceKlass org/eclipse/core/internal/content/ContentTypeBuilder
instanceKlass org/eclipse/core/internal/preferences/BundleStateScopeServiceFactory
instanceKlass org/eclipse/core/internal/preferences/Activator$1
instanceKlass  @bci org/eclipse/jdt/internal/compiler/ClassFile addProblemClinit ([Lorg/eclipse/jdt/core/compiler/CategorizedProblem;)V 111 <appendix> form vmentry <vmtarget> ; # java/lang/invoke/LambdaForm$MH+0x000001f08115d400
# instanceKlass java/lang/invoke/LambdaForm$MH+0x000001f08115d000
instanceKlass  @bci org/eclipse/jdt/internal/compiler/ClassFile addProblemClinit ([Lorg/eclipse/jdt/core/compiler/CategorizedProblem;)V 111 <appendix> argL3 form vmentry <vmtarget> ; # java/lang/invoke/LambdaForm$MH+0x000001f08115cc00
# instanceKlass java/lang/invoke/LambdaForm$MH+0x000001f08115c800
# instanceKlass java/lang/invoke/LambdaForm$MH+0x000001f08115c400
# instanceKlass java/lang/invoke/LambdaForm$MH+0x000001f08115c000
instanceKlass org/eclipse/core/internal/registry/ExtensionRegistry$ListenerInfo
instanceKlass org/eclipse/core/runtime/IContributor
instanceKlass org/eclipse/core/internal/preferences/PreferenceServiceRegistryHelper
instanceKlass  @bci org/eclipse/jdt/ls/core/internal/JavaLanguageServerPlugin$1 run (Lorg/eclipse/core/runtime/IProgressMonitor;)Lorg/eclipse/core/runtime/IStatus; 22 <appendix> form vmentry <vmtarget> ; # java/lang/invoke/LambdaForm$MH+0x000001f081157400
instanceKlass  @bci org/eclipse/jdt/ls/core/internal/JavaLanguageServerPlugin$1 run (Lorg/eclipse/core/runtime/IProgressMonitor;)Lorg/eclipse/core/runtime/IStatus; 22 <appendix> argL3 form vmentry <vmtarget> ; # java/lang/invoke/LambdaForm$MH+0x000001f081157000
# instanceKlass java/lang/invoke/LambdaForm$MH+0x000001f081156c00
# instanceKlass java/lang/invoke/LambdaForm$MH+0x000001f081156800
instanceKlass  @bci org/eclipse/jdt/ls/core/internal/handlers/BaseDocumentLifeCycleHandler publishDiagnostics (Lorg/eclipse/core/runtime/IProgressMonitor;)Lorg/eclipse/core/runtime/IStatus; 185 <appendix> argL1 argL1 form vmentry <vmtarget> ; # java/lang/invoke/LambdaForm$MH+0x000001f081156400
# instanceKlass java/lang/invoke/LambdaForm$MH+0x000001f081156000
instanceKlass org/eclipse/core/runtime/ListenerList$ListenerListIterator
instanceKlass org/eclipse/core/internal/preferences/OSGiPreferencesServiceManager
instanceKlass org/osgi/service/prefs/PreferencesService
instanceKlass org/eclipse/core/runtime/preferences/AbstractScope
instanceKlass org/eclipse/core/runtime/Assert
instanceKlass org/eclipse/core/runtime/Path
instanceKlass org/eclipse/core/runtime/Path$Constants
instanceKlass org/eclipse/core/runtime/IPath
instanceKlass org/eclipse/core/internal/preferences/ImmutableMap
instanceKlass org/eclipse/core/internal/preferences/EclipsePreferences
instanceKlass org/eclipse/core/runtime/preferences/IScope
instanceKlass org/eclipse/core/runtime/preferences/IEclipsePreferences
instanceKlass org/eclipse/core/internal/preferences/PreferencesService
instanceKlass org/eclipse/core/runtime/preferences/IPreferencesService
instanceKlass org/eclipse/core/internal/preferences/exchange/ILegacyPreferences
instanceKlass org/eclipse/core/internal/preferences/PreferencesOSGiUtils
instanceKlass org/eclipse/core/internal/preferences/Activator
instanceKlass org/eclipse/core/runtime/preferences/IScopeContext
instanceKlass org/eclipse/core/runtime/content/IContentTypeManager$ISelectionPolicy
instanceKlass org/eclipse/core/internal/content/ContentTypeCatalog
instanceKlass org/apache/felix/scr/impl/inject/ValueUtils
instanceKlass org/eclipse/core/internal/content/ILazySource
instanceKlass org/eclipse/core/internal/adapter/AdapterManagerListener
instanceKlass org/eclipse/core/internal/runtime/IAdapterManagerProvider
instanceKlass org/eclipse/core/runtime/IRegistryEventListener
instanceKlass org/eclipse/core/internal/registry/osgi/RegistryCommandProvider
instanceKlass org/eclipse/osgi/framework/console/CommandProvider
instanceKlass org/eclipse/core/internal/registry/RegistryProviderFactory
instanceKlass org/eclipse/core/internal/registry/osgi/RegistryProviderOSGI
instanceKlass org/eclipse/core/internal/registry/osgi/EclipseBundleListener
instanceKlass org/eclipse/core/internal/registry/OffsetTable
instanceKlass java/util/stream/ReduceOps$8ReducingSink
instanceKlass java/util/stream/Sink$OfLong
instanceKlass java/util/function/LongConsumer
instanceKlass  @bci java/util/stream/LongPipeline sum ()J 2 <appendix> argL0 ; # java/util/stream/LongPipeline$$Lambda+0x000001f0810ecd18
instanceKlass java/util/function/LongBinaryOperator
instanceKlass java/util/stream/LongStream
instanceKlass  @bci org/eclipse/core/internal/registry/osgi/EquinoxRegistryStrategy getContainerTimestamp ()J 59 <appendix> argL0 ; # org/eclipse/core/internal/registry/osgi/EquinoxRegistryStrategy$$Lambda+0x000001f08114d0f0
instanceKlass  @cpi org/eclipse/core/internal/registry/osgi/EquinoxRegistryStrategy 203 form vmentry <vmtarget> ; # java/lang/invoke/LambdaForm$DMH+0x000001f08114e000
instanceKlass java/util/function/ToLongFunction
instanceKlass  @bci org/eclipse/core/internal/registry/osgi/EquinoxRegistryStrategy getContainerTimestamp ()J 49 <appendix> argL0 ; # org/eclipse/core/internal/registry/osgi/EquinoxRegistryStrategy$$Lambda+0x000001f08114cea0
instanceKlass  @bci org/eclipse/core/internal/registry/osgi/EquinoxRegistryStrategy getContainerTimestamp ()J 39 <appendix> argL0 ; # org/eclipse/core/internal/registry/osgi/EquinoxRegistryStrategy$$Lambda+0x000001f08114cc60
instanceKlass org/eclipse/core/internal/registry/HashtableOfStringAndInt
instanceKlass org/eclipse/core/internal/registry/KeyedHashSet
instanceKlass org/eclipse/core/runtime/IConfigurationElement
instanceKlass org/eclipse/core/internal/registry/Handle
instanceKlass org/eclipse/core/internal/registry/RegistryObjectManager
instanceKlass org/eclipse/core/internal/registry/IObjectManager
instanceKlass  @bci org/eclipse/core/internal/registry/RegistryProperties getContextProperty (Ljava/lang/String;)Ljava/lang/String; 18 <appendix> member <vmtarget> ; # org/eclipse/core/internal/registry/RegistryProperties$$Lambda+0x000001f081149d90
instanceKlass org/eclipse/core/internal/registry/RegistryTimestamp
instanceKlass org/eclipse/core/internal/registry/TableReader
instanceKlass org/eclipse/core/runtime/ListenerList
instanceKlass org/eclipse/core/internal/registry/ReadWriteMonitor
instanceKlass org/eclipse/core/internal/registry/RegistryObjectFactory
instanceKlass org/eclipse/core/runtime/IExtensionDelta
instanceKlass org/eclipse/core/runtime/IExtensionPoint
instanceKlass org/eclipse/core/runtime/ISafeRunnable
instanceKlass org/eclipse/core/runtime/IExtension
instanceKlass org/eclipse/core/internal/registry/RegistryObject
instanceKlass org/eclipse/core/internal/registry/KeyedElement
instanceKlass org/eclipse/core/internal/registry/ExtensionRegistry
instanceKlass org/eclipse/core/runtime/spi/IDynamicExtensionRegistry
instanceKlass org/eclipse/core/runtime/IExtensionRegistry
instanceKlass org/eclipse/core/runtime/RegistryFactory
instanceKlass org/eclipse/core/internal/registry/ReferenceMap$IEntry
instanceKlass org/eclipse/core/internal/registry/ReferenceMap
instanceKlass org/eclipse/core/internal/registry/osgi/OSGIUtils
instanceKlass org/eclipse/core/internal/registry/osgi/EquinoxUtils
instanceKlass org/eclipse/core/internal/registry/RegistryProperties
instanceKlass org/eclipse/core/runtime/spi/IRegistryProvider
instanceKlass org/eclipse/core/runtime/spi/RegistryStrategy
instanceKlass org/eclipse/core/internal/registry/osgi/Activator
instanceKlass org/eclipse/core/runtime/IRegistryChangeListener
instanceKlass org/eclipse/core/internal/content/IContentTypeInfo
instanceKlass org/eclipse/core/runtime/content/IContentDescription
instanceKlass org/eclipse/core/runtime/content/IContentType
instanceKlass org/eclipse/core/runtime/content/IContentTypeSettings
instanceKlass org/osgi/service/prefs/Preferences
instanceKlass org/apache/felix/scr/impl/inject/internal/ComponentConstructorImpl
instanceKlass org/apache/felix/scr/impl/inject/ReferenceMethods$1
instanceKlass org/apache/felix/scr/impl/inject/ReferenceMethod
instanceKlass org/apache/felix/scr/impl/inject/methods/BindMethods
instanceKlass org/apache/felix/scr/impl/inject/ReferenceMethods
instanceKlass org/apache/felix/scr/impl/inject/methods/BaseMethod$NotApplicable
instanceKlass org/apache/felix/scr/impl/inject/methods/BaseMethod$NotResolved
instanceKlass org/apache/felix/scr/impl/inject/methods/BaseMethod$State
instanceKlass org/apache/felix/scr/impl/inject/BaseParameter
instanceKlass org/apache/felix/scr/impl/inject/methods/BaseMethod
instanceKlass org/eclipse/core/internal/content/ContentTypeMatcher
instanceKlass org/eclipse/core/runtime/content/IContentTypeManager
instanceKlass org/eclipse/core/runtime/content/IContentTypeMatcher
instanceKlass org/eclipse/osgi/internal/framework/EquinoxBundle$ResolvedModuleClassLoader
instanceKlass org/eclipse/osgi/internal/framework/EquinoxBundle$1
instanceKlass org/apache/felix/scr/impl/helper/ComponentServiceObjectsHelper
instanceKlass org/apache/felix/scr/impl/manager/EdgeInfo
instanceKlass org/apache/felix/scr/impl/manager/ComponentContextImpl$ComponentInstanceImpl
instanceKlass org/osgi/service/component/ComponentInstance
instanceKlass org/apache/felix/scr/impl/manager/ComponentContextImpl
instanceKlass org/apache/felix/scr/impl/manager/RegistrationManager$RegStateWrapper
instanceKlass org/apache/felix/scr/impl/BundleComponentActivator$ListenerInfo
instanceKlass org/apache/felix/scr/impl/manager/ServiceTracker$AbstractTracked
instanceKlass org/apache/felix/scr/impl/manager/ExtendedServiceListener
instanceKlass org/apache/felix/scr/impl/manager/ServiceTracker
instanceKlass java/util/Collections$ReverseComparator
instanceKlass org/apache/felix/scr/impl/helper/Coercions
instanceKlass org/apache/felix/scr/impl/manager/DependencyManager$AbstractCustomizer
instanceKlass org/apache/felix/scr/impl/inject/RefPair
instanceKlass org/apache/felix/scr/impl/manager/DependencyManager$Customizer
instanceKlass org/apache/felix/scr/impl/manager/ServiceTrackerCustomizer
instanceKlass org/apache/felix/scr/impl/inject/OpenStatus
instanceKlass org/apache/felix/scr/impl/manager/DependencyManager
instanceKlass org/apache/felix/scr/impl/manager/ReferenceManager
instanceKlass org/osgi/util/promise/Deferred
instanceKlass org/apache/felix/scr/impl/manager/SingleComponentManager$SetImplementationObject
instanceKlass org/apache/felix/scr/impl/inject/ScrComponentContext
instanceKlass org/apache/felix/scr/component/ExtComponentContext
instanceKlass org/apache/felix/scr/impl/manager/RegistrationManager
instanceKlass org/apache/felix/scr/impl/helper/ConfigAdminTracker$1
instanceKlass org/apache/felix/scr/impl/helper/ConfigAdminTracker
instanceKlass org/apache/felix/scr/impl/inject/ComponentConstructor
instanceKlass org/apache/felix/scr/impl/inject/LifecycleMethod
instanceKlass org/apache/felix/scr/impl/inject/internal/ComponentMethodsImpl
instanceKlass org/apache/felix/scr/impl/metadata/TargetedPID
instanceKlass java/util/concurrent/CompletionStage
instanceKlass org/osgi/util/promise/PromiseImpl
instanceKlass org/osgi/util/promise/Promise
instanceKlass org/osgi/util/promise/PromiseFactory
instanceKlass org/osgi/util/promise/Promises
instanceKlass org/apache/felix/scr/impl/inject/ComponentMethods
instanceKlass org/osgi/service/component/ComponentFactory
instanceKlass org/apache/felix/scr/impl/manager/AbstractComponentManager
instanceKlass org/apache/felix/scr/impl/manager/ComponentManager
instanceKlass org/apache/felix/scr/impl/manager/ConfigurableComponentHolder
instanceKlass org/apache/felix/scr/impl/manager/ComponentContainer
instanceKlass org/apache/felix/scr/impl/ComponentRegistryKey
instanceKlass org/apache/felix/scr/impl/metadata/PropertyMetadata
instanceKlass org/apache/felix/scr/impl/metadata/ReferenceMetadata
instanceKlass org/apache/felix/scr/impl/metadata/ServiceMetadata
instanceKlass org/apache/felix/scr/impl/metadata/ComponentMetadata
instanceKlass org/apache/felix/scr/impl/xml/XmlConstants
instanceKlass com/sun/org/apache/xerces/internal/impl/Constants$ArrayEnumeration
instanceKlass com/sun/org/apache/xerces/internal/impl/Constants
instanceKlass com/sun/org/apache/xerces/internal/parsers/AbstractSAXParser$LocatorProxy
instanceKlass org/xml/sax/ext/Locator2
instanceKlass org/xml/sax/Locator
instanceKlass com/sun/org/apache/xerces/internal/util/XMLSymbols
instanceKlass com/sun/org/apache/xerces/internal/util/XMLChar
instanceKlass com/sun/xml/internal/stream/Entity
instanceKlass com/sun/xml/internal/stream/util/BufferAllocator
instanceKlass com/sun/xml/internal/stream/util/ThreadLocalBufferAllocator
instanceKlass com/sun/org/apache/xerces/internal/impl/XMLEntityManager$EncodingInfo
instanceKlass com/sun/org/apache/xerces/internal/utils/XMLLimitAnalyzer
instanceKlass com/sun/org/apache/xerces/internal/xni/parser/XMLInputSource
instanceKlass com/sun/org/apache/xerces/internal/util/ErrorHandlerWrapper
instanceKlass com/sun/org/apache/xerces/internal/xni/parser/XMLErrorHandler
instanceKlass com/sun/org/apache/xerces/internal/impl/ExternalSubsetResolver
instanceKlass com/sun/org/apache/xerces/internal/util/EntityResolverWrapper
instanceKlass org/xml/sax/ext/EntityResolver2
instanceKlass org/xml/sax/InputSource
instanceKlass com/sun/org/apache/xerces/internal/parsers/AbstractSAXParser$AttributesProxy
instanceKlass org/xml/sax/ext/Attributes2
instanceKlass org/xml/sax/Attributes
instanceKlass org/xml/sax/AttributeList
instanceKlass com/sun/org/apache/xerces/internal/util/FeatureState
instanceKlass com/sun/org/apache/xerces/internal/util/PropertyState
instanceKlass com/sun/org/apache/xerces/internal/impl/msg/XMLMessageFormatter
instanceKlass com/sun/org/apache/xerces/internal/util/MessageFormatter
instanceKlass com/sun/org/apache/xerces/internal/impl/XMLVersionDetector
instanceKlass com/sun/org/apache/xerces/internal/impl/validation/ValidationManager
instanceKlass com/sun/org/apache/xerces/internal/impl/dv/dtd/NMTOKENDatatypeValidator
instanceKlass com/sun/org/apache/xerces/internal/impl/dv/dtd/NOTATIONDatatypeValidator
instanceKlass com/sun/org/apache/xerces/internal/impl/dv/dtd/ENTITYDatatypeValidator
instanceKlass com/sun/org/apache/xerces/internal/impl/dv/dtd/ListDatatypeValidator
instanceKlass com/sun/org/apache/xerces/internal/impl/dv/dtd/IDREFDatatypeValidator
instanceKlass com/sun/org/apache/xerces/internal/impl/dv/dtd/IDDatatypeValidator
instanceKlass com/sun/org/apache/xerces/internal/impl/dv/dtd/StringDatatypeValidator
instanceKlass com/sun/org/apache/xerces/internal/impl/dv/DatatypeValidator
instanceKlass com/sun/org/apache/xerces/internal/impl/dv/DTDDVFactory
instanceKlass com/sun/org/apache/xerces/internal/impl/dtd/DTDGrammarBucket
instanceKlass com/sun/org/apache/xerces/internal/impl/dtd/XMLAttributeDecl
instanceKlass com/sun/org/apache/xerces/internal/impl/dtd/XMLSimpleType
instanceKlass com/sun/org/apache/xerces/internal/impl/dtd/XMLElementDecl
instanceKlass com/sun/org/apache/xerces/internal/impl/validation/ValidationState
instanceKlass com/sun/org/apache/xerces/internal/impl/dv/ValidationContext
instanceKlass com/sun/org/apache/xerces/internal/impl/dtd/XMLDTDValidator
instanceKlass com/sun/org/apache/xerces/internal/impl/RevalidationHandler
instanceKlass com/sun/org/apache/xerces/internal/impl/dtd/XMLDTDValidatorFilter
instanceKlass com/sun/org/apache/xerces/internal/xni/parser/XMLDocumentFilter
instanceKlass com/sun/org/apache/xerces/internal/impl/dtd/XMLEntityDecl
instanceKlass com/sun/org/apache/xerces/internal/impl/dtd/XMLDTDProcessor
instanceKlass com/sun/org/apache/xerces/internal/xni/parser/XMLDTDContentModelFilter
instanceKlass com/sun/org/apache/xerces/internal/xni/parser/XMLDTDFilter
instanceKlass com/sun/org/apache/xerces/internal/xni/parser/XMLDTDScanner
instanceKlass com/sun/org/apache/xerces/internal/xni/parser/XMLDTDContentModelSource
instanceKlass com/sun/org/apache/xerces/internal/xni/parser/XMLDTDSource
instanceKlass com/sun/org/apache/xerces/internal/xni/grammars/XMLDTDDescription
instanceKlass com/sun/org/apache/xerces/internal/xni/grammars/XMLGrammarDescription
instanceKlass com/sun/org/apache/xerces/internal/impl/XMLDocumentScannerImpl$TrailingMiscDriver
instanceKlass com/sun/org/apache/xerces/internal/impl/XMLDocumentScannerImpl$PrologDriver
instanceKlass com/sun/org/apache/xerces/internal/impl/XMLDocumentScannerImpl$XMLDeclDriver
instanceKlass com/sun/org/apache/xerces/internal/util/NamespaceSupport
instanceKlass com/sun/org/apache/xerces/internal/xni/NamespaceContext
instanceKlass com/sun/org/apache/xerces/internal/util/XMLAttributesImpl$Attribute
instanceKlass com/sun/org/apache/xerces/internal/util/XMLAttributesImpl
instanceKlass com/sun/org/apache/xerces/internal/xni/XMLAttributes
instanceKlass com/sun/org/apache/xerces/internal/impl/XMLDocumentFragmentScannerImpl$FragmentContentDriver
instanceKlass com/sun/org/apache/xerces/internal/impl/XMLDocumentFragmentScannerImpl$Driver
instanceKlass com/sun/org/apache/xerces/internal/impl/XMLDocumentFragmentScannerImpl$ElementStack2
instanceKlass com/sun/org/apache/xerces/internal/xni/QName
instanceKlass com/sun/org/apache/xerces/internal/impl/XMLDocumentFragmentScannerImpl$ElementStack
instanceKlass com/sun/org/apache/xerces/internal/xni/XMLString
instanceKlass com/sun/org/apache/xerces/internal/impl/XMLScanner
instanceKlass com/sun/xml/internal/stream/XMLBufferListener
instanceKlass com/sun/org/apache/xerces/internal/impl/XMLEntityHandler
instanceKlass com/sun/org/apache/xerces/internal/xni/parser/XMLDocumentScanner
instanceKlass com/sun/org/apache/xerces/internal/xni/parser/XMLDocumentSource
instanceKlass com/sun/org/apache/xerces/internal/impl/XMLErrorReporter
instanceKlass com/sun/org/apache/xerces/internal/impl/XMLEntityScanner
instanceKlass com/sun/org/apache/xerces/internal/xni/XMLLocator
instanceKlass com/sun/xml/internal/stream/XMLEntityStorage
instanceKlass com/sun/org/apache/xerces/internal/util/AugmentationsImpl$AugmentationsItemsContainer
instanceKlass com/sun/org/apache/xerces/internal/util/AugmentationsImpl
instanceKlass com/sun/org/apache/xerces/internal/xni/Augmentations
instanceKlass com/sun/org/apache/xerces/internal/util/XMLResourceIdentifierImpl
instanceKlass com/sun/org/apache/xerces/internal/xni/XMLResourceIdentifier
instanceKlass com/sun/org/apache/xerces/internal/impl/XMLEntityManager
instanceKlass com/sun/org/apache/xerces/internal/xni/parser/XMLEntityResolver
instanceKlass com/sun/org/apache/xerces/internal/xni/parser/XMLComponent
instanceKlass com/sun/org/apache/xerces/internal/util/SymbolTable$Entry
instanceKlass com/sun/org/apache/xerces/internal/util/SymbolTable
instanceKlass jdk/xml/internal/JdkConstants
instanceKlass jdk/xml/internal/JdkXmlUtils
instanceKlass com/sun/org/apache/xerces/internal/util/ParserConfigurationSettings
instanceKlass com/sun/org/apache/xerces/internal/parsers/XML11Configurable
instanceKlass com/sun/org/apache/xerces/internal/xni/parser/XMLPullParserConfiguration
instanceKlass com/sun/org/apache/xerces/internal/xni/parser/XMLParserConfiguration
instanceKlass com/sun/org/apache/xerces/internal/xni/parser/XMLComponentManager
instanceKlass com/sun/org/apache/xerces/internal/parsers/XMLParser
instanceKlass com/sun/org/apache/xerces/internal/xni/XMLDTDContentModelHandler
instanceKlass com/sun/org/apache/xerces/internal/xni/XMLDTDHandler
instanceKlass com/sun/org/apache/xerces/internal/xni/XMLDocumentHandler
instanceKlass org/xml/sax/XMLReader
instanceKlass org/xml/sax/Parser
instanceKlass com/sun/org/apache/xerces/internal/utils/XMLSecurityPropertyManager
instanceKlass com/sun/org/apache/xerces/internal/utils/XMLSecurityManager
instanceKlass javax/xml/parsers/SAXParser
instanceKlass com/sun/org/apache/xerces/internal/xs/PSVIProvider
instanceKlass com/sun/org/apache/xerces/internal/jaxp/JAXPConstants
instanceKlass  @bci javax/xml/parsers/FactoryFinder newInstance (Ljava/lang/Class;Ljava/lang/String;Ljava/lang/ClassLoader;ZZ)Ljava/lang/Object; 104 <appendix> member <vmtarget> ; # javax/xml/parsers/FactoryFinder$$Lambda+0x000001f0810d1ed0
instanceKlass  @bci jdk/xml/internal/SecuritySupport getContextClassLoader ()Ljava/lang/ClassLoader; 0 <appendix> argL0 ; # jdk/xml/internal/SecuritySupport$$Lambda+0x000001f0810d1a48
instanceKlass  @bci javax/xml/parsers/FactoryFinder find (Ljava/lang/Class;Ljava/lang/String;)Ljava/lang/Object; 104 <appendix> member <vmtarget> ; # javax/xml/parsers/FactoryFinder$$Lambda+0x000001f0810d1820
instanceKlass javax/xml/parsers/FactoryFinder$1
instanceKlass  @bci jdk/xml/internal/SecuritySupport getFileInputStream (Ljava/io/File;)Ljava/io/FileInputStream; 1 <appendix> member <vmtarget> ; # jdk/xml/internal/SecuritySupport$$Lambda+0x000001f0810d13c8
instanceKlass  @bci jdk/xml/internal/SecuritySupport doesFileExist (Ljava/io/File;)Z 1 <appendix> member <vmtarget> ; # jdk/xml/internal/SecuritySupport$$Lambda+0x000001f0810d11a0
instanceKlass  @bci javax/xml/parsers/FactoryFinder find (Ljava/lang/Class;Ljava/lang/String;)Ljava/lang/Object; 6 <appendix> member <vmtarget> ; # javax/xml/parsers/FactoryFinder$$Lambda+0x000001f0810d0f78
instanceKlass  @bci jdk/xml/internal/SecuritySupport getSystemProperty (Ljava/lang/String;)Ljava/lang/String; 1 <appendix> member <vmtarget> ; # jdk/xml/internal/SecuritySupport$$Lambda+0x000001f0810d0d50
instanceKlass jdk/xml/internal/SecuritySupport
instanceKlass javax/xml/parsers/FactoryFinder
instanceKlass javax/xml/parsers/SAXParserFactory
instanceKlass  @bci org/eclipse/osgi/storage/Storage lambda$7 (Ljava/util/List;Ljava/lang/String;)Ljava/util/stream/Stream; 7 <appendix> member <vmtarget> ; # org/eclipse/osgi/storage/Storage$$Lambda+0x000001f08112d1c0
instanceKlass org/eclipse/osgi/internal/container/InternalUtils$1
instanceKlass  @bci org/eclipse/osgi/storage/Storage findEntries (Ljava/util/List;Ljava/lang/String;Ljava/lang/String;I)Ljava/util/Enumeration; 101 <appendix> argL0 ; # org/eclipse/osgi/storage/Storage$$Lambda+0x000001f08112cd20
instanceKlass  @bci org/eclipse/osgi/storage/Storage findEntries (Ljava/util/List;Ljava/lang/String;Ljava/lang/String;I)Ljava/util/Enumeration; 91 <appendix> member <vmtarget> ; # org/eclipse/osgi/storage/Storage$$Lambda+0x000001f08112cad8
instanceKlass org/xml/sax/helpers/DefaultHandler
instanceKlass org/xml/sax/ErrorHandler
instanceKlass org/xml/sax/ContentHandler
instanceKlass org/xml/sax/DTDHandler
instanceKlass org/xml/sax/EntityResolver
instanceKlass org/apache/felix/scr/impl/BundleComponentActivator
instanceKlass org/apache/felix/scr/impl/manager/ComponentActivator
instanceKlass org/apache/felix/scr/impl/manager/ExtendedServiceListenerContext
instanceKlass java/util/AbstractList$Itr
instanceKlass org/eclipse/core/internal/runtime/IAdapterFactoryExt
instanceKlass org/eclipse/core/internal/runtime/AdapterFactoryBridge$LazyAdapterFactory
instanceKlass org/eclipse/core/internal/runtime/AdapterFactoryBridge
instanceKlass org/eclipse/core/runtime/IAdapterFactory
instanceKlass org/eclipse/core/internal/runtime/TracingOptions$1
instanceKlass org/eclipse/core/internal/runtime/TracingOptions
instanceKlass java/util/AbstractMap$1$1
instanceKlass org/osgi/service/url/URLStreamHandlerService
instanceKlass  @bci org/eclipse/core/runtime/ServiceCaller current ()Ljava/util/Optional; 4 <appendix> argL0 ; # org/eclipse/core/runtime/ServiceCaller$$Lambda+0x000001f081129078
instanceKlass  @bci org/eclipse/jdt/internal/compiler/ClassFile addProblemClinit ([Lorg/eclipse/jdt/core/compiler/CategorizedProblem;)V 111 <appendix> argL2 form vmentry <vmtarget> ; # java/lang/invoke/LambdaForm$MH+0x000001f08112a000
instanceKlass  @bci org/eclipse/core/runtime/ServiceCaller trackCurrent ()Ljava/util/Optional; 19 <appendix> member <vmtarget> ; # org/eclipse/core/runtime/ServiceCaller$$Lambda+0x000001f081128e30
instanceKlass  @bci org/eclipse/core/runtime/ServiceCaller getCurrent ()Ljava/util/Optional; 12 <appendix> member <vmtarget> ; # org/eclipse/core/runtime/ServiceCaller$$Lambda+0x000001f081128be8
instanceKlass sun/invoke/util/VerifyAccess$1
instanceKlass org/eclipse/core/runtime/ServiceCaller$ReferenceAndService
instanceKlass java/util/concurrent/ConcurrentLinkedQueue$Node
instanceKlass org/eclipse/core/internal/runtime/AdapterManager
instanceKlass org/eclipse/core/runtime/IAdapterManager
instanceKlass org/eclipse/core/internal/runtime/PlatformURLConverter
instanceKlass org/eclipse/core/internal/runtime/RuntimeLog
instanceKlass org/eclipse/core/runtime/IStatus
instanceKlass org/eclipse/core/internal/runtime/PlatformLogWriter
instanceKlass org/eclipse/osgi/internal/log/ExtendedLogReaderServiceImpl
instanceKlass  @bci org/eclipse/core/runtime/ServiceCaller <init> (Ljava/lang/Class;Ljava/lang/Class;Ljava/lang/String;)V 39 <appendix> argL0 ; # org/eclipse/core/runtime/ServiceCaller$$Lambda+0x000001f081123000
instanceKlass  @bci org/osgi/framework/FrameworkUtil getBundle (Ljava/lang/Class;)Lorg/osgi/framework/Bundle; 26 <appendix> member <vmtarget> ; # org/osgi/framework/FrameworkUtil$$Lambda+0x000001f08111bab0
instanceKlass  @bci org/osgi/framework/FrameworkUtil getBundle (Ljava/lang/Class;)Lorg/osgi/framework/Bundle; 17 <appendix> argL0 ; # org/osgi/framework/FrameworkUtil$$Lambda+0x000001f08111b870
instanceKlass  @bci org/osgi/framework/FrameworkUtil getBundle (Ljava/lang/Class;)Lorg/osgi/framework/Bundle; 1 <appendix> member <vmtarget> ; # org/osgi/framework/FrameworkUtil$$Lambda+0x000001f08111b648
instanceKlass  @bci org/osgi/framework/FrameworkUtil <clinit> ()V 27 <appendix> member <vmtarget> ; # org/osgi/framework/FrameworkUtil$$Lambda+0x000001f08111b410
instanceKlass org/osgi/framework/connect/FrameworkUtilHelper
instanceKlass  @bci org/osgi/framework/FrameworkUtil <clinit> ()V 8 <appendix> argL0 ; # org/osgi/framework/FrameworkUtil$$Lambda+0x000001f08111aff0
instanceKlass  @bci org/eclipse/core/runtime/ServiceCaller <init> (Ljava/lang/Class;Ljava/lang/Class;Ljava/lang/String;)V 31 <appendix> argL0 ; # org/eclipse/core/runtime/ServiceCaller$$Lambda+0x000001f081122ca8
instanceKlass org/osgi/framework/FrameworkUtil
instanceKlass org/eclipse/core/runtime/ServiceCaller
instanceKlass org/eclipse/core/internal/runtime/Activator
instanceKlass org/apache/felix/scr/impl/config/ScrMetaTypeProviderServiceFactory
instanceKlass org/apache/felix/scr/impl/config/ScrManagedServiceServiceFactory
instanceKlass org/apache/felix/scr/impl/ComponentCommands$2
instanceKlass org/apache/felix/scr/impl/ComponentCommands$1
instanceKlass org/apache/felix/scr/impl/ComponentCommands
instanceKlass org/eclipse/osgi/storage/ManifestLocalization$BundleResourceBundle
instanceKlass org/eclipse/osgi/storage/ManifestLocalization
instanceKlass org/apache/felix/scr/impl/Activator$ScrExtension
instanceKlass org/apache/felix/scr/impl/runtime/ServiceComponentRuntimeImpl
instanceKlass org/apache/felix/scr/impl/ComponentRegistry$UpdateChangeCountProperty
instanceKlass org/apache/felix/scr/impl/manager/RegionConfigurationSupport
instanceKlass org/apache/felix/scr/impl/manager/ComponentHolder
instanceKlass org/apache/felix/scr/impl/ComponentRegistry
instanceKlass org/apache/felix/scr/impl/ComponentActorExecutor$1
instanceKlass org/osgi/util/tracker/BundleTracker
instanceKlass org/apache/felix/scr/impl/logger/ScrLogManager$1
instanceKlass org/apache/felix/scr/impl/logger/LogManager$LogDomain
instanceKlass org/apache/felix/scr/impl/logger/LogManager$Lock
instanceKlass org/apache/felix/scr/impl/logger/LogManager$LoggerFacade
instanceKlass org/apache/felix/scr/impl/logger/BundleLogger
instanceKlass org/apache/felix/scr/impl/logger/ComponentLogger
instanceKlass org/apache/felix/scr/impl/logger/ScrLogger
instanceKlass org/apache/felix/scr/impl/logger/InternalLogger
instanceKlass org/apache/felix/scr/impl/logger/ScrLoggerFactory
instanceKlass org/osgi/service/component/ComponentContext
instanceKlass org/osgi/service/component/ComponentServiceObjects
instanceKlass org/apache/felix/scr/impl/inject/internal/ClassUtils
instanceKlass org/apache/felix/scr/impl/config/ScrConfigurationImpl
instanceKlass org/osgi/service/component/runtime/ServiceComponentRuntime
instanceKlass org/apache/felix/scr/impl/manager/ScrConfiguration
instanceKlass org/apache/felix/scr/impl/logger/LogConfiguration
instanceKlass org/eclipse/osgi/internal/loader/ModuleClassLoader$DefineClassResult
instanceKlass org/apache/felix/scr/impl/AbstractExtender
instanceKlass org/osgi/util/tracker/BundleTrackerCustomizer
instanceKlass org/eclipse/osgi/internal/weaving/WeavingHookConfigurator$WovenClassContext
instanceKlass org/eclipse/osgi/internal/weaving/WovenClassImpl
instanceKlass org/osgi/framework/hooks/weaving/WovenClass
instanceKlass org/eclipse/osgi/internal/loader/classpath/ClasspathManager$DefineContext
instanceKlass org/eclipse/osgi/internal/loader/BundleLoader$3
instanceKlass org/eclipse/osgi/container/ModuleContainer$ContainerStartLevel$2
# instanceKlass java/lang/invoke/LambdaForm$MH+0x000001f08111c400
instanceKlass java/util/concurrent/CountDownLatch
instanceKlass org/eclipse/osgi/internal/framework/EquinoxContainerAdaptor$1$1
# instanceKlass java/lang/invoke/LambdaForm$MH+0x000001f08111c000
instanceKlass org/osgi/dto/DTO
instanceKlass org/eclipse/osgi/framework/eventmgr/EventManager$EventThread$Queued
instanceKlass  @bci org/eclipse/osgi/framework/eventmgr/EventManager getEventThread ()Lorg/eclipse/osgi/framework/eventmgr/EventManager$EventThread; 24 <appendix> member <vmtarget> ; # org/eclipse/osgi/framework/eventmgr/EventManager$$Lambda+0x000001f081115f68
instanceKlass  @bci org/eclipse/osgi/internal/framework/EquinoxEventPublisher notifyEventHooksPrivileged (Lorg/osgi/framework/BundleEvent;Ljava/util/Collection;)V 98 <appendix> member <vmtarget> ; # org/eclipse/osgi/internal/framework/EquinoxEventPublisher$$Lambda+0x000001f081115a00
instanceKlass  @bci org/eclipse/osgi/internal/framework/BundleContextImpl notifyFindHooksPriviledged (Lorg/eclipse/osgi/internal/framework/BundleContextImpl;Ljava/util/Collection;)V 73 <appendix> member <vmtarget> ; # org/eclipse/osgi/internal/framework/BundleContextImpl$$Lambda+0x000001f081115190
instanceKlass org/eclipse/osgi/framework/util/FilePath
instanceKlass sun/nio/ch/FileChannelImpl$Closer
instanceKlass sun/nio/fs/WindowsChannelFactory$Flags
instanceKlass sun/nio/fs/WindowsChannelFactory$1
instanceKlass sun/nio/fs/WindowsChannelFactory
instanceKlass org/eclipse/core/runtime/internal/adaptor/ConsoleManager
instanceKlass org/eclipse/core/runtime/internal/adaptor/DefaultStartupMonitor
instanceKlass org/eclipse/osgi/service/runnable/StartupMonitor
instanceKlass java/lang/Thread$Builder$OfVirtual
instanceKlass java/lang/Thread$Builder$OfPlatform
instanceKlass java/lang/Thread$Builder
instanceKlass org/eclipse/osgi/internal/serviceregistry/ServiceFactoryUse$1
instanceKlass java/util/LinkedList$ListItr
instanceKlass java/util/LinkedList$Node
instanceKlass org/eclipse/osgi/service/resolver/NativeCodeDescription
instanceKlass org/eclipse/osgi/service/resolver/NativeCodeSpecification
instanceKlass org/eclipse/osgi/service/resolver/ExportPackageDescription
instanceKlass org/eclipse/osgi/service/resolver/ImportPackageSpecification
instanceKlass org/eclipse/osgi/internal/resolver/StateImpl
instanceKlass org/eclipse/osgi/service/resolver/GenericSpecification
instanceKlass org/eclipse/osgi/service/resolver/GenericDescription
instanceKlass org/eclipse/osgi/service/resolver/HostSpecification
instanceKlass org/eclipse/osgi/service/resolver/BundleSpecification
instanceKlass org/eclipse/osgi/service/resolver/VersionConstraint
instanceKlass org/eclipse/osgi/service/resolver/BundleDescription
instanceKlass org/eclipse/osgi/service/resolver/BaseDescription
instanceKlass org/eclipse/osgi/internal/resolver/StateObjectFactoryImpl
instanceKlass org/eclipse/osgi/service/resolver/Resolver
instanceKlass org/eclipse/osgi/service/resolver/State
instanceKlass org/eclipse/osgi/service/resolver/StateObjectFactory
instanceKlass org/eclipse/osgi/compatibility/state/PlatformAdminImpl
instanceKlass org/eclipse/osgi/service/resolver/PlatformAdmin
instanceKlass org/eclipse/osgi/compatibility/state/Activator
instanceKlass org/eclipse/osgi/internal/serviceregistry/ServiceConsumer$2
instanceKlass org/eclipse/osgi/internal/serviceregistry/ServiceConsumer$1
instanceKlass org/eclipse/osgi/internal/serviceregistry/ServiceConsumer
instanceKlass org/eclipse/osgi/service/security/TrustEngine
instanceKlass org/eclipse/osgi/internal/signedcontent/SignedContentConstants
instanceKlass org/eclipse/osgi/internal/signedcontent/SignedBundleHook$1
instanceKlass org/eclipse/osgi/internal/framework/XMLParsingServiceFactory
instanceKlass org/eclipse/osgi/storage/BundleLocalizationImpl
instanceKlass org/eclipse/osgi/service/localization/BundleLocalization
instanceKlass org/eclipse/osgi/storage/url/BundleURLConverter
instanceKlass org/eclipse/osgi/service/urlconversion/URLConverter
instanceKlass org/apache/felix/resolver/Logger
instanceKlass org/apache/felix/resolver/ResolutionError
instanceKlass org/apache/felix/resolver/ResolverImpl
instanceKlass org/osgi/service/resolver/Resolver
instanceKlass org/eclipse/osgi/internal/framework/legacy/StartLevelImpl
instanceKlass org/eclipse/osgi/internal/framework/legacy/PackageAdminImpl
instanceKlass org/osgi/service/condition/ConditionImpl
instanceKlass org/osgi/service/condition/Condition
instanceKlass  @bci org/eclipse/equinox/plurl/impl/PlurlImpl add (Ljava/net/ContentHandlerFactory;)V 13 <appendix> argL0 ; # org/eclipse/equinox/plurl/impl/PlurlImpl$$Lambda+0x000001f08110fda8
instanceKlass  @bci org/eclipse/equinox/plurl/impl/PlurlImpl$5 getContent ()Ljava/util/function/Consumer; 155 <appendix> member <vmtarget> ; # org/eclipse/equinox/plurl/impl/PlurlImpl$5$$Lambda+0x000001f08110f910
instanceKlass  @bci org/eclipse/equinox/plurl/impl/PlurlImpl add (Ljava/net/URLStreamHandlerFactory;)V 13 <appendix> argL0 ; # org/eclipse/equinox/plurl/impl/PlurlImpl$$Lambda+0x000001f08110f6c0
instanceKlass org/eclipse/equinox/plurl/impl/PlurlImpl$PlurlFactoryHolder
instanceKlass  @bci org/eclipse/equinox/plurl/impl/PlurlImpl$5 getContent ()Ljava/util/function/Consumer; 141 <appendix> member <vmtarget> ; # org/eclipse/equinox/plurl/impl/PlurlImpl$5$$Lambda+0x000001f08110efd8
instanceKlass org/eclipse/osgi/internal/url/ContentHandlerFactoryImpl
instanceKlass org/eclipse/osgi/internal/url/URLStreamHandlerFactoryImpl
instanceKlass org/eclipse/equinox/plurl/impl/PlurlImpl$PlurlContentHandlerFactory
instanceKlass org/eclipse/equinox/plurl/impl/PlurlImpl$LegacyFactory
# instanceKlass java/lang/invoke/LambdaForm$MH+0x000001f081108800
# instanceKlass java/lang/invoke/LambdaForm$MH+0x000001f081108400
instanceKlass org/eclipse/equinox/plurl/impl/StackWalkerCallStack
instanceKlass sun/awt/www/content/MultimediaContentHandlers
instanceKlass  @bci org/eclipse/equinox/plurl/impl/PlurlImpl <init> ()V 126 <appendix> member <vmtarget> ; # org/eclipse/equinox/plurl/impl/PlurlImpl$$Lambda+0x000001f08110d9f0
instanceKlass org/eclipse/equinox/plurl/impl/URLToHandler
instanceKlass java/net/UrlDeserializedState
instanceKlass java/net/InetAddress
instanceKlass java/net/ContentHandler
instanceKlass org/eclipse/equinox/plurl/PlurlStreamHandler$PlurlSetter
instanceKlass org/eclipse/equinox/plurl/impl/CallStack
instanceKlass org/eclipse/equinox/plurl/impl/PlurlImpl
instanceKlass org/eclipse/osgi/internal/log/ConfigAdminListener
instanceKlass  @bci org/eclipse/osgi/internal/serviceregistry/ServiceRegistry notifyFindHooksPrivileged (Lorg/eclipse/osgi/internal/framework/BundleContextImpl;Ljava/lang/String;Ljava/lang/String;ZLjava/util/Collection;)V 101 <adapter> ; # java/lang/invoke/LambdaForm$MH+0x000001f081108000
# instanceKlass java/lang/invoke/LambdaForm$DMH+0x000001f081100c00
instanceKlass  @bci org/eclipse/osgi/internal/serviceregistry/ServiceRegistry notifyFindHooksPrivileged (Lorg/eclipse/osgi/internal/framework/BundleContextImpl;Ljava/lang/String;Ljava/lang/String;ZLjava/util/Collection;)V 101 <appendix> form vmentry <vmtarget> ; # java/lang/invoke/LambdaForm$DMH+0x000001f081100800
instanceKlass  @bci org/eclipse/osgi/internal/serviceregistry/ServiceRegistry notifyFindHooksPrivileged (Lorg/eclipse/osgi/internal/framework/BundleContextImpl;Ljava/lang/String;Ljava/lang/String;ZLjava/util/Collection;)V 101 <appendix> member <vmtarget> ; # org/eclipse/osgi/internal/serviceregistry/ServiceRegistry$$Lambda+0x000001f081101c30
instanceKlass  @cpi org/eclipse/osgi/internal/serviceregistry/ServiceRegistry 1105 form vmentry <vmtarget> ; # java/lang/invoke/LambdaForm$DMH+0x000001f081100400
instanceKlass org/eclipse/osgi/internal/serviceregistry/ShrinkableCollection
instanceKlass org/eclipse/osgi/internal/framework/FilterImpl$Parser
instanceKlass org/eclipse/osgi/internal/framework/FilterImpl
instanceKlass org/osgi/util/tracker/AbstractTracked
instanceKlass org/osgi/util/tracker/ServiceTracker
instanceKlass org/eclipse/osgi/internal/log/EventAdminAdapter
instanceKlass org/eclipse/osgi/internal/serviceregistry/ServiceRegistry$2
instanceKlass org/eclipse/osgi/framework/eventmgr/CopyOnWriteIdentityMap$Snapshot$SnapshotIterator
instanceKlass org/eclipse/osgi/framework/eventmgr/ListenerQueue
instanceKlass  @bci org/eclipse/osgi/internal/serviceregistry/ServiceRegistry notifyEventListenerHooksPrivileged (Lorg/osgi/framework/ServiceEvent;Ljava/util/Map;)V 77 <appendix> member <vmtarget> ; # org/eclipse/osgi/internal/serviceregistry/ServiceRegistry$$Lambda+0x000001f0811069f8
instanceKlass  @bci org/eclipse/osgi/internal/serviceregistry/ServiceRegistry notifyEventHooksPrivileged (Lorg/osgi/framework/ServiceEvent;Ljava/util/Collection;)V 77 <appendix> member <vmtarget> ; # org/eclipse/osgi/internal/serviceregistry/ServiceRegistry$$Lambda+0x000001f081106410
instanceKlass org/eclipse/osgi/framework/eventmgr/CopyOnWriteIdentityMap$Snapshot
instanceKlass org/osgi/framework/PrototypeServiceFactory
instanceKlass org/eclipse/osgi/framework/util/CaseInsensitiveDictionaryMap$CaseInsensitiveKey
instanceKlass org/eclipse/osgi/internal/serviceregistry/ServiceReferenceImpl
instanceKlass org/eclipse/osgi/internal/serviceregistry/ServiceUse
instanceKlass  @bci org/eclipse/core/internal/resources/Workspace countResources (Lorg/eclipse/core/runtime/IPath;IZ)I 61 <appendix> form vmentry <vmtarget> ; # java/lang/invoke/LambdaForm$DMH+0x000001f081100000
instanceKlass  @bci org/eclipse/osgi/internal/serviceregistry/ServiceRegistry notifyListenerHooksPrivileged (Ljava/util/Collection;Z)V 106 <appendix> member <vmtarget> ; # org/eclipse/osgi/internal/serviceregistry/ServiceRegistry$$Lambda+0x000001f0810bda80
instanceKlass  @cpi org/eclipse/osgi/internal/serviceregistry/ServiceRegistry 1128 form vmentry <vmtarget> ; # java/lang/invoke/LambdaForm$DMH+0x000001f0810bcc00
instanceKlass org/eclipse/osgi/internal/serviceregistry/HookContext
instanceKlass org/osgi/framework/UnfilteredServiceListener
instanceKlass org/eclipse/osgi/internal/serviceregistry/FilteredServiceListener
instanceKlass org/osgi/framework/hooks/service/ListenerHook$ListenerInfo
instanceKlass org/eclipse/osgi/framework/eventmgr/CopyOnWriteIdentityMap$Entry
instanceKlass org/eclipse/osgi/framework/eventmgr/CopyOnWriteIdentityMap
instanceKlass org/eclipse/osgi/internal/log/OrderedExecutor
instanceKlass org/eclipse/osgi/internal/framework/BundleContextImpl$2
instanceKlass org/osgi/service/startlevel/StartLevel
instanceKlass org/osgi/service/packageadmin/PackageAdmin
instanceKlass org/eclipse/equinox/plurl/PlurlContentHandlerFactory
instanceKlass java/net/ContentHandlerFactory
instanceKlass org/eclipse/equinox/plurl/PlurlStreamHandlerFactory
instanceKlass org/eclipse/equinox/plurl/PlurlFactory
instanceKlass org/eclipse/equinox/plurl/Plurl
instanceKlass org/eclipse/osgi/internal/framework/SystemBundleActivator
instanceKlass org/eclipse/osgi/internal/loader/classpath/TitleVersionVendor
instanceKlass org/eclipse/osgi/internal/loader/classpath/ManifestPackageAttributes
instanceKlass org/eclipse/osgi/internal/loader/classpath/ClasspathEntry$PDEData
instanceKlass org/eclipse/osgi/internal/loader/classpath/ClasspathEntry
instanceKlass org/eclipse/osgi/internal/loader/classpath/FragmentClasspath
instanceKlass org/eclipse/osgi/internal/loader/classpath/ClasspathManager
instanceKlass org/eclipse/osgi/internal/loader/ModuleClassLoader$ClassNameLock$1
instanceKlass org/eclipse/osgi/internal/loader/ModuleClassLoader$ClassNameLock
instanceKlass org/eclipse/osgi/internal/container/KeyBasedLockStore
instanceKlass org/eclipse/osgi/internal/loader/BundleLoaderSources
instanceKlass org/eclipse/osgi/internal/loader/BundleLoader$1
instanceKlass org/eclipse/osgi/internal/loader/sources/PackageSource
instanceKlass java/lang/ApplicationShutdownHooks$1
instanceKlass java/lang/ApplicationShutdownHooks
instanceKlass org/eclipse/osgi/internal/framework/StorageSaver$StorageSaverTask
instanceKlass org/eclipse/osgi/internal/framework/StorageSaver
instanceKlass java/util/concurrent/Executors$RunnableAdapter
instanceKlass java/util/concurrent/FutureTask$WaitNode
instanceKlass java/util/concurrent/FutureTask
instanceKlass jdk/internal/vm/ThreadContainers
instanceKlass jdk/internal/vm/StackableScope
instanceKlass java/util/concurrent/RunnableScheduledFuture
instanceKlass java/util/concurrent/ScheduledFuture
instanceKlass java/util/concurrent/Delayed
instanceKlass java/util/concurrent/RunnableFuture
instanceKlass java/util/concurrent/Future
instanceKlass java/util/concurrent/ThreadPoolExecutor$AbortPolicy
instanceKlass java/util/concurrent/AbstractExecutorService
instanceKlass java/util/concurrent/ScheduledExecutorService
instanceKlass java/util/concurrent/ExecutorService
instanceKlass java/util/concurrent/Executors
instanceKlass java/util/HashMap$HashMapSpliterator
instanceKlass  @bci java/lang/SecurityManager nonExportedPkgs (Ljava/lang/module/ModuleDescriptor;)Ljava/util/Set; 92 <appendix> member <vmtarget> ; # java/lang/SecurityManager$$Lambda+0x000001f0810c6c98
instanceKlass  @bci java/lang/SecurityManager nonExportedPkgs (Ljava/lang/module/ModuleDescriptor;)Ljava/util/Set; 76 <appendix> argL0 ; # java/lang/SecurityManager$$Lambda+0x000001f0810c6a58
instanceKlass  @bci java/lang/SecurityManager nonExportedPkgs (Ljava/lang/module/ModuleDescriptor;)Ljava/util/Set; 66 <appendix> argL0 ; # java/lang/SecurityManager$$Lambda+0x000001f0810c6808
instanceKlass  @bci java/lang/SecurityManager nonExportedPkgs (Ljava/lang/module/ModuleDescriptor;)Ljava/util/Set; 47 <appendix> member <vmtarget> ; # java/lang/SecurityManager$$Lambda+0x000001f0810c65d0
instanceKlass  @bci java/lang/SecurityManager nonExportedPkgs (Ljava/lang/module/ModuleDescriptor;)Ljava/util/Set; 31 <appendix> argL0 ; # java/lang/SecurityManager$$Lambda+0x000001f0810c6390
instanceKlass  @bci java/lang/SecurityManager nonExportedPkgs (Ljava/lang/module/ModuleDescriptor;)Ljava/util/Set; 21 <appendix> argL0 ; # java/lang/SecurityManager$$Lambda+0x000001f0810c6140
instanceKlass  @cpi org/eclipse/jdt/internal/core/search/PatternSearchJob 560 form vmentry <vmtarget> ; # java/lang/invoke/LambdaForm$DMH+0x000001f0810bc800
instanceKlass  @bci java/lang/SecurityManager addNonExportedPackages (Ljava/lang/ModuleLayer;)V 59 <appendix> argL0 ; # java/lang/SecurityManager$$Lambda+0x000001f0810c5f10
instanceKlass  @cpi org/eclipse/core/internal/net/Policy 113 form vmentry <vmtarget> ; # java/lang/invoke/LambdaForm$DMH+0x000001f0810bc400
instanceKlass  @bci java/lang/SecurityManager addNonExportedPackages (Ljava/lang/ModuleLayer;)V 49 <appendix> argL0 ; # java/lang/SecurityManager$$Lambda+0x000001f0810c5cd0
instanceKlass  @bci java/lang/SecurityManager addNonExportedPackages (Ljava/lang/ModuleLayer;)V 39 <appendix> argL0 ; # java/lang/SecurityManager$$Lambda+0x000001f0810c5a90
instanceKlass  @bci java/lang/SecurityManager addNonExportedPackages (Ljava/lang/ModuleLayer;)V 29 <appendix> member <vmtarget> ; # java/lang/SecurityManager$$Lambda+0x000001f0810c5838
instanceKlass  @cpi java/lang/SecurityManager 518 form vmentry <vmtarget> ; # java/lang/invoke/LambdaForm$DMH+0x000001f0810bc000
instanceKlass  @bci java/lang/SecurityManager addNonExportedPackages (Ljava/lang/ModuleLayer;)V 17 <appendix> argL0 ; # java/lang/SecurityManager$$Lambda+0x000001f0810c55f8
instanceKlass org/eclipse/osgi/internal/framework/ContextFinder$1
instanceKlass org/osgi/framework/ServiceObjects
instanceKlass org/eclipse/osgi/internal/framework/BundleContextImpl
instanceKlass org/osgi/framework/hooks/weaving/WovenClassListener
instanceKlass org/osgi/framework/hooks/weaving/WeavingHook
instanceKlass org/osgi/framework/hooks/service/FindHook
instanceKlass org/osgi/framework/hooks/service/EventListenerHook
instanceKlass org/osgi/framework/hooks/service/EventHook
instanceKlass org/osgi/framework/hooks/bundle/FindHook
instanceKlass org/osgi/framework/hooks/bundle/EventHook
instanceKlass org/osgi/framework/hooks/bundle/CollisionHook
instanceKlass org/eclipse/osgi/internal/serviceregistry/ServiceRegistry$FrameworkHookHolder
instanceKlass org/osgi/framework/hooks/service/ListenerHook
instanceKlass org/eclipse/osgi/internal/serviceregistry/ServiceRegistrationImpl
instanceKlass org/osgi/framework/ServiceRegistration
instanceKlass org/eclipse/osgi/internal/serviceregistry/ServiceRegistry
instanceKlass org/eclipse/osgi/framework/eventmgr/EventManager
instanceKlass org/eclipse/osgi/internal/framework/EquinoxEventPublisher
# instanceKlass java/lang/invoke/LambdaForm$MH+0x000001f0810b5c00
# instanceKlass java/lang/invoke/LambdaForm$MH+0x000001f0810b5800
# instanceKlass java/lang/invoke/LambdaForm$MH+0x000001f0810b5400
instanceKlass org/eclipse/osgi/storage/bundlefile/BundleEntry
instanceKlass org/eclipse/osgi/container/ModuleDatabase$2
instanceKlass java/util/ArrayList$SubList$1
# instanceKlass java/lang/invoke/LambdaForm$MH+0x000001f0810b5000
# instanceKlass java/lang/invoke/LambdaForm$MH+0x000001f0810b4c00
# instanceKlass java/lang/invoke/LambdaForm$MH+0x000001f0810b4800
instanceKlass  @bci org/eclipse/jdt/internal/core/JrtPackageFragmentRoot$JrtModuleKey hashCode ()I 1 <appendix> argL1 form vmentry <vmtarget> ; # java/lang/invoke/LambdaForm$MH+0x000001f0810b4400
instanceKlass  @cpi org/eclipse/jdt/internal/core/builder/NameEnvironment 1044 form vmentry <vmtarget> ; # java/lang/invoke/LambdaForm$DMH+0x000001f0810b4000
instanceKlass java/lang/reflect/AnnotatedType
instanceKlass java/lang/reflect/TypeVariable
instanceKlass org/eclipse/osgi/container/ModuleWiring$LoaderInitializer
instanceKlass org/eclipse/osgi/container/ModuleWiring
instanceKlass org/eclipse/osgi/container/ModuleWire
instanceKlass org/osgi/framework/wiring/BundleWire
instanceKlass java/util/Collections$UnmodifiableMap$UnmodifiableEntrySet$UnmodifiableEntry
instanceKlass java/util/Collections$UnmodifiableMap$UnmodifiableEntrySet$1
instanceKlass org/eclipse/osgi/internal/container/Capabilities$NamespaceSet
instanceKlass org/eclipse/osgi/container/ModuleRequirement
instanceKlass org/osgi/framework/wiring/BundleRequirement
instanceKlass org/eclipse/osgi/container/ModuleRevision$2
instanceKlass org/eclipse/osgi/internal/container/NamespaceList$Builder$8
instanceKlass org/eclipse/osgi/container/ModuleCapability
instanceKlass org/osgi/framework/wiring/BundleCapability
instanceKlass org/osgi/resource/Capability
instanceKlass org/eclipse/osgi/internal/container/NamespaceList$3
instanceKlass org/eclipse/osgi/internal/container/NamespaceList$2
instanceKlass org/eclipse/osgi/internal/container/NamespaceList$1
instanceKlass org/eclipse/osgi/internal/container/NamespaceList
instanceKlass org/eclipse/osgi/container/ModuleRevision$1
instanceKlass org/osgi/framework/wiring/BundleWiring
instanceKlass org/osgi/resource/Wiring
instanceKlass org/eclipse/osgi/container/ModuleRevision
instanceKlass org/eclipse/osgi/container/ModuleRevisions
instanceKlass org/osgi/framework/wiring/BundleRevisions
instanceKlass org/lombokweb/asm/Opcodes
instanceKlass org/lombokweb/asm/Handler
instanceKlass lombok/patcher/MethodLogistics
instanceKlass org/lombokweb/asm/Label
instanceKlass org/lombokweb/asm/Type
instanceKlass org/lombokweb/asm/Frame
instanceKlass org/lombokweb/asm/Context
instanceKlass org/lombokweb/asm/Attribute
instanceKlass lombok/patcher/scripts/ExitFromMethodEarlyScript$1
instanceKlass org/lombokweb/asm/ByteVector
instanceKlass org/lombokweb/asm/Symbol
instanceKlass org/lombokweb/asm/SymbolTable
instanceKlass org/lombokweb/asm/FieldVisitor
instanceKlass org/lombokweb/asm/MethodVisitor
instanceKlass org/lombokweb/asm/AnnotationVisitor
instanceKlass org/lombokweb/asm/ModuleVisitor
instanceKlass org/lombokweb/asm/RecordComponentVisitor
instanceKlass org/lombokweb/asm/ClassReader
instanceKlass org/eclipse/osgi/internal/framework/EquinoxBundle
instanceKlass org/eclipse/osgi/internal/container/NamespaceList$Builder$2
instanceKlass org/eclipse/osgi/container/ModuleRevisionBuilder$GenericInfo$1
instanceKlass org/eclipse/osgi/container/ModuleRevisionBuilder$GenericInfo
instanceKlass org/eclipse/osgi/container/ModuleRevisionBuilder
instanceKlass org/osgi/resource/Wire
instanceKlass org/eclipse/osgi/container/ModuleDatabase$Persistence
instanceKlass org/eclipse/osgi/container/ModuleContainer$ContainerStartLevel
instanceKlass org/eclipse/osgi/container/ModuleContainer$ContainerWiring
instanceKlass org/eclipse/osgi/container/ModuleResolver
instanceKlass org/eclipse/osgi/container/ModuleContainer$ResolutionLock
instanceKlass org/eclipse/osgi/internal/container/LockSet
instanceKlass org/osgi/framework/wiring/FrameworkWiring
instanceKlass org/osgi/framework/startlevel/FrameworkStartLevel
instanceKlass org/osgi/resource/Requirement
instanceKlass org/eclipse/osgi/report/resolution/ResolutionReport
instanceKlass org/eclipse/osgi/container/ModuleContainer
instanceKlass org/eclipse/osgi/internal/container/Capabilities
instanceKlass org/eclipse/osgi/container/Module
instanceKlass org/osgi/framework/startlevel/BundleStartLevel
instanceKlass org/eclipse/osgi/container/ModuleDatabase
instanceKlass java/util/concurrent/LinkedBlockingQueue$Node
instanceKlass java/util/concurrent/RejectedExecutionHandler
instanceKlass org/eclipse/osgi/internal/framework/EquinoxContainerAdaptor$1
instanceKlass java/util/concurrent/LinkedTransferQueue$DualNode
instanceKlass java/util/concurrent/TransferQueue
instanceKlass java/util/concurrent/atomic/AtomicReference
instanceKlass org/eclipse/osgi/internal/container/AtomicLazyInitializer
instanceKlass org/eclipse/osgi/internal/framework/OSGiFrameworkHooks$BundleCollisionHook
instanceKlass org/osgi/framework/ServiceReference
instanceKlass org/osgi/framework/hooks/resolver/ResolverHook
instanceKlass org/eclipse/osgi/internal/framework/OSGiFrameworkHooks$CoreResolverHookFactory
instanceKlass org/osgi/framework/hooks/resolver/ResolverHookFactory
instanceKlass org/eclipse/osgi/container/ModuleCollisionHook
instanceKlass org/eclipse/osgi/internal/framework/OSGiFrameworkHooks
instanceKlass org/eclipse/osgi/container/ModuleContainerAdaptor$1
instanceKlass java/util/concurrent/Callable
instanceKlass org/eclipse/osgi/container/ModuleLoader
instanceKlass java/util/concurrent/BlockingQueue
instanceKlass java/util/concurrent/Executor
instanceKlass org/eclipse/osgi/internal/permadmin/SecurityRow
instanceKlass org/eclipse/osgi/internal/permadmin/PermissionAdminTable
instanceKlass org/osgi/service/permissionadmin/PermissionInfo
instanceKlass org/osgi/service/condpermadmin/ConditionalPermissionInfo
instanceKlass org/osgi/service/condpermadmin/ConditionalPermissionUpdate
instanceKlass org/eclipse/osgi/internal/permadmin/SecurityAdmin
instanceKlass org/osgi/service/condpermadmin/ConditionalPermissionAdmin
instanceKlass org/osgi/service/permissionadmin/PermissionAdmin
instanceKlass org/eclipse/osgi/storage/PermissionData
instanceKlass  @bci org/eclipse/osgi/storage/Storage connectPersistentBundles (Ljava/util/List;)V 2 <appendix> member <vmtarget> ; # org/eclipse/osgi/storage/Storage$$Lambda+0x000001f0810a0938
instanceKlass  @cpi org/eclipse/jdt/internal/compiler/lookup/BoundSet 1035 form vmentry <vmtarget> ; # java/lang/invoke/LambdaForm$DMH+0x000001f0810a4000
instanceKlass org/eclipse/osgi/storage/BundleInfo$Generation
instanceKlass org/eclipse/osgi/storage/BundleInfo
instanceKlass org/eclipse/osgi/framework/util/ObjectPool
instanceKlass jdk/internal/util/ByteArray
instanceKlass org/eclipse/osgi/storagemanager/StorageManager$Entry
instanceKlass org/eclipse/osgi/framework/internal/reliablefile/ReliableFile$CacheInfo
instanceKlass java/util/ComparableTimSort
instanceKlass java/lang/Shutdown$Lock
instanceKlass java/lang/Shutdown
instanceKlass java/io/DeleteOnExitHook$1
instanceKlass java/io/DeleteOnExitHook
instanceKlass  @bci org/eclipse/osgi/framework/internal/reliablefile/ReliableFile createTempFile (Ljava/lang/String;Ljava/lang/String;Ljava/io/File;)Ljava/io/File; 61 <appendix> argL0 ; # org/eclipse/osgi/framework/internal/reliablefile/ReliableFile$$Lambda+0x000001f081099000
instanceKlass org/eclipse/osgi/framework/internal/reliablefile/ReliableFile
instanceKlass sun/nio/ch/FileKey
instanceKlass sun/nio/ch/FileLockTable
instanceKlass sun/nio/ch/NativeThread
instanceKlass java/nio/channels/FileLock
instanceKlass sun/nio/ch/NativeThreadSet
instanceKlass sun/nio/ch/IOUtil
instanceKlass sun/nio/ch/NativeDispatcher
instanceKlass java/nio/file/attribute/FileAttribute
instanceKlass java/nio/channels/spi/AbstractInterruptibleChannel
instanceKlass java/nio/channels/InterruptibleChannel
instanceKlass java/nio/channels/ScatteringByteChannel
instanceKlass java/nio/channels/GatheringByteChannel
instanceKlass java/nio/channels/SeekableByteChannel
instanceKlass java/nio/channels/ByteChannel
instanceKlass java/nio/channels/WritableByteChannel
instanceKlass java/nio/channels/ReadableByteChannel
instanceKlass java/nio/channels/Channel
instanceKlass org/eclipse/osgi/internal/location/Locker_JavaNio
instanceKlass org/eclipse/osgi/storagemanager/StorageManager
instanceKlass org/eclipse/osgi/storage/FrameworkExtensionInstaller
instanceKlass org/eclipse/osgi/storage/bundlefile/MRUBundleFileList
instanceKlass org/eclipse/osgi/framework/eventmgr/EventDispatcher
instanceKlass org/osgi/framework/Filter
instanceKlass org/eclipse/osgi/storage/bundlefile/BundleFile
instanceKlass org/eclipse/osgi/storage/ContentProvider
instanceKlass org/eclipse/osgi/container/ModuleContainerAdaptor
instanceKlass org/eclipse/osgi/storage/Storage
instanceKlass  @bci org/eclipse/osgi/internal/cds/CDSHookConfigurator addHooks (Lorg/eclipse/osgi/internal/hookregistry/HookRegistry;)V 77 <appendix> argL0 ; # org/eclipse/osgi/internal/cds/CDSHookConfigurator$$Lambda+0x000001f08109def8
instanceKlass org/eclipse/osgi/signedcontent/SignedContent
# instanceKlass java/lang/invoke/LambdaForm$DMH+0x000001f081098400
instanceKlass java/lang/invoke/MethodHandle$1
instanceKlass org/eclipse/osgi/internal/hookregistry/StorageHookFactory$StorageHook
instanceKlass org/osgi/framework/BundleActivator
instanceKlass org/eclipse/osgi/internal/hookregistry/StorageHookFactory
instanceKlass org/eclipse/osgi/internal/cds/CDSHookConfigurator
instanceKlass org/eclipse/osgi/internal/signedcontent/SignedBundleHook
instanceKlass org/eclipse/osgi/signedcontent/SignedContentFactory
instanceKlass org/eclipse/osgi/internal/hookregistry/ActivatorHookFactory
instanceKlass org/osgi/framework/wiring/BundleRevision
instanceKlass org/osgi/resource/Resource
instanceKlass org/eclipse/osgi/internal/connect/ConnectHookConfigurator
instanceKlass org/eclipse/osgi/internal/hookregistry/HookConfigurator
instanceKlass java/net/URLClassLoader$3$1
instanceKlass java/net/URLClassLoader$3
instanceKlass org/eclipse/osgi/internal/framework/EquinoxContainer$ConnectModules
instanceKlass  @bci org/eclipse/osgi/internal/log/ExtendedLogServiceImpl applyLogLevels (Lorg/eclipse/osgi/internal/log/ExtendedLogServiceFactory$EquinoxLoggerContext;)V 20 <appendix> member <vmtarget> ; # org/eclipse/osgi/internal/log/ExtendedLogServiceImpl$$Lambda+0x000001f081097518
instanceKlass  @bci org/eclipse/osgi/internal/log/ExtendedLogServiceImpl applyLogLevels (Lorg/eclipse/osgi/internal/log/ExtendedLogServiceFactory$EquinoxLoggerContext;)V 5 <appendix> member <vmtarget> ; # org/eclipse/osgi/internal/log/ExtendedLogServiceImpl$$Lambda+0x000001f0810972e0
instanceKlass  @cpi org/eclipse/lsp4j/jsonrpc/services/ServiceEndpoints 267 form vmentry <vmtarget> ; # java/lang/invoke/LambdaForm$DMH+0x000001f081098000
instanceKlass org/eclipse/osgi/internal/log/ExtendedLogServiceFactory$EquinoxLoggerContext
instanceKlass org/eclipse/osgi/internal/log/EquinoxLogFactory$1
instanceKlass org/eclipse/osgi/framework/log/FrameworkLog
instanceKlass org/eclipse/osgi/internal/log/EquinoxLogFactory
instanceKlass org/osgi/service/log/FormatterLogger
instanceKlass org/eclipse/osgi/internal/log/LoggerImpl
instanceKlass org/eclipse/osgi/internal/log/ExtendedLogServiceImpl
instanceKlass org/eclipse/osgi/internal/log/ExtendedLogServiceFactory$EquinoxLoggerAdmin
instanceKlass org/osgi/service/log/admin/LoggerContext
instanceKlass org/eclipse/osgi/internal/log/LoggerContextTargetMap
instanceKlass org/eclipse/osgi/internal/log/LogServiceManager$MockSystemBundle
instanceKlass org/osgi/service/log/admin/LoggerAdmin
instanceKlass org/eclipse/osgi/internal/log/ExtendedLogServiceFactory
instanceKlass org/eclipse/osgi/framework/util/ArrayMap
instanceKlass java/util/concurrent/locks/ReentrantReadWriteLock$WriteLock
instanceKlass java/util/concurrent/locks/ReentrantReadWriteLock$ReadLock
instanceKlass java/util/concurrent/locks/ReentrantReadWriteLock
instanceKlass java/util/concurrent/locks/ReadWriteLock
instanceKlass org/eclipse/osgi/internal/log/ExtendedLogReaderServiceFactory$1
instanceKlass org/osgi/service/log/LogEntry
instanceKlass org/eclipse/osgi/internal/log/ExtendedLogReaderServiceFactory
instanceKlass org/osgi/framework/ServiceFactory
instanceKlass org/eclipse/equinox/log/ExtendedLogReaderService
instanceKlass org/osgi/service/log/LogReaderService
instanceKlass org/eclipse/equinox/log/ExtendedLogService
instanceKlass org/eclipse/equinox/log/Logger
instanceKlass org/osgi/service/log/Logger
instanceKlass org/osgi/service/log/LogService
instanceKlass org/osgi/service/log/LoggerFactory
instanceKlass org/eclipse/osgi/internal/log/LogServiceManager
instanceKlass org/osgi/framework/AllServiceListener
instanceKlass org/osgi/framework/ServiceListener
instanceKlass org/eclipse/osgi/internal/log/EquinoxLogWriter
instanceKlass org/eclipse/equinox/log/LogFilter
instanceKlass org/eclipse/equinox/log/SynchronousLogListener
instanceKlass org/osgi/service/log/LogListener
instanceKlass org/eclipse/osgi/internal/log/EquinoxLogServices
instanceKlass org/eclipse/osgi/util/ManifestElement
instanceKlass org/eclipse/osgi/internal/debug/Debug
instanceKlass org/eclipse/osgi/service/debug/DebugOptionsListener
instanceKlass org/eclipse/osgi/service/debug/DebugTrace
instanceKlass org/eclipse/osgi/internal/debug/FrameworkDebugOptions
instanceKlass org/osgi/util/tracker/ServiceTrackerCustomizer
instanceKlass java/nio/file/FileVisitor
instanceKlass org/eclipse/osgi/storage/StorageUtil
instanceKlass org/eclipse/osgi/internal/location/BasicLocation
instanceKlass org/eclipse/osgi/internal/location/EquinoxLocations
instanceKlass java/util/concurrent/atomic/AtomicBoolean
instanceKlass java/util/UUID
instanceKlass java/util/Random
instanceKlass java/util/random/RandomGenerator
instanceKlass org/eclipse/osgi/internal/container/InternalUtils
instanceKlass org/osgi/framework/Version
instanceKlass org/eclipse/osgi/internal/location/Locker
instanceKlass org/eclipse/osgi/internal/location/LocationHelper
instanceKlass org/eclipse/osgi/internal/framework/EquinoxConfiguration$ConfigValues
instanceKlass org/eclipse/osgi/internal/util/Tokenizer
instanceKlass java/nio/charset/CoderResult
instanceKlass sun/util/logging/PlatformLogger
instanceKlass sun/util/logging/PlatformLogger$ConfigurableBridge$LoggerConfiguration
instanceKlass jdk/internal/logger/BootstrapLogger$RedirectedLoggers
instanceKlass jdk/internal/logger/LazyLoggers$LazyLoggerAccessor
instanceKlass jdk/internal/logger/LazyLoggers$LoggerAccessor
instanceKlass jdk/internal/logger/AbstractLoggerWrapper
instanceKlass java/util/ServiceLoader$ProviderImpl
instanceKlass java/util/ServiceLoader$Provider
instanceKlass java/util/ServiceLoader$1
instanceKlass sun/util/logging/internal/LoggingProviderImpl$LogManagerAccess
instanceKlass java/util/concurrent/CopyOnWriteArrayList$COWIterator
instanceKlass jdk/internal/logger/BootstrapLogger$DetectBackend$1
instanceKlass jdk/internal/logger/BootstrapLogger$DetectBackend
instanceKlass jdk/internal/logger/BootstrapLogger
instanceKlass sun/util/logging/PlatformLogger$ConfigurableBridge
instanceKlass sun/util/logging/PlatformLogger$Bridge
instanceKlass jdk/internal/logger/DefaultLoggerFinder$1
instanceKlass java/lang/System$LoggerFinder
instanceKlass jdk/internal/logger/LazyLoggers$LazyLoggerFactories
instanceKlass jdk/internal/logger/LazyLoggers$1
instanceKlass jdk/internal/logger/LazyLoggers
instanceKlass jdk/internal/event/EventHelper$ThreadTrackHolder
instanceKlass java/net/URLClassLoader$2
instanceKlass org/eclipse/osgi/internal/framework/AliasMapper
instanceKlass org/eclipse/osgi/framework/util/KeyedElement
instanceKlass org/eclipse/osgi/internal/hookregistry/ClassLoaderHook
instanceKlass org/eclipse/osgi/internal/hookregistry/HookRegistry
instanceKlass org/eclipse/osgi/service/datalocation/Location
instanceKlass org/eclipse/osgi/service/debug/DebugOptions
instanceKlass org/eclipse/osgi/internal/framework/EquinoxConfiguration
instanceKlass org/eclipse/osgi/service/environment/EnvironmentInfo
# instanceKlass org/eclipse/osgi/internal/framework/EquinoxContainer$$InjectedInvoker+0x000001f08108c400
instanceKlass java/lang/invoke/MethodHandleImpl$BindCaller$InjectedInvokerHolder
instanceKlass java/lang/invoke/MethodHandleImpl$BindCaller
# instanceKlass java/lang/invoke/LambdaForm$MH+0x000001f08108c000
# instanceKlass java/lang/invoke/LambdaForm$MH+0x000001f08108ac00
instanceKlass java/lang/annotation/Target
instanceKlass java/lang/reflect/Proxy$ProxyBuilder$1
instanceKlass jdk/internal/org/objectweb/asm/Edge
instanceKlass  @bci java/lang/reflect/ProxyGenerator addProxyMethod (Ljava/lang/reflect/Method;Ljava/lang/Class;)V 23 <appendix> argL0 ; # java/lang/reflect/ProxyGenerator$$Lambda+0x000001f0810331d0
instanceKlass  @bci java/lang/reflect/ProxyGenerator addProxyMethod (Ljava/lang/reflect/ProxyGenerator$ProxyMethod;)V 10 <appendix> argL0 ; # java/lang/reflect/ProxyGenerator$$Lambda+0x000001f081032f90
instanceKlass java/lang/reflect/ProxyGenerator$ProxyMethod
instanceKlass  @bci java/lang/reflect/Proxy getLoader (Ljava/lang/Module;)Ljava/lang/ClassLoader; 6 <appendix> member <vmtarget> ; # java/lang/reflect/Proxy$$Lambda+0x000001f081032838
instanceKlass  @bci java/lang/module/ModuleDescriptor$Builder packages (Ljava/util/Set;)Ljava/lang/module/ModuleDescriptor$Builder; 17 <appendix> argL0 ; # java/lang/module/ModuleDescriptor$Builder$$Lambda+0x800000002
instanceKlass java/lang/module/ModuleDescriptor$Builder
instanceKlass  @bci java/lang/reflect/Proxy$ProxyBuilder getDynamicModule (Ljava/lang/ClassLoader;)Ljava/lang/Module; 4 <appendix> argL0 ; # java/lang/reflect/Proxy$ProxyBuilder$$Lambda+0x000001f0810323f8
instanceKlass java/lang/PublicMethods
instanceKlass java/lang/reflect/Proxy$ProxyBuilder
instanceKlass  @bci java/lang/reflect/Proxy getProxyConstructor (Ljava/lang/Class;Ljava/lang/ClassLoader;[Ljava/lang/Class;)Ljava/lang/reflect/Constructor; 35 <appendix> argL0 ; # java/lang/reflect/Proxy$$Lambda+0x000001f081031b60
instanceKlass java/lang/reflect/Proxy
instanceKlass sun/reflect/annotation/AnnotationInvocationHandler
instanceKlass java/lang/reflect/InvocationHandler
instanceKlass sun/reflect/annotation/AnnotationParser$1
instanceKlass sun/reflect/annotation/ExceptionProxy
instanceKlass java/lang/annotation/Inherited
instanceKlass java/lang/annotation/Retention
instanceKlass sun/reflect/annotation/AnnotationType$1
instanceKlass sun/reflect/annotation/AnnotationType
instanceKlass java/lang/reflect/GenericArrayType
instanceKlass sun/reflect/generics/visitor/Reifier
instanceKlass sun/reflect/generics/visitor/TypeTreeVisitor
instanceKlass sun/reflect/generics/factory/CoreReflectionFactory
instanceKlass sun/reflect/generics/factory/GenericsFactory
instanceKlass sun/reflect/generics/scope/AbstractScope
instanceKlass sun/reflect/generics/scope/Scope
instanceKlass sun/reflect/generics/tree/ClassTypeSignature
instanceKlass sun/reflect/generics/tree/SimpleClassTypeSignature
instanceKlass sun/reflect/generics/tree/FieldTypeSignature
instanceKlass sun/reflect/generics/tree/BaseType
instanceKlass sun/reflect/generics/tree/TypeSignature
instanceKlass sun/reflect/generics/tree/ReturnType
instanceKlass sun/reflect/generics/tree/TypeArgument
instanceKlass sun/reflect/generics/tree/TypeTree
instanceKlass sun/reflect/generics/tree/Tree
instanceKlass sun/reflect/generics/parser/SignatureParser
instanceKlass org/eclipse/osgi/framework/util/SecureAction$1
instanceKlass org/eclipse/osgi/framework/util/SecureAction
instanceKlass org/eclipse/osgi/internal/framework/EquinoxContainer
instanceKlass org/eclipse/osgi/launch/Equinox
# instanceKlass java/lang/invoke/LambdaForm$MH+0x000001f08108a800
# instanceKlass java/lang/invoke/LambdaForm$MH+0x000001f08108a400
# instanceKlass java/lang/invoke/LambdaForm$MH+0x000001f08108a000
instanceKlass org/eclipse/core/runtime/adaptor/EclipseStarter$InitialBundle
instanceKlass org/osgi/framework/BundleContext
instanceKlass org/osgi/framework/BundleReference
instanceKlass java/util/EventObject
instanceKlass org/eclipse/core/runtime/adaptor/EclipseStarter$StartupEventListener
instanceKlass org/osgi/framework/FrameworkListener
instanceKlass org/osgi/framework/SynchronousBundleListener
instanceKlass java/util/concurrent/Semaphore
instanceKlass org/osgi/framework/launch/Framework
instanceKlass org/osgi/framework/Bundle
instanceKlass org/osgi/framework/BundleListener
instanceKlass java/util/EventListener
instanceKlass org/eclipse/equinox/plurl/PlurlStreamHandler
instanceKlass org/eclipse/core/runtime/adaptor/EclipseStarter
instanceKlass  @bci java/io/FilePermissionCollection add (Ljava/security/Permission;)V 68 <appendix> argL0 ; # java/io/FilePermissionCollection$$Lambda+0x000001f08102bb68
instanceKlass sun/security/util/FilePermCompat
instanceKlass java/io/FilePermission$1
instanceKlass jdk/internal/access/JavaIOFilePermissionAccess
instanceKlass sun/security/util/MemoryCache$QueueCacheEntry
instanceKlass java/net/URLClassLoader$1
instanceKlass  @bci org/eclipse/equinox/launcher/Main basicRun ([Ljava/lang/String;)V 162 <appendix> argL0 ; # org/eclipse/equinox/launcher/Main$$Lambda+0x000001f081084b88
instanceKlass java/nio/file/FileStore
instanceKlass sun/nio/fs/WindowsSecurity
instanceKlass sun/nio/fs/AbstractAclFileAttributeView
instanceKlass java/nio/file/attribute/AclFileAttributeView
instanceKlass java/nio/file/attribute/FileOwnerAttributeView
instanceKlass sun/nio/fs/WindowsLinkSupport
instanceKlass sun/nio/fs/WindowsFileSystemProvider$1
instanceKlass org/eclipse/equinox/launcher/JNIBridge
instanceKlass  @bci java/util/stream/MatchOps makeRef (Ljava/util/function/Predicate;Ljava/util/stream/MatchOps$MatchKind;)Ljava/util/stream/TerminalOp; 20 <appendix> member <vmtarget> ; # java/util/stream/MatchOps$$Lambda+0x000001f081029010
instanceKlass java/util/stream/MatchOps$BooleanTerminalSink
instanceKlass java/util/stream/MatchOps$MatchOp
instanceKlass java/util/stream/MatchOps
instanceKlass  @bci org/eclipse/equinox/launcher/Main extractFromJAR (Ljava/lang/String;Ljava/lang/String;)Ljava/lang/String; 146 <appendix> member <vmtarget> ; # org/eclipse/equinox/launcher/Main$$Lambda+0x000001f0810846e0
instanceKlass java/util/AbstractList$RandomAccessSpliterator
instanceKlass  @bci org/eclipse/equinox/launcher/Main getLibraryFromFragment (Ljava/lang/String;Ljava/lang/String;)Ljava/lang/String; 96 <appendix> argL0 ; # org/eclipse/equinox/launcher/Main$$Lambda+0x000001f081084490
instanceKlass  @bci org/eclipse/equinox/launcher/Main getLibraryFromFragment (Ljava/lang/String;Ljava/lang/String;)Ljava/lang/String; 86 <appendix> argL0 ; # org/eclipse/equinox/launcher/Main$$Lambda+0x000001f081084250
instanceKlass  @bci java/util/zip/ZipFile stream ()Ljava/util/stream/Stream; 25 <appendix> member <vmtarget> ; # java/util/zip/ZipFile$$Lambda+0x000001f0810282a8
instanceKlass java/util/Spliterators$AbstractSpliterator
instanceKlass  @bci java/util/stream/StreamSpliterators$WrappingSpliterator initPartialTraversalState ()V 37 <appendix> member <vmtarget> ; # java/util/stream/StreamSpliterators$WrappingSpliterator$$Lambda+0x000001f081028080
instanceKlass java/util/function/BooleanSupplier
instanceKlass java/util/stream/Sink$ChainedInt
instanceKlass java/util/stream/Sink$OfInt
instanceKlass java/util/function/IntConsumer
instanceKlass  @bci java/util/stream/StreamSpliterators$WrappingSpliterator initPartialTraversalState ()V 24 <appendix> member <vmtarget> ; # java/util/stream/StreamSpliterators$WrappingSpliterator$$Lambda+0x000001f0810270a0
instanceKlass java/util/stream/StreamSpliterators
instanceKlass  @bci org/eclipse/equinox/launcher/Main getLibraryPath (Ljava/lang/String;Ljava/util/List;)Ljava/lang/String; 190 <appendix> argL0 ; # org/eclipse/equinox/launcher/Main$$Lambda+0x000001f081084000
instanceKlass  @bci org/eclipse/equinox/launcher/Main getLibraryPath (Ljava/lang/String;Ljava/util/List;)Ljava/lang/String; 180 <appendix> member <vmtarget> ; # org/eclipse/equinox/launcher/Main$$Lambda+0x000001f08101bcc0
instanceKlass java/util/stream/Stream$Builder
instanceKlass java/util/stream/Streams$AbstractStreamBuilderImpl
instanceKlass java/util/stream/Streams$2
instanceKlass java/util/stream/Streams
instanceKlass java/util/stream/StreamSpliterators$AbstractWrappingSpliterator
instanceKlass  @bci java/util/stream/AbstractPipeline spliterator ()Ljava/util/Spliterator; 103 <appendix> member <vmtarget> ; # java/util/stream/AbstractPipeline$$Lambda+0x000001f081026120
instanceKlass java/util/stream/Streams$ConcatSpliterator
instanceKlass  @bci org/eclipse/equinox/launcher/Main getLibraryPath (Ljava/lang/String;Ljava/util/List;)Ljava/lang/String; 143 <appendix> argL0 ; # org/eclipse/equinox/launcher/Main$$Lambda+0x000001f08101ba80
instanceKlass  @bci org/eclipse/equinox/launcher/Main getLibraryPath (Ljava/lang/String;Ljava/util/List;)Ljava/lang/String; 133 <appendix> member <vmtarget> ; # org/eclipse/equinox/launcher/Main$$Lambda+0x000001f08101b858
instanceKlass  @cpi org/eclipse/equinox/launcher/Main 2078 form vmentry <vmtarget> ; # java/lang/invoke/LambdaForm$DMH+0x000001f081082c00
instanceKlass  @bci org/eclipse/equinox/launcher/Main getLibraryPath (Ljava/lang/String;Ljava/util/List;)Ljava/lang/String; 117 <appendix> member <vmtarget> ; # org/eclipse/equinox/launcher/Main$$Lambda+0x000001f08101b610
instanceKlass java/util/function/IntUnaryOperator
instanceKlass java/util/stream/Streams$RangeIntSpliterator
instanceKlass java/util/stream/IntStream
instanceKlass  @bci org/eclipse/core/internal/preferences/EclipsePreferences absolutePath ()Ljava/lang/String; 66 <appendix> form vmentry <vmtarget> ; # java/lang/invoke/LambdaForm$MH+0x000001f081082800
# instanceKlass java/lang/invoke/LambdaForm$MH+0x000001f081082400
instanceKlass  @bci org/eclipse/core/internal/preferences/EclipsePreferences absolutePath ()Ljava/lang/String; 66 <appendix> argL3 form vmentry <vmtarget> ; # java/lang/invoke/LambdaForm$MH+0x000001f081082000
# instanceKlass java/lang/invoke/LambdaForm$MH+0x000001f081081c00
# instanceKlass java/lang/invoke/LambdaForm$MH+0x000001f081081800
# instanceKlass java/lang/invoke/LambdaForm$MH+0x000001f081081400
# instanceKlass java/lang/invoke/LambdaForm$MH+0x000001f081081000
instanceKlass  @bci org/eclipse/core/internal/preferences/EclipsePreferences absolutePath ()Ljava/lang/String; 66 <appendix> argL1 form vmentry <vmtarget> ; # java/lang/invoke/LambdaForm$MH+0x000001f081080c00
# instanceKlass java/lang/invoke/LambdaForm$MH+0x000001f081080800
# instanceKlass java/lang/invoke/LambdaForm$MH+0x000001f081080400
# instanceKlass java/lang/invoke/LambdaForm$MH+0x000001f081080000
instanceKlass java/io/RandomAccessFile$1
instanceKlass  @bci org/eclipse/jdt/internal/compiler/util/Messages initializeMessages (Ljava/lang/String;Ljava/lang/Class;)V 68 <appendix> form vmentry <vmtarget> ; # java/lang/invoke/LambdaForm$MH+0x000001f08101fc00
instanceKlass java/lang/invoke/LambdaFormEditor$1
# instanceKlass java/lang/invoke/LambdaForm$MH+0x000001f08101f800
instanceKlass  @bci org/eclipse/jdt/internal/compiler/util/Messages initializeMessages (Ljava/lang/String;Ljava/lang/Class;)V 68 <appendix> argL3 form vmentry <vmtarget> ; # java/lang/invoke/LambdaForm$MH+0x000001f08101f400
# instanceKlass java/lang/invoke/LambdaForm$MH+0x000001f08101f000
# instanceKlass java/lang/invoke/LambdaForm$MH+0x000001f08101ec00
# instanceKlass java/lang/invoke/LambdaForm$MH+0x000001f08101e800
# instanceKlass java/lang/invoke/LambdaForm$MH+0x000001f08101e400
instanceKlass  @bci org/eclipse/jdt/internal/compiler/util/Messages initializeMessages (Ljava/lang/String;Ljava/lang/Class;)V 68 <appendix> argL1 form vmentry <vmtarget> ; # java/lang/invoke/LambdaForm$MH+0x000001f08101e000
# instanceKlass java/lang/invoke/LambdaForm$MH+0x000001f08101dc00
# instanceKlass java/lang/invoke/LambdaForm$MH+0x000001f08101d800
# instanceKlass java/lang/invoke/LambdaForm$MH+0x000001f08101d400
instanceKlass  @bci org/eclipse/equinox/launcher/Main searchFor (Ljava/lang/String;Ljava/lang/String;)Ljava/lang/String; 95 <appendix> member <vmtarget> ; # org/eclipse/equinox/launcher/Main$$Lambda+0x000001f08101b3c8
instanceKlass  @bci org/eclipse/equinox/launcher/Main findMax (Ljava/lang/String;Ljava/util/List;)Ljava/util/Optional; 34 <appendix> argL0 ; # org/eclipse/equinox/launcher/Main$$Lambda+0x000001f08101b188
instanceKlass java/util/stream/ReduceOps$2ReducingSink
instanceKlass  @bci java/util/function/BinaryOperator maxBy (Ljava/util/Comparator;)Ljava/util/function/BinaryOperator; 6 <appendix> member <vmtarget> ; # java/util/function/BinaryOperator$$Lambda+0x000001f0810233c8
instanceKlass  @bci java/util/Comparator comparing (Ljava/util/function/Function;Ljava/util/Comparator;)Ljava/util/Comparator; 12 <appendix> member <vmtarget> ; # java/util/Comparator$$Lambda+0x000001f081023128
instanceKlass  @cpi java/util/Comparator 256 form vmentry <vmtarget> ; # java/lang/invoke/LambdaForm$DMH+0x000001f08101d000
instanceKlass  @bci java/util/Comparator comparing (Ljava/util/function/Function;)Ljava/util/Comparator; 6 <appendix> member <vmtarget> ; # java/util/Comparator$$Lambda+0x000001f081022e88
instanceKlass  @bci org/eclipse/equinox/launcher/Main$Identifier <clinit> ()V 34 <appendix> argL0 ; # org/eclipse/equinox/launcher/Main$Identifier$$Lambda+0x000001f08101af48
instanceKlass  @bci org/eclipse/equinox/launcher/Main$Identifier <clinit> ()V 18 <appendix> argL0 ; # org/eclipse/equinox/launcher/Main$Identifier$$Lambda+0x000001f08101ad28
instanceKlass  @bci java/util/Comparator thenComparing (Ljava/util/Comparator;)Ljava/util/Comparator; 7 <appendix> member <vmtarget> ; # java/util/Comparator$$Lambda+0x000001f081022be8
instanceKlass  @cpi java/util/Comparator 251 form vmentry <vmtarget> ; # java/lang/invoke/LambdaForm$DMH+0x000001f08101cc00
instanceKlass  @bci org/eclipse/equinox/launcher/Main$Identifier <clinit> ()V 8 <appendix> argL0 ; # org/eclipse/equinox/launcher/Main$Identifier$$Lambda+0x000001f08101ab08
instanceKlass  @bci java/util/Comparator comparingInt (Ljava/util/function/ToIntFunction;)Ljava/util/Comparator; 6 <appendix> member <vmtarget> ; # java/util/Comparator$$Lambda+0x000001f081022948
instanceKlass  @bci java/lang/invoke/BootstrapMethodInvoker invoke (Ljava/lang/Class;Ljava/lang/invoke/MethodHandle;Ljava/lang/String;Ljava/lang/Object;Ljava/lang/Object;Ljava/lang/Class;)Ljava/lang/Object; 462 <adapter> ; # java/lang/invoke/LambdaForm$MH+0x000001f08101c800
instanceKlass  @cpi java/util/Comparator 259 form vmentry <vmtarget> ; # java/lang/invoke/LambdaForm$DMH+0x000001f08101c400
instanceKlass  @bci org/eclipse/equinox/launcher/Main$Identifier <clinit> ()V 0 <appendix> argL0 ; # org/eclipse/equinox/launcher/Main$Identifier$$Lambda+0x000001f08101a8e8
instanceKlass java/util/function/ToIntFunction
instanceKlass  @bci org/eclipse/equinox/launcher/Main findMax (Ljava/lang/String;Ljava/util/List;)Ljava/util/Optional; 18 <appendix> argL0 ; # org/eclipse/equinox/launcher/Main$$Lambda+0x000001f08101a6a8
instanceKlass  @cpi org/eclipse/jdt/internal/launching/StandardVMType 1172 form vmentry <vmtarget> ; # java/lang/invoke/LambdaForm$DMH+0x000001f08101c000
instanceKlass  @bci org/eclipse/equinox/launcher/Main findMax (Ljava/lang/String;Ljava/util/List;)Ljava/util/Optional; 8 <appendix> member <vmtarget> ; # org/eclipse/equinox/launcher/Main$$Lambda+0x000001f08101a250
instanceKlass java/util/ArrayList$ArrayListSpliterator
instanceKlass  @bci org/eclipse/jdt/internal/core/builder/NameEnvironment findClass (Ljava/lang/String;[CLorg/eclipse/jdt/internal/compiler/env/IModuleAwareNameEnvironment$LookupStrategy;Ljava/lang/String;)Lorg/eclipse/jdt/internal/compiler/env/NameEnvironmentAnswer; 179 <appendix> form vmentry <vmtarget> ; # java/lang/invoke/LambdaForm$MH+0x000001f081019c00
instanceKlass java/util/stream/AbstractSpinedBuffer
instanceKlass java/util/stream/Node$Builder
instanceKlass java/util/stream/Node$OfDouble
instanceKlass java/util/stream/Node$OfLong
instanceKlass java/util/stream/Node$OfInt
instanceKlass java/util/stream/Node$OfPrimitive
instanceKlass java/util/stream/Nodes$EmptyNode
instanceKlass java/util/stream/Node
instanceKlass java/util/stream/Nodes
instanceKlass  @bci java/util/stream/ReferencePipeline toArray ()[Ljava/lang/Object; 1 <appendix> argL0 ; # java/util/stream/ReferencePipeline$$Lambda+0x000001f081021ac8
instanceKlass java/util/ImmutableCollections$Access$1
instanceKlass jdk/internal/access/JavaUtilCollectionAccess
instanceKlass java/util/ImmutableCollections$Access
instanceKlass  @bci org/eclipse/equinox/launcher/Main getArrayFromList (Ljava/lang/String;)Ljava/util/List; 32 <appendix> argL0 ; # org/eclipse/equinox/launcher/Main$$Lambda+0x000001f08101a000
instanceKlass  @bci org/eclipse/equinox/launcher/Main getArrayFromList (Ljava/lang/String;)Ljava/util/List; 22 <appendix> argL0 ; # org/eclipse/equinox/launcher/Main$$Lambda+0x000001f081015d00
instanceKlass java/util/regex/Pattern$1MatcherIterator
instanceKlass sun/net/www/MimeEntry
instanceKlass java/util/Hashtable$Enumerator
instanceKlass java/util/Collections$SynchronizedCollection
instanceKlass java/util/Properties$EntrySet
instanceKlass sun/net/www/MimeTable$DefaultInstanceHolder$1
instanceKlass sun/net/www/MimeTable$DefaultInstanceHolder
instanceKlass sun/net/www/MimeTable$2
instanceKlass sun/net/www/MimeTable$1
instanceKlass sun/net/www/MimeTable
instanceKlass java/net/URLConnection$1
instanceKlass java/net/FileNameMap
instanceKlass  @bci org/eclipse/jdt/ls/core/internal/handlers/BaseDiagnosticsHandler endReporting ()V 44 <appendix> form vmentry <vmtarget> ; # java/lang/invoke/LambdaForm$MH+0x000001f081019800
# instanceKlass java/lang/invoke/LambdaForm$MH+0x000001f081019400
instanceKlass  @bci org/eclipse/jdt/ls/core/internal/handlers/BaseDiagnosticsHandler endReporting ()V 44 <appendix> argL3 form vmentry <vmtarget> ; # java/lang/invoke/LambdaForm$MH+0x000001f081019000
# instanceKlass java/lang/invoke/LambdaForm$MH+0x000001f081018c00
# instanceKlass java/lang/invoke/LambdaForm$MH+0x000001f081018800
# instanceKlass java/lang/invoke/LambdaForm$MH+0x000001f081018400
# instanceKlass java/lang/invoke/LambdaForm$MH+0x000001f081018000
instanceKlass  @bci org/eclipse/jdt/ls/core/internal/handlers/BaseDiagnosticsHandler endReporting ()V 44 <appendix> argL1 form vmentry <vmtarget> ; # java/lang/invoke/LambdaForm$MH+0x000001f081017c00
instanceKlass  @bci org/eclipse/jdt/internal/compiler/ClassFile addProblemClinit ([Lorg/eclipse/jdt/core/compiler/CategorizedProblem;)V 111 <appendix> argL1 form vmentry <vmtarget> ; # java/lang/invoke/LambdaForm$MH+0x000001f081017800
# instanceKlass java/lang/invoke/LambdaForm$MH+0x000001f081017400
instanceKlass  @bci org/eclipse/jdt/ls/core/internal/handlers/BaseDiagnosticsHandler endReporting ()V 44 <appendix> argL1 argL0 form vmentry <vmtarget> ; # java/lang/invoke/LambdaForm$MH+0x000001f081017000
# instanceKlass java/lang/invoke/LambdaForm$MH+0x000001f081016c00
# instanceKlass java/lang/invoke/LambdaForm$MH+0x000001f081016800
instanceKlass java/lang/Long$LongCache
# instanceKlass java/lang/invoke/LambdaForm$MH+0x000001f081016400
instanceKlass java/util/Collections$3
instanceKlass jdk/internal/loader/URLClassPath$1
instanceKlass java/lang/CompoundEnumeration
instanceKlass jdk/internal/loader/BuiltinClassLoader$1
instanceKlass java/util/Collections$EmptyEnumeration
instanceKlass java/util/ServiceLoader$3
instanceKlass java/util/ServiceLoader$2
instanceKlass java/util/ServiceLoader$LazyClassPathLookupIterator
instanceKlass java/util/Spliterators$1Adapter
instanceKlass java/util/Spliterators$ArraySpliterator
instanceKlass java/util/ServiceLoader$ModuleServicesLookupIterator
instanceKlass java/util/ServiceLoader
instanceKlass java/net/spi/URLStreamHandlerProvider
instanceKlass java/net/URL$1
instanceKlass java/net/URL$2
instanceKlass java/net/URL$ThreadTrackHolder
instanceKlass  @bci org/eclipse/equinox/launcher/Main basicRun ([Ljava/lang/String;)V 29 <appendix> argL0 ; # org/eclipse/equinox/launcher/Main$$Lambda+0x000001f081015ae0
instanceKlass java/util/function/IntFunction
instanceKlass  @bci org/eclipse/equinox/launcher/Main processCommandLine (Ljava/util/List;)Ljava/util/List; 832 <appendix> argL0 ; # org/eclipse/equinox/launcher/Main$$Lambda+0x000001f0810158b0
instanceKlass  @cpi org/eclipse/core/internal/events/NotificationManager$NotifyJob 101 form vmentry <vmtarget> ; # java/lang/invoke/LambdaForm$DMH+0x000001f081016000
instanceKlass  @bci java/util/ArrayDeque copyElements (Ljava/util/Collection;)V 2 <appendix> member <vmtarget> ; # java/util/ArrayDeque$$Lambda+0x000001f08107f178
instanceKlass java/lang/Thread$ThreadNumbering
instanceKlass java/nio/file/attribute/PosixFilePermissions
instanceKlass java/security/Policy
instanceKlass jdk/internal/misc/PreviewFeatures
instanceKlass jdk/internal/misc/MainMethodFinder
instanceKlass org/eclipse/equinox/launcher/Main
instanceKlass sun/security/util/ManifestEntryVerifier$SunProviderHolder
instanceKlass java/util/Base64$Encoder
instanceKlass java/util/Base64$Decoder
instanceKlass java/util/Base64
instanceKlass javax/crypto/SecretKey
instanceKlass sun/security/util/Length
instanceKlass sun/security/util/KeyUtil
instanceKlass java/security/interfaces/XECKey
instanceKlass java/security/interfaces/ECKey
instanceKlass sun/security/util/JarConstraintsParameters
instanceKlass sun/security/util/ConstraintsParameters
instanceKlass java/security/CodeSigner
instanceKlass java/security/Timestamp
instanceKlass sun/security/timestamp/TimestampToken
instanceKlass java/security/cert/CertPath
# instanceKlass java/lang/invoke/LambdaForm$MH+0x000001f081014c00
instanceKlass java/math/MutableBigInteger
instanceKlass sun/security/rsa/RSAPadding
instanceKlass sun/security/rsa/RSACore
instanceKlass java/security/interfaces/RSAPrivateCrtKey
instanceKlass sun/security/pkcs/PKCS8Key
instanceKlass sun/security/util/InternalPrivateKey
instanceKlass java/security/interfaces/RSAPrivateKey
instanceKlass java/security/PrivateKey
instanceKlass javax/security/auth/Destroyable
instanceKlass jdk/internal/icu/util/CodePointTrie$Data
instanceKlass jdk/internal/icu/util/CodePointMap
instanceKlass jdk/internal/icu/util/VersionInfo
instanceKlass  @bci jdk/internal/module/SystemModuleFinders$SystemModuleReader open (Ljava/lang/String;)Ljava/util/Optional; 6 <appendix> member <vmtarget> ; # jdk/internal/module/SystemModuleFinders$SystemModuleReader$$Lambda+0x000001f081077188
instanceKlass jdk/internal/jimage/decompressor/ZipDecompressor
instanceKlass jdk/internal/jimage/decompressor/ResourceDecompressor
instanceKlass jdk/internal/jimage/decompressor/ResourceDecompressorFactory
instanceKlass jdk/internal/jimage/decompressor/ResourceDecompressorRepository
instanceKlass jdk/internal/jimage/decompressor/CompressedResourceHeader
instanceKlass  @bci jdk/internal/jimage/BasicImageReader getResourceBuffer (Ljdk/internal/jimage/ImageLocation;)Ljava/nio/ByteBuffer; 168 <appendix> member <vmtarget> ; # jdk/internal/jimage/BasicImageReader$$Lambda+0x000001f0810760c8
instanceKlass jdk/internal/jimage/decompressor/ResourceDecompressor$StringsProvider
instanceKlass java/util/TimSort
instanceKlass java/util/Arrays$LegacyMergeSort
instanceKlass java/util/AbstractMap$SimpleEntry
instanceKlass jdk/internal/jimage/ImageBufferCache$2
instanceKlass jdk/internal/jimage/ImageBufferCache
instanceKlass jdk/internal/module/Checks
instanceKlass jdk/internal/icu/impl/ICUBinary$1
instanceKlass jdk/internal/icu/impl/ICUBinary
instanceKlass jdk/internal/icu/impl/NormalizerImpl$IsAcceptable
instanceKlass jdk/internal/icu/impl/ICUBinary$Authenticate
instanceKlass jdk/internal/icu/impl/NormalizerImpl
instanceKlass jdk/internal/icu/impl/Norm2AllModes$Norm2AllModesSingleton
instanceKlass jdk/internal/icu/impl/Norm2AllModes$NFKCSingleton
instanceKlass jdk/internal/icu/impl/Norm2AllModes
instanceKlass jdk/internal/icu/text/Normalizer2
instanceKlass jdk/internal/icu/text/NormalizerBase$ModeImpl
instanceKlass jdk/internal/icu/text/NormalizerBase$NFKDModeImpl
instanceKlass jdk/internal/icu/text/NormalizerBase$1
instanceKlass jdk/internal/icu/text/NormalizerBase$Mode
instanceKlass jdk/internal/icu/text/NormalizerBase
instanceKlass java/text/Normalizer
instanceKlass sun/security/x509/AVAKeyword
instanceKlass java/util/StringJoiner
instanceKlass java/security/Signature$1
instanceKlass jdk/internal/access/JavaSecuritySignatureAccess
instanceKlass java/security/SignatureSpi
instanceKlass sun/security/util/SignatureUtil
instanceKlass java/lang/invoke/VarHandle$AccessDescriptor
instanceKlass sun/security/provider/ByteArrayAccess$BE
instanceKlass sun/security/provider/ByteArrayAccess
instanceKlass sun/security/util/MessageDigestSpi2
instanceKlass sun/security/util/SecurityProperties
instanceKlass sun/security/util/CryptoAlgorithmConstraints$CryptoHolder
instanceKlass java/security/MessageDigestSpi
instanceKlass sun/security/pkcs/SigningCertificateInfo$ESSCertId
instanceKlass sun/security/pkcs/SigningCertificateInfo
instanceKlass sun/security/pkcs/PKCS9Attribute
instanceKlass sun/security/pkcs/PKCS9Attributes
instanceKlass java/time/Instant
instanceKlass java/time/zone/ZoneOffsetTransition
instanceKlass java/time/LocalTime
instanceKlass java/time/temporal/ValueRange
instanceKlass java/time/Duration
instanceKlass java/time/temporal/TemporalAmount
instanceKlass java/time/temporal/TemporalUnit
instanceKlass java/time/temporal/TemporalField
instanceKlass java/time/LocalDate
instanceKlass java/time/chrono/ChronoLocalDate
instanceKlass java/time/ZonedDateTime
instanceKlass java/time/chrono/ChronoZonedDateTime
instanceKlass java/time/LocalDateTime
instanceKlass java/time/chrono/ChronoLocalDateTime
instanceKlass java/time/temporal/Temporal
instanceKlass java/time/zone/ZoneOffsetTransitionRule
instanceKlass java/time/zone/ZoneRules
instanceKlass java/time/temporal/TemporalAdjuster
instanceKlass java/time/temporal/TemporalAccessor
instanceKlass java/time/ZoneId
instanceKlass  @bci java/util/regex/CharPredicates ASCII_DIGIT ()Ljava/util/regex/Pattern$BmpCharPredicate; 0 <appendix> argL0 ; # java/util/regex/CharPredicates$$Lambda+0x800000024
instanceKlass  @bci java/util/regex/CharPredicates ASCII_SPACE ()Ljava/util/regex/Pattern$BmpCharPredicate; 0 <appendix> argL0 ; # java/util/regex/CharPredicates$$Lambda+0x800000025
instanceKlass java/util/regex/CharPredicates
instanceKlass sun/security/util/DisabledAlgorithmConstraints$Constraints$Holder
instanceKlass sun/security/util/DisabledAlgorithmConstraints$Constraint
instanceKlass java/util/StringTokenizer
instanceKlass java/security/spec/ECFieldF2m
instanceKlass java/security/spec/ECParameterSpec
instanceKlass java/security/spec/ECPoint
instanceKlass java/security/spec/EllipticCurve
instanceKlass java/security/spec/ECFieldFp
instanceKlass java/security/spec/ECField
instanceKlass sun/security/util/CurveDB
instanceKlass sun/security/util/DisabledAlgorithmConstraints$Constraints
instanceKlass java/util/TreeMap$PrivateEntryIterator
instanceKlass java/util/NavigableSet
instanceKlass java/util/SortedSet
instanceKlass sun/security/util/AbstractAlgorithmConstraints$1
instanceKlass sun/security/util/AlgorithmDecomposer
instanceKlass sun/security/util/DisabledAlgorithmConstraints$JarHolder
instanceKlass  @bci java/util/regex/Pattern DOT ()Ljava/util/regex/Pattern$CharPredicate; 0 <appendix> argL0 ; # java/util/regex/Pattern$$Lambda+0x000001f081068558
instanceKlass java/util/regex/ASCII
instanceKlass sun/security/util/AbstractAlgorithmConstraints
instanceKlass java/security/AlgorithmConstraints
instanceKlass sun/security/pkcs/SignerInfo
instanceKlass java/security/cert/PolicyQualifierInfo
instanceKlass sun/security/x509/CertificatePolicyId
instanceKlass sun/security/x509/PolicyInformation
instanceKlass sun/security/x509/DistributionPoint
instanceKlass sun/security/x509/DNSName
instanceKlass sun/security/x509/URIName
instanceKlass sun/security/x509/GeneralName
instanceKlass sun/security/x509/AccessDescription
instanceKlass sun/security/x509/GeneralNames
instanceKlass java/lang/invoke/VarForm
instanceKlass java/lang/invoke/VarHandleGuards
instanceKlass java/lang/invoke/VarHandles
instanceKlass java/lang/System$Logger
instanceKlass jdk/internal/event/EventHelper
instanceKlass sun/security/jca/JCAUtil
instanceKlass sun/security/util/MemoryCache$CacheEntry
instanceKlass sun/security/x509/KeyIdentifier
instanceKlass java/util/TreeMap$Entry
# instanceKlass java/lang/invoke/LambdaForm$MH+0x000001f081014800
instanceKlass sun/security/x509/OIDMap$OIDInfo
instanceKlass sun/security/x509/PKIXExtensions
instanceKlass sun/security/x509/OIDMap
instanceKlass sun/security/x509/Extension
instanceKlass java/security/cert/Extension
instanceKlass java/util/Collections$SynchronizedMap
instanceKlass java/util/NavigableMap
instanceKlass java/util/SortedMap
instanceKlass sun/security/x509/CertificateExtensions
instanceKlass sun/security/rsa/RSAUtil
instanceKlass java/security/interfaces/RSAPublicKey
instanceKlass java/security/interfaces/RSAKey
instanceKlass java/security/spec/PSSParameterSpec
instanceKlass java/security/spec/AlgorithmParameterSpec
instanceKlass java/security/spec/RSAPrivateKeySpec
instanceKlass java/security/spec/RSAPublicKeySpec
instanceKlass java/security/KeyFactorySpi
instanceKlass sun/security/rsa/SunRsaSignEntries
instanceKlass sun/security/jca/ProviderList$ServiceList$1
instanceKlass java/security/KeyFactory
instanceKlass  @bci java/security/spec/EncodedKeySpec <clinit> ()V 0 <appendix> argL0 ; # java/security/spec/EncodedKeySpec$$Lambda+0x000001f08105eb50
instanceKlass  @cpi org/eclipse/jdt/internal/core/search/processing/JobManager 551 form vmentry <vmtarget> ; # java/lang/invoke/LambdaForm$DMH+0x000001f081014400
instanceKlass jdk/internal/access/JavaSecuritySpecAccess
instanceKlass java/security/spec/EncodedKeySpec
instanceKlass java/security/spec/KeySpec
instanceKlass sun/security/util/BitArray
instanceKlass sun/security/x509/X509Key
instanceKlass java/security/PublicKey
instanceKlass java/security/Key
instanceKlass sun/security/x509/CertificateX509Key
instanceKlass java/util/Date
instanceKlass sun/util/calendar/CalendarUtils
instanceKlass sun/util/calendar/CalendarDate
instanceKlass sun/util/calendar/CalendarSystem$GregorianHolder
instanceKlass sun/util/calendar/CalendarSystem
instanceKlass sun/security/x509/CertificateValidity
instanceKlass sun/security/x509/AVA
instanceKlass sun/security/x509/RDN
instanceKlass javax/security/auth/x500/X500Principal
instanceKlass  @bci sun/security/x509/X500Name <clinit> ()V 153 <appendix> argL0 ; # sun/security/x509/X500Name$$Lambda+0x000001f08105c648
instanceKlass sun/security/x509/X500Name
instanceKlass sun/security/x509/GeneralNameInterface
instanceKlass sun/security/x509/CertificateAlgorithmId
instanceKlass sun/security/x509/SerialNumber
instanceKlass sun/security/x509/CertificateSerialNumber
instanceKlass sun/security/x509/CertificateVersion
instanceKlass sun/security/x509/X509CertInfo
instanceKlass sun/security/util/Cache$EqualByteArray
instanceKlass java/security/cert/X509Extension
instanceKlass java/lang/Byte$ByteCache
instanceKlass  @bci sun/security/util/DerInputStream seeOptionalContextSpecific (I)Z 2 <appendix> member <vmtarget> ; # sun/security/util/DerInputStream$$Lambda+0x000001f081059f78
instanceKlass  @cpi org/eclipse/jdt/internal/compiler/ClassFile 3307 form vmentry <vmtarget> ; # java/lang/invoke/LambdaForm$DMH+0x000001f081014000
instanceKlass sun/security/jca/GetInstance$Instance
instanceKlass sun/security/util/Cache
instanceKlass jdk/internal/event/Event
instanceKlass sun/security/jca/GetInstance
instanceKlass java/security/cert/CertificateFactorySpi
instanceKlass java/security/cert/CertificateFactory
instanceKlass sun/security/x509/AlgorithmId
instanceKlass sun/security/util/ByteArrayTagOrder
instanceKlass sun/security/util/ByteArrayLexOrder
instanceKlass sun/security/util/DerValue
instanceKlass sun/security/util/ObjectIdentifier
instanceKlass sun/security/pkcs/ContentInfo
instanceKlass sun/security/util/DerEncoder
instanceKlass sun/security/util/DerInputStream
instanceKlass sun/security/pkcs/PKCS7
instanceKlass java/util/Collections$EmptyIterator
instanceKlass java/util/LinkedHashMap$LinkedHashIterator
instanceKlass sun/security/util/SecurityProviderConstants
instanceKlass java/security/Provider$UString
instanceKlass java/security/Provider$Service
instanceKlass sun/security/provider/NativePRNG$NonBlocking
instanceKlass sun/security/provider/NativePRNG$Blocking
instanceKlass sun/security/provider/NativePRNG
instanceKlass sun/security/provider/SunEntries$1
instanceKlass sun/security/provider/SunEntries
instanceKlass sun/security/util/SecurityConstants
instanceKlass java/security/Security$1
instanceKlass jdk/internal/access/JavaSecurityPropertiesAccess
instanceKlass java/util/concurrent/ConcurrentHashMap$MapEntry
instanceKlass java/io/FileInputStream$1
instanceKlass java/util/Properties$LineReader
instanceKlass  @bci java/security/Security <clinit> ()V 9 <appendix> argL0 ; # java/security/Security$$Lambda+0x80000000b
instanceKlass java/security/Security
instanceKlass sun/security/jca/ProviderList$2
instanceKlass jdk/internal/math/FloatingDecimal$ASCIIToBinaryBuffer
instanceKlass jdk/internal/math/FloatingDecimal$PreparedASCIIToBinaryBuffer
instanceKlass jdk/internal/math/FloatingDecimal$ASCIIToBinaryConverter
instanceKlass jdk/internal/math/FloatingDecimal$BinaryToASCIIBuffer
instanceKlass jdk/internal/math/FloatingDecimal$ExceptionalBinaryToASCIIBuffer
instanceKlass jdk/internal/math/FloatingDecimal$BinaryToASCIIConverter
instanceKlass jdk/internal/math/FloatingDecimal
instanceKlass javax/security/auth/login/Configuration$Parameters
instanceKlass java/security/Policy$Parameters
instanceKlass java/security/cert/CertStoreParameters
instanceKlass java/security/SecureRandomParameters
instanceKlass java/security/Provider$EngineDescription
instanceKlass java/security/Provider$ServiceKey
instanceKlass sun/security/jca/ProviderConfig
instanceKlass sun/security/jca/ProviderList
instanceKlass sun/security/jca/Providers
instanceKlass  @bci sun/security/util/ManifestDigester <init> ([B)V 350 <appendix> argL0 ; # sun/security/util/ManifestDigester$$Lambda+0x000001f08104d980
instanceKlass sun/security/util/ManifestDigester$Section
instanceKlass sun/security/util/ManifestDigester$Entry
instanceKlass sun/security/util/ManifestDigester$Position
instanceKlass sun/security/util/ManifestDigester
instanceKlass sun/security/util/ManifestEntryVerifier
instanceKlass jdk/internal/misc/ThreadTracker
instanceKlass java/util/jar/JarFile$ThreadTrackHolder
instanceKlass java/util/jar/JarVerifier
instanceKlass sun/nio/cs/ArrayDecoder
instanceKlass java/nio/charset/CharsetDecoder
instanceKlass sun/launcher/LauncherHelper
instanceKlass lombok/patcher/scripts/ScriptBuilder$SetSymbolDuringMethodCallBuilder
instanceKlass lombok/patcher/scripts/ScriptBuilder$ReplaceMethodCallBuilder
instanceKlass lombok/eclipse/agent/EclipsePatcher$4
instanceKlass lombok/eclipse/agent/EclipsePatcher$3
instanceKlass lombok/patcher/scripts/ScriptBuilder$WrapMethodCallBuilder
instanceKlass lombok/patcher/ScriptManager$WitnessAction
instanceKlass lombok/patcher/scripts/ScriptBuilder$WrapReturnValueBuilder
instanceKlass lombok/patcher/ClassRootFinder
instanceKlass lombok/patcher/scripts/ScriptBuilder$AddFieldBuilder
instanceKlass java/util/Collections$1
instanceKlass lombok/patcher/PatchScript$MethodPatcherFactory
instanceKlass org/lombokweb/asm/ClassVisitor
instanceKlass lombok/patcher/Hook
instanceKlass  @bci java/util/regex/Pattern negate (Ljava/util/regex/Pattern$CharPredicate;)Ljava/util/regex/Pattern$CharPredicate; 1 <appendix> member <vmtarget> ; # java/util/regex/Pattern$$Lambda+0x800000030
instanceKlass java/util/regex/Pattern$BitClass
instanceKlass lombok/patcher/MethodTarget
instanceKlass lombok/patcher/scripts/ScriptBuilder$ExitEarlyBuilder
instanceKlass lombok/patcher/scripts/ScriptBuilder
instanceKlass lombok/eclipse/agent/EclipseLoaderPatcher
instanceKlass lombok/eclipse/agent/EclipsePatcher$2
instanceKlass lombok/eclipse/agent/EclipsePatcher$1
# instanceKlass java/lang/invoke/LambdaForm$MH+0x000001f08100d800
# instanceKlass java/lang/invoke/LambdaForm$MH+0x000001f08100d400
# instanceKlass java/lang/invoke/LambdaForm$MH+0x000001f08100d000
# instanceKlass java/lang/invoke/LambdaForm$MH+0x000001f08100cc00
# instanceKlass java/lang/invoke/LambdaForm$BMH+0x000001f08100c800
# instanceKlass java/lang/invoke/LambdaForm$DMH+0x000001f08100c400
# instanceKlass java/lang/invoke/LambdaForm$DMH+0x000001f08100c000
instanceKlass java/lang/instrument/ClassDefinition
instanceKlass lombok/patcher/ScriptManager$OurClassFileTransformer
instanceKlass lombok/patcher/Filter$1
instanceKlass lombok/patcher/TransplantMapper$1
instanceKlass java/lang/instrument/ClassFileTransformer
instanceKlass lombok/patcher/ScriptManager
instanceKlass lombok/patcher/TransplantMapper
instanceKlass lombok/patcher/Filter
instanceKlass lombok/patcher/PatchScript
instanceKlass lombok/patcher/TargetMatcher
instanceKlass lombok/eclipse/agent/EclipsePatcher
instanceKlass lombok/core/AgentLauncher$AgentLaunchable
# instanceKlass java/lang/invoke/LambdaForm$MH+0x000001f081008c00
# instanceKlass java/lang/invoke/LambdaForm$MH+0x000001f081008800
# instanceKlass java/lang/invoke/LambdaForm$MH+0x000001f081008400
# instanceKlass java/lang/invoke/LambdaForm$MH+0x000001f081008000
# instanceKlass java/lang/invoke/LambdaForm$DMH+0x000001f081007c00
# instanceKlass java/lang/invoke/LambdaForm$DMH+0x000001f081007800
# instanceKlass java/lang/invoke/LambdaForm$DMH+0x000001f081007400
instanceKlass java/lang/ClassValue$Version
instanceKlass java/lang/ClassValue$Identity
instanceKlass java/lang/ClassValue
instanceKlass java/lang/invoke/MethodHandleImpl$ArrayAccessor
instanceKlass java/lang/invoke/MethodHandleImpl$LoopClauses
instanceKlass java/lang/invoke/MethodHandleImpl$CasesHolder
# instanceKlass java/lang/invoke/LambdaForm$MH+0x000001f081007000
instanceKlass  @cpi org/eclipse/jdt/internal/core/SearchableEnvironment 1281 form vmentry <vmtarget> ; # java/lang/invoke/LambdaForm$DMH+0x000001f081006c00
# instanceKlass java/lang/invoke/LambdaForm$MH+0x000001f081006800
# instanceKlass java/lang/invoke/LambdaForm$MH+0x000001f081006400
# instanceKlass java/lang/invoke/LambdaForm$MH+0x000001f081006000
# instanceKlass java/lang/invoke/LambdaForm$BMH+0x000001f081005c00
# instanceKlass java/lang/invoke/LambdaForm$DMH+0x000001f081005800
# instanceKlass java/lang/invoke/LambdaForm$MH+0x000001f081005400
# instanceKlass java/lang/invoke/LambdaForm$DMH+0x000001f081005000
instanceKlass java/lang/invoke/ClassSpecializer$Factory$1Var
instanceKlass java/lang/invoke/MethodHandles$1
# instanceKlass java/lang/invoke/LambdaForm$DMH+0x000001f081004c00
instanceKlass sun/invoke/util/ValueConversions$1
instanceKlass sun/invoke/util/ValueConversions$WrapperCache
# instanceKlass java/lang/invoke/LambdaForm$DMH+0x000001f081004800
instanceKlass jdk/internal/foreign/MemorySessionImpl
instanceKlass java/lang/foreign/MemorySegment$Scope
instanceKlass lombok/core/AgentLauncher$AgentInfo
instanceKlass lombok/core/AgentLauncher
instanceKlass java/util/IdentityHashMap$IdentityHashMapIterator
instanceKlass lombok/launch/ClassFileMetaData
instanceKlass sun/net/www/MessageHeader
instanceKlass sun/net/www/protocol/jar/JarFileFactory
instanceKlass sun/net/www/protocol/jar/URLJarFile$URLJarFileCloseController
instanceKlass java/net/URLConnection
instanceKlass java/util/zip/ZipFile$ZipEntryIterator
instanceKlass java/util/WeakHashMap$HashIterator
instanceKlass java/net/URLDecoder
instanceKlass java/util/regex/IntHashSet
instanceKlass java/util/regex/Matcher
instanceKlass java/util/regex/MatchResult
instanceKlass java/util/regex/Pattern$TreeInfo
instanceKlass  @bci java/util/regex/Pattern Single (I)Ljava/util/regex/Pattern$BmpCharPredicate; 1 <appendix> member <vmtarget> ; # java/util/regex/Pattern$$Lambda+0x800000028
instanceKlass java/util/regex/Pattern$BmpCharPredicate
instanceKlass java/util/regex/Pattern$CharPredicate
instanceKlass java/util/regex/Pattern$Node
instanceKlass java/util/regex/Pattern
instanceKlass jdk/internal/jimage/ImageLocation
instanceKlass jdk/internal/jimage/decompressor/Decompressor
instanceKlass jdk/internal/jimage/ImageStringsReader
instanceKlass jdk/internal/jimage/ImageStrings
instanceKlass jdk/internal/jimage/ImageHeader
instanceKlass jdk/internal/jimage/NativeImageBuffer$1
instanceKlass jdk/internal/jimage/NativeImageBuffer
instanceKlass jdk/internal/jimage/BasicImageReader$1
instanceKlass jdk/internal/jimage/BasicImageReader
instanceKlass jdk/internal/jimage/ImageReader
instanceKlass jdk/internal/jimage/ImageReaderFactory$1
instanceKlass java/net/URI$Parser
instanceKlass java/nio/file/FileSystems$DefaultFileSystemHolder$1
instanceKlass java/nio/file/FileSystems$DefaultFileSystemHolder
instanceKlass java/nio/file/FileSystems
instanceKlass java/nio/file/Paths
instanceKlass jdk/internal/jimage/ImageReaderFactory
instanceKlass jdk/internal/module/SystemModuleFinders$SystemImage
instanceKlass jdk/internal/module/SystemModuleFinders$SystemModuleReader
instanceKlass java/lang/module/ModuleReader
instanceKlass jdk/internal/loader/BuiltinClassLoader$5
instanceKlass jdk/internal/loader/BuiltinClassLoader$2
instanceKlass jdk/internal/module/Resources
instanceKlass java/util/Arrays$ArrayItr
instanceKlass lombok/launch/PackageShader
instanceKlass java/io/Reader
instanceKlass java/lang/Readable
instanceKlass lombok/launch/Main
instanceKlass  @bci jdk/internal/reflect/DirectMethodHandleAccessor invokeImpl (Ljava/lang/Object;[Ljava/lang/Object;Ljava/lang/Class;)Ljava/lang/Object; 136 <adapter> ; # java/lang/invoke/LambdaForm$MH+0x000001f081002c00
# instanceKlass java/lang/invoke/LambdaForm$MH+0x000001f081002800
# instanceKlass java/lang/invoke/LambdaForm$MH+0x000001f081002400
# instanceKlass java/lang/invoke/LambdaForm$MH+0x000001f081002000
instanceKlass  @bci org/eclipse/jdt/ls/core/internal/handlers/BaseInitHandler initialize (Lorg/eclipse/lsp4j/InitializeParams;)Lorg/eclipse/lsp4j/InitializeResult; 9 <appendix> form vmentry <vmtarget> ; # java/lang/invoke/LambdaForm$MH+0x000001f081001c00
# instanceKlass java/lang/invoke/LambdaForm$MH+0x000001f081001800
instanceKlass sun/instrument/InstrumentationImpl$1
instanceKlass lombok/launch/Agent
instanceKlass java/security/SecureClassLoader$DebugHolder
instanceKlass java/security/Permission
instanceKlass java/security/Guard
instanceKlass java/security/PermissionCollection
instanceKlass java/security/SecureClassLoader$1
instanceKlass java/util/zip/Checksum$1
instanceKlass java/util/zip/CRC32
instanceKlass java/util/zip/Checksum
instanceKlass sun/nio/ByteBuffered
instanceKlass java/lang/Package$VersionInfo
instanceKlass java/lang/NamedPackage
instanceKlass java/util/jar/Attributes$Name
instanceKlass java/util/jar/Attributes
instanceKlass jdk/internal/loader/Resource
instanceKlass sun/security/action/GetIntegerAction
instanceKlass sun/security/util/Debug
instanceKlass sun/security/util/SignatureFileVerifier
instanceKlass java/util/zip/ZipFile$InflaterCleanupAction
instanceKlass java/util/zip/Inflater$InflaterZStreamRef
instanceKlass java/util/zip/Inflater
instanceKlass java/util/zip/ZipEntry
instanceKlass java/util/zip/ZipFile$2
instanceKlass java/nio/Bits$1
instanceKlass jdk/internal/misc/VM$BufferPool
instanceKlass java/nio/Bits
instanceKlass sun/nio/ch/DirectBuffer
instanceKlass jdk/internal/perf/PerfCounter$CoreCounters
instanceKlass jdk/internal/perf/Perf
instanceKlass jdk/internal/perf/Perf$GetPerfAction
instanceKlass jdk/internal/perf/PerfCounter
instanceKlass sun/util/locale/LocaleObjectCache
instanceKlass sun/util/locale/BaseLocale$Key
instanceKlass sun/util/locale/LocaleUtils
instanceKlass sun/util/locale/BaseLocale
instanceKlass java/util/Locale
instanceKlass java/nio/file/attribute/FileTime
instanceKlass java/lang/StringCoding
instanceKlass java/util/zip/ZipUtils
instanceKlass java/util/zip/ZipFile$Source$End
instanceKlass java/io/RandomAccessFile$2
instanceKlass jdk/internal/access/JavaIORandomAccessFileAccess
instanceKlass java/io/RandomAccessFile
instanceKlass java/io/DataInput
instanceKlass java/io/DataOutput
instanceKlass sun/nio/fs/WindowsNativeDispatcher$CompletionStatus
instanceKlass sun/nio/fs/WindowsNativeDispatcher$AclInformation
instanceKlass sun/nio/fs/WindowsNativeDispatcher$Account
instanceKlass sun/nio/fs/WindowsNativeDispatcher$DiskFreeSpace
instanceKlass sun/nio/fs/WindowsNativeDispatcher$VolumeInformation
instanceKlass sun/nio/fs/WindowsNativeDispatcher$FirstStream
instanceKlass sun/nio/fs/WindowsNativeDispatcher$FirstFile
instanceKlass java/util/Enumeration
instanceKlass java/util/concurrent/ConcurrentHashMap$Traverser
instanceKlass sun/nio/fs/WindowsNativeDispatcher
instanceKlass sun/nio/fs/NativeBuffer$Deallocator
instanceKlass sun/nio/fs/NativeBuffer
instanceKlass java/lang/ThreadLocal$ThreadLocalMap
instanceKlass java/lang/ThreadLocal
instanceKlass sun/nio/fs/NativeBuffers
instanceKlass sun/nio/fs/WindowsFileAttributes
instanceKlass java/nio/file/attribute/DosFileAttributes
instanceKlass sun/nio/fs/AbstractBasicFileAttributeView
instanceKlass sun/nio/fs/DynamicFileAttributeView
instanceKlass sun/nio/fs/WindowsFileAttributeViews
instanceKlass sun/nio/fs/Util
instanceKlass java/nio/file/attribute/BasicFileAttributeView
instanceKlass java/nio/file/attribute/FileAttributeView
instanceKlass java/nio/file/attribute/AttributeView
instanceKlass java/nio/file/Files
instanceKlass java/nio/file/CopyOption
instanceKlass java/nio/file/attribute/BasicFileAttributes
instanceKlass sun/nio/fs/WindowsPath
instanceKlass java/util/zip/ZipFile$Source$Key
instanceKlass sun/nio/fs/WindowsPathParser$Result
instanceKlass java/util/concurrent/ForkJoinPool$ManagedBlocker
instanceKlass java/util/concurrent/locks/AbstractQueuedSynchronizer$Node
instanceKlass sun/nio/fs/WindowsPathParser
instanceKlass java/nio/file/FileSystem
instanceKlass java/nio/file/OpenOption
instanceKlass java/nio/file/spi/FileSystemProvider
instanceKlass sun/nio/fs/DefaultFileSystemProvider
instanceKlass java/util/zip/ZipFile$Source
instanceKlass java/lang/ref/Cleaner$Cleanable
instanceKlass jdk/internal/ref/CleanerImpl
instanceKlass java/lang/ref/Cleaner$1
instanceKlass java/lang/ref/Cleaner
instanceKlass jdk/internal/ref/CleanerFactory$1
instanceKlass java/util/concurrent/ThreadFactory
instanceKlass jdk/internal/ref/CleanerFactory
instanceKlass java/util/zip/ZipCoder
instanceKlass java/util/zip/ZipFile$CleanableResource
instanceKlass java/lang/Runtime$Version
instanceKlass java/util/jar/JavaUtilJarAccessImpl
instanceKlass jdk/internal/access/JavaUtilJarAccess
instanceKlass jdk/internal/loader/FileURLMapper
instanceKlass jdk/internal/loader/URLClassPath$JarLoader$1
instanceKlass java/util/zip/ZipFile$1
instanceKlass jdk/internal/access/JavaUtilZipFileAccess
instanceKlass java/util/zip/ZipFile
instanceKlass java/util/zip/ZipConstants
instanceKlass jdk/internal/loader/URLClassPath$Loader
instanceKlass jdk/internal/loader/URLClassPath$3
instanceKlass java/security/PrivilegedExceptionAction
instanceKlass sun/net/util/URLUtil
instanceKlass sun/instrument/TransformerManager$TransformerInfo
instanceKlass sun/instrument/TransformerManager
instanceKlass jdk/internal/loader/NativeLibraries$3
instanceKlass jdk/internal/loader/NativeLibrary
instanceKlass java/util/ArrayDeque$DeqIterator
instanceKlass jdk/internal/loader/NativeLibraries$NativeLibraryContext$1
instanceKlass jdk/internal/loader/NativeLibraries$NativeLibraryContext
instanceKlass jdk/internal/loader/NativeLibraries$2
instanceKlass jdk/internal/loader/NativeLibraries$1
instanceKlass jdk/internal/loader/NativeLibraries$LibraryPaths
instanceKlass  @bci sun/instrument/InstrumentationImpl <clinit> ()V 16 <appendix> argL0 ; # sun/instrument/InstrumentationImpl$$Lambda+0x000001f081042df0
instanceKlass sun/instrument/InstrumentationImpl
instanceKlass java/lang/instrument/Instrumentation
instanceKlass java/lang/invoke/StringConcatFactory
instanceKlass jdk/internal/module/ModuleBootstrap$SafeModuleFinder
instanceKlass  @bci java/lang/WeakPairMap computeIfAbsent (Ljava/lang/Object;Ljava/lang/Object;Ljava/util/function/BiFunction;)Ljava/lang/Object; 18 <appendix> member <vmtarget> ; # java/lang/WeakPairMap$$Lambda+0x000001f081042678
instanceKlass  @bci java/lang/Module implAddExportsOrOpens (Ljava/lang/String;Ljava/lang/Module;ZZ)V 145 <appendix> argL0 ; # java/lang/Module$$Lambda+0x000001f081041d20
instanceKlass  @bci jdk/internal/module/ModuleBootstrap decode (Ljava/lang/String;Ljava/lang/String;Z)Ljava/util/Map; 193 <appendix> argL0 ; # jdk/internal/module/ModuleBootstrap$$Lambda+0x000001f081041ae0
instanceKlass java/lang/ModuleLayer$Controller
instanceKlass java/util/concurrent/CopyOnWriteArrayList
instanceKlass jdk/internal/module/ServicesCatalog$ServiceProvider
instanceKlass jdk/internal/loader/AbstractClassLoaderValue$Memoizer
instanceKlass jdk/internal/module/ModuleLoaderMap$Modules
instanceKlass jdk/internal/module/ModuleLoaderMap$Mapper
instanceKlass jdk/internal/module/ModuleLoaderMap
instanceKlass java/lang/module/ResolvedModule
instanceKlass java/util/Collections$UnmodifiableCollection$1
instanceKlass java/util/SequencedMap
instanceKlass java/util/SequencedSet
instanceKlass java/lang/ModuleLayer
instanceKlass java/util/ImmutableCollections$ListItr
instanceKlass java/util/ListIterator
instanceKlass java/lang/module/ModuleFinder$1
instanceKlass java/nio/file/Path
instanceKlass java/nio/file/Watchable
instanceKlass java/lang/module/Resolver
instanceKlass java/lang/module/Configuration
instanceKlass java/util/stream/ForEachOps$ForEachOp
instanceKlass java/util/stream/ForEachOps
instanceKlass  @bci jdk/internal/module/ModuleBootstrap boot2 ()Ljava/lang/ModuleLayer; 791 <appendix> member <vmtarget> ; # jdk/internal/module/ModuleBootstrap$$Lambda+0x000001f081040eb8
instanceKlass  @cpi org/eclipse/lsp4j/jsonrpc/services/ServiceEndpoints 262 form vmentry <vmtarget> ; # java/lang/invoke/LambdaForm$DMH+0x000001f081000c00
instanceKlass  @bci jdk/internal/module/ModuleBootstrap boot2 ()Ljava/lang/ModuleLayer; 779 <appendix> member <vmtarget> ; # jdk/internal/module/ModuleBootstrap$$Lambda+0x000001f081040c60
instanceKlass  @bci jdk/internal/module/ModuleBootstrap boot2 ()Ljava/lang/ModuleLayer; 767 <appendix> argL0 ; # jdk/internal/module/ModuleBootstrap$$Lambda+0x000001f081040a20
instanceKlass  @bci jdk/internal/module/ModuleBootstrap boot2 ()Ljava/lang/ModuleLayer; 757 <appendix> argL0 ; # jdk/internal/module/ModuleBootstrap$$Lambda+0x000001f0810407e0
instanceKlass  @bci java/util/stream/FindOps$FindSink$OfRef <clinit> ()V 43 <appendix> argL0 ; # java/util/stream/FindOps$FindSink$OfRef$$Lambda+0x800000047
instanceKlass  @bci java/util/stream/FindOps$FindSink$OfRef <clinit> ()V 38 <appendix> argL0 ; # java/util/stream/FindOps$FindSink$OfRef$$Lambda+0x800000049
instanceKlass  @bci java/util/stream/FindOps$FindSink$OfRef <clinit> ()V 16 <appendix> argL0 ; # java/util/stream/FindOps$FindSink$OfRef$$Lambda+0x800000048
instanceKlass  @bci java/util/stream/FindOps$FindSink$OfRef <clinit> ()V 11 <appendix> argL0 ; # java/util/stream/FindOps$FindSink$OfRef$$Lambda+0x80000004a
instanceKlass java/util/stream/FindOps$FindOp
instanceKlass java/util/stream/FindOps$FindSink
instanceKlass java/util/stream/FindOps
instanceKlass  @bci jdk/internal/module/DefaultRoots exportsAPI (Ljava/lang/module/ModuleDescriptor;)Z 9 <appendix> argL0 ; # jdk/internal/module/DefaultRoots$$Lambda+0x800000050
instanceKlass java/util/stream/Sink$ChainedReference
instanceKlass java/util/stream/ReduceOps$AccumulatingSink
instanceKlass java/util/stream/TerminalSink
instanceKlass java/util/stream/Sink
instanceKlass java/util/function/Consumer
instanceKlass java/util/stream/ReduceOps$Box
instanceKlass java/util/stream/ReduceOps$ReduceOp
instanceKlass java/util/stream/TerminalOp
instanceKlass java/util/stream/ReduceOps
instanceKlass  @bci java/util/stream/Collectors castingIdentity ()Ljava/util/function/Function; 0 <appendix> argL0 ; # java/util/stream/Collectors$$Lambda+0x800000041
instanceKlass  @bci java/util/stream/Collectors toSet ()Ljava/util/stream/Collector; 14 <appendix> argL0 ; # java/util/stream/Collectors$$Lambda+0x80000003f
instanceKlass java/util/function/BinaryOperator
instanceKlass  @bci java/util/stream/Collectors toSet ()Ljava/util/stream/Collector; 9 <appendix> argL0 ; # java/util/stream/Collectors$$Lambda+0x800000038
instanceKlass java/util/function/BiConsumer
instanceKlass  @bci java/util/stream/Collectors toSet ()Ljava/util/stream/Collector; 4 <appendix> argL0 ; # java/util/stream/Collectors$$Lambda+0x800000044
instanceKlass java/util/stream/Collector
instanceKlass java/util/Collections$UnmodifiableCollection
instanceKlass java/util/stream/Collectors
instanceKlass  @bci jdk/internal/module/DefaultRoots compute (Ljava/lang/module/ModuleFinder;Ljava/lang/module/ModuleFinder;)Ljava/util/Set; 42 <appendix> argL0 ; # jdk/internal/module/DefaultRoots$$Lambda+0x80000004d
instanceKlass  @bci jdk/internal/module/DefaultRoots compute (Ljava/lang/module/ModuleFinder;Ljava/lang/module/ModuleFinder;)Ljava/util/Set; 32 <appendix> member <vmtarget> ; # jdk/internal/module/DefaultRoots$$Lambda+0x800000051
instanceKlass  @bci jdk/internal/module/DefaultRoots compute (Ljava/lang/module/ModuleFinder;Ljava/lang/module/ModuleFinder;)Ljava/util/Set; 21 <appendix> argL0 ; # jdk/internal/module/DefaultRoots$$Lambda+0x80000004e
instanceKlass  @bci org/eclipse/jdt/core/dom/ASTParser checkForSystemLibrary (Ljava/util/List;)V 49 <appendix> form vmentry <vmtarget> ; # java/lang/invoke/LambdaForm$MH+0x000001f081000800
instanceKlass  @bci jdk/internal/module/DefaultRoots compute (Ljava/lang/module/ModuleFinder;Ljava/lang/module/ModuleFinder;)Ljava/util/Set; 11 <appendix> argL0 ; # jdk/internal/module/DefaultRoots$$Lambda+0x80000004f
instanceKlass java/lang/invoke/LambdaProxyClassArchive
instanceKlass java/lang/invoke/InfoFromMemberName
instanceKlass java/lang/invoke/MethodHandleInfo
instanceKlass jdk/internal/org/objectweb/asm/ConstantDynamic
instanceKlass jdk/internal/org/objectweb/asm/Handle
instanceKlass sun/security/action/GetBooleanAction
instanceKlass java/lang/invoke/AbstractValidatingLambdaMetafactory
instanceKlass java/lang/invoke/BootstrapMethodInvoker
instanceKlass java/util/function/Predicate
instanceKlass java/lang/WeakPairMap$Pair$Lookup
instanceKlass java/lang/WeakPairMap$Pair
instanceKlass java/lang/WeakPairMap
instanceKlass java/lang/Module$ReflectionData
instanceKlass java/lang/invoke/LambdaMetafactory
# instanceKlass java/lang/invoke/LambdaForm$MH+0x000001f081000400
instanceKlass java/lang/invoke/MethodHandles$Lookup$ClassDefiner
instanceKlass java/lang/invoke/MethodHandles$Lookup$ClassFile
instanceKlass jdk/internal/org/objectweb/asm/Handler
instanceKlass jdk/internal/org/objectweb/asm/Attribute
instanceKlass jdk/internal/org/objectweb/asm/FieldVisitor
instanceKlass java/util/ArrayList$Itr
instanceKlass sun/invoke/empty/Empty
instanceKlass sun/invoke/util/VerifyType
instanceKlass java/lang/invoke/InvokerBytecodeGenerator$ClassData
instanceKlass jdk/internal/org/objectweb/asm/AnnotationVisitor
instanceKlass jdk/internal/org/objectweb/asm/Frame
instanceKlass jdk/internal/org/objectweb/asm/Label
instanceKlass jdk/internal/org/objectweb/asm/Type
instanceKlass jdk/internal/org/objectweb/asm/MethodVisitor
instanceKlass sun/invoke/util/BytecodeDescriptor
instanceKlass jdk/internal/org/objectweb/asm/ByteVector
instanceKlass jdk/internal/org/objectweb/asm/Symbol
instanceKlass jdk/internal/org/objectweb/asm/SymbolTable
instanceKlass jdk/internal/org/objectweb/asm/ClassVisitor
instanceKlass java/lang/invoke/LambdaFormBuffer
instanceKlass java/lang/invoke/LambdaFormEditor$TransformKey
instanceKlass java/lang/invoke/LambdaFormEditor
instanceKlass java/lang/invoke/Invokers$Holder
instanceKlass java/lang/invoke/DelegatingMethodHandle$Holder
instanceKlass java/lang/invoke/DirectMethodHandle$2
instanceKlass java/lang/invoke/ClassSpecializer$Factory
instanceKlass java/lang/invoke/ClassSpecializer$SpeciesData
instanceKlass java/lang/invoke/ClassSpecializer$1
instanceKlass java/lang/invoke/ClassSpecializer
instanceKlass java/lang/invoke/InvokerBytecodeGenerator$1
instanceKlass java/lang/invoke/InvokerBytecodeGenerator
instanceKlass java/lang/invoke/LambdaForm$Holder
instanceKlass java/lang/invoke/LambdaForm$Name
instanceKlass java/lang/reflect/Array
instanceKlass java/lang/invoke/Invokers
instanceKlass sun/invoke/util/ValueConversions
instanceKlass java/lang/invoke/DirectMethodHandle$Holder
instanceKlass java/lang/Void
instanceKlass sun/invoke/util/Wrapper$Format
instanceKlass java/lang/invoke/MethodHandleImpl$1
instanceKlass jdk/internal/access/JavaLangInvokeAccess
instanceKlass java/lang/invoke/LambdaForm$NamedFunction
instanceKlass java/lang/invoke/MethodHandleImpl
instanceKlass jdk/internal/reflect/MethodHandleAccessorFactory$LazyStaticHolder
instanceKlass java/lang/invoke/MethodTypeForm
instanceKlass jdk/internal/util/StrongReferenceKey
instanceKlass jdk/internal/util/ReferenceKey
instanceKlass jdk/internal/util/ReferencedKeyMap
instanceKlass java/lang/invoke/MethodType$1
instanceKlass sun/reflect/annotation/AnnotationParser
instanceKlass java/lang/Class$3
instanceKlass java/lang/PublicMethods$Key
instanceKlass java/lang/PublicMethods$MethodList
instanceKlass java/util/EnumMap$1
instanceKlass java/util/stream/StreamOpFlag$MaskBuilder
instanceKlass java/util/stream/Stream
instanceKlass java/util/stream/BaseStream
instanceKlass java/util/stream/PipelineHelper
instanceKlass java/util/stream/StreamSupport
instanceKlass java/util/Spliterators$IteratorSpliterator
instanceKlass java/util/Spliterator$OfDouble
instanceKlass java/util/Spliterator$OfLong
instanceKlass java/util/Spliterator$OfInt
instanceKlass java/util/Spliterator$OfPrimitive
instanceKlass java/util/Spliterator
instanceKlass java/util/Spliterators$EmptySpliterator
instanceKlass java/util/Spliterators
instanceKlass jdk/internal/module/DefaultRoots
instanceKlass jdk/internal/loader/BuiltinClassLoader$LoadedModule
instanceKlass jdk/internal/loader/AbstractClassLoaderValue
instanceKlass jdk/internal/module/ServicesCatalog
instanceKlass java/util/Deque
instanceKlass java/util/Queue
instanceKlass sun/net/util/IPAddressUtil$MASKS
instanceKlass sun/net/util/IPAddressUtil
instanceKlass java/net/URLStreamHandler
instanceKlass sun/net/www/ParseUtil
instanceKlass java/net/URL$3
instanceKlass jdk/internal/access/JavaNetURLAccess
instanceKlass java/net/URL$DefaultFactory
instanceKlass java/net/URLStreamHandlerFactory
instanceKlass jdk/internal/loader/URLClassPath
instanceKlass java/security/Principal
instanceKlass java/security/ProtectionDomain$Key
instanceKlass java/security/ProtectionDomain$JavaSecurityAccessImpl
instanceKlass jdk/internal/access/JavaSecurityAccess
instanceKlass java/lang/ClassLoader$ParallelLoaders
instanceKlass java/security/cert/Certificate
instanceKlass jdk/internal/loader/ArchivedClassLoaders
instanceKlass java/util/concurrent/ConcurrentHashMap$CollectionView
instanceKlass jdk/internal/loader/ClassLoaderHelper
instanceKlass jdk/internal/loader/NativeLibraries
instanceKlass java/lang/Module$EnableNativeAccess
instanceKlass jdk/internal/loader/BootLoader
instanceKlass java/util/Optional
instanceKlass jdk/internal/module/SystemModuleFinders$SystemModuleFinder
instanceKlass java/lang/module/ModuleFinder
instanceKlass jdk/internal/module/SystemModuleFinders$3
instanceKlass jdk/internal/module/ModuleHashes$HashSupplier
instanceKlass jdk/internal/module/SystemModuleFinders$2
instanceKlass java/util/function/Supplier
instanceKlass java/lang/module/ModuleReference
instanceKlass jdk/internal/module/ModuleResolution
instanceKlass java/util/Collections$UnmodifiableMap
instanceKlass jdk/internal/module/ModuleHashes$Builder
instanceKlass jdk/internal/module/ModuleHashes
instanceKlass jdk/internal/module/ModuleTarget
instanceKlass java/util/ImmutableCollections$Set12$1
instanceKlass java/lang/reflect/AccessFlag$18
instanceKlass java/lang/reflect/AccessFlag$17
instanceKlass java/lang/reflect/AccessFlag$16
instanceKlass java/lang/reflect/AccessFlag$15
instanceKlass java/lang/reflect/AccessFlag$14
instanceKlass java/lang/reflect/AccessFlag$13
instanceKlass java/lang/reflect/AccessFlag$12
instanceKlass java/lang/reflect/AccessFlag$11
instanceKlass java/lang/reflect/AccessFlag$10
instanceKlass java/lang/reflect/AccessFlag$9
instanceKlass java/lang/reflect/AccessFlag$8
instanceKlass java/lang/reflect/AccessFlag$7
instanceKlass java/lang/reflect/AccessFlag$6
instanceKlass java/lang/reflect/AccessFlag$5
instanceKlass java/lang/reflect/AccessFlag$4
instanceKlass java/lang/reflect/AccessFlag$3
instanceKlass java/lang/reflect/AccessFlag$2
instanceKlass java/lang/reflect/AccessFlag$1
instanceKlass java/lang/module/ModuleDescriptor$Version
instanceKlass java/lang/module/ModuleDescriptor$Provides
instanceKlass java/lang/module/ModuleDescriptor$Opens
instanceKlass java/util/ImmutableCollections$SetN$SetNIterator
instanceKlass java/lang/module/ModuleDescriptor$Exports
instanceKlass java/lang/module/ModuleDescriptor$Requires
instanceKlass jdk/internal/module/Builder
instanceKlass jdk/internal/module/SystemModules$all
instanceKlass jdk/internal/module/SystemModules
instanceKlass jdk/internal/module/SystemModulesMap
instanceKlass java/net/URI$1
instanceKlass jdk/internal/access/JavaNetUriAccess
instanceKlass java/net/URI
instanceKlass jdk/internal/module/SystemModuleFinders
instanceKlass jdk/internal/module/ArchivedModuleGraph
instanceKlass jdk/internal/module/ArchivedBootLayer
instanceKlass jdk/internal/module/ModuleBootstrap$Counters
instanceKlass jdk/internal/module/ModulePatcher
instanceKlass java/io/FileSystem
instanceKlass java/io/DefaultFileSystem
instanceKlass java/io/File
instanceKlass java/lang/module/ModuleDescriptor$1
instanceKlass jdk/internal/access/JavaLangModuleAccess
instanceKlass sun/invoke/util/VerifyAccess
instanceKlass java/util/KeyValueHolder
instanceKlass java/util/ImmutableCollections$MapN$MapNIterator
instanceKlass java/lang/StrictMath
instanceKlass java/lang/invoke/MethodHandles$Lookup
instanceKlass java/lang/invoke/MemberName$Factory
instanceKlass java/lang/invoke/MethodHandles
instanceKlass java/lang/module/ModuleDescriptor
instanceKlass jdk/internal/module/ModuleBootstrap
instanceKlass java/lang/Character$CharacterCache
instanceKlass java/util/HexFormat
instanceKlass jdk/internal/util/ClassFileDumper
instanceKlass sun/security/action/GetPropertyAction
instanceKlass java/lang/invoke/MethodHandleStatics
instanceKlass java/util/concurrent/locks/AbstractQueuedSynchronizer$ConditionObject
instanceKlass java/util/concurrent/locks/Condition
instanceKlass jdk/internal/misc/Blocker
instanceKlass java/util/Collections
instanceKlass java/lang/Thread$ThreadIdentifiers
instanceKlass sun/io/Win32ErrorMode
instanceKlass jdk/internal/misc/OSEnvironment
instanceKlass java/lang/Integer$IntegerCache
instanceKlass jdk/internal/misc/Signal$NativeHandler
instanceKlass java/util/Hashtable$Entry
instanceKlass jdk/internal/misc/Signal
instanceKlass java/lang/Terminator$1
instanceKlass jdk/internal/misc/Signal$Handler
instanceKlass java/lang/Terminator
instanceKlass java/nio/ByteOrder
instanceKlass java/nio/Buffer$2
instanceKlass jdk/internal/access/JavaNioAccess
instanceKlass java/nio/Buffer$1
instanceKlass jdk/internal/misc/ScopedMemoryAccess
instanceKlass java/nio/charset/CodingErrorAction
instanceKlass sun/nio/cs/SingleByte
instanceKlass java/lang/StringUTF16
instanceKlass sun/nio/cs/MS1252$Holder
instanceKlass sun/nio/cs/ArrayEncoder
instanceKlass java/nio/charset/CharsetEncoder
instanceKlass java/io/Writer
instanceKlass java/io/PrintStream$1
instanceKlass jdk/internal/access/JavaIOPrintStreamAccess
instanceKlass jdk/internal/misc/InternalLock
instanceKlass java/io/OutputStream
instanceKlass java/io/Flushable
instanceKlass java/io/FileDescriptor$1
instanceKlass jdk/internal/access/JavaIOFileDescriptorAccess
instanceKlass java/io/FileDescriptor
instanceKlass jdk/internal/util/StaticProperty
instanceKlass jdk/internal/reflect/MethodHandleAccessorFactory
instanceKlass java/lang/reflect/Modifier
instanceKlass java/lang/Class$1
instanceKlass java/lang/Class$Atomic
instanceKlass java/lang/Class$ReflectionData
instanceKlass java/nio/charset/StandardCharsets
instanceKlass sun/nio/cs/HistoricallyNamedCharset
instanceKlass java/nio/charset/spi/CharsetProvider
instanceKlass java/nio/charset/Charset
instanceKlass java/util/HashMap$HashIterator
instanceKlass java/util/concurrent/locks/LockSupport
instanceKlass java/util/concurrent/ConcurrentHashMap$Node
instanceKlass java/util/concurrent/ConcurrentHashMap$CounterCell
instanceKlass java/util/concurrent/locks/ReentrantLock
instanceKlass java/util/concurrent/locks/Lock
instanceKlass java/lang/CharacterData
instanceKlass java/util/Arrays
instanceKlass jdk/internal/util/Preconditions$3
instanceKlass jdk/internal/util/Preconditions$2
instanceKlass jdk/internal/util/Preconditions$4
instanceKlass java/util/function/BiFunction
instanceKlass jdk/internal/util/Preconditions$1
instanceKlass java/util/function/Function
instanceKlass jdk/internal/util/Preconditions
instanceKlass java/lang/Runtime
instanceKlass java/lang/VersionProps
instanceKlass java/lang/StringConcatHelper
instanceKlass java/util/HashMap$Node
instanceKlass java/util/Map$Entry
instanceKlass jdk/internal/util/ArraysSupport
instanceKlass jdk/internal/util/SystemProps$Raw
instanceKlass jdk/internal/util/SystemProps
instanceKlass java/lang/System$2
instanceKlass jdk/internal/access/JavaLangAccess
instanceKlass java/lang/ref/NativeReferenceQueue$Lock
instanceKlass java/lang/ref/ReferenceQueue
instanceKlass java/lang/ref/Reference$1
instanceKlass jdk/internal/access/JavaLangRefAccess
instanceKlass jdk/internal/reflect/ReflectionFactory
instanceKlass java/lang/Math
instanceKlass java/lang/StringLatin1
instanceKlass jdk/internal/reflect/Reflection
instanceKlass jdk/internal/reflect/ReflectionFactory$GetReflectionFactoryAction
instanceKlass java/security/PrivilegedAction
instanceKlass jdk/internal/access/SharedSecrets
instanceKlass java/lang/reflect/ReflectAccess
instanceKlass jdk/internal/access/JavaLangReflectAccess
instanceKlass java/util/ImmutableCollections
instanceKlass java/util/Objects
instanceKlass java/util/Set
instanceKlass jdk/internal/misc/CDS
instanceKlass java/lang/Module$ArchivedData
instanceKlass jdk/internal/misc/VM
instanceKlass java/lang/String$CaseInsensitiveComparator
instanceKlass java/util/Comparator
instanceKlass java/io/ObjectStreamField
instanceKlass jdk/internal/vm/FillerObject
instanceKlass jdk/internal/vm/vector/VectorSupport$VectorPayload
instanceKlass jdk/internal/vm/vector/VectorSupport
instanceKlass java/lang/reflect/RecordComponent
instanceKlass java/util/Iterator
instanceKlass java/lang/Number
instanceKlass java/lang/Character
instanceKlass java/lang/Boolean
instanceKlass java/util/concurrent/locks/AbstractOwnableSynchronizer
instanceKlass java/lang/LiveStackFrame
instanceKlass java/lang/StackFrameInfo
instanceKlass java/lang/StackWalker$StackFrame
instanceKlass java/lang/StackStreamFactory$AbstractStackWalker
instanceKlass java/lang/StackWalker
instanceKlass java/nio/Buffer
instanceKlass java/lang/StackTraceElement
instanceKlass java/util/RandomAccess
instanceKlass java/util/List
instanceKlass java/util/SequencedCollection
instanceKlass java/util/AbstractCollection
instanceKlass java/util/Collection
instanceKlass java/lang/Iterable
instanceKlass java/util/concurrent/ConcurrentMap
instanceKlass java/util/AbstractMap
instanceKlass java/security/CodeSource
instanceKlass jdk/internal/loader/ClassLoaders
instanceKlass java/util/jar/Manifest
instanceKlass java/lang/Enum
instanceKlass java/net/URL
instanceKlass java/io/InputStream
instanceKlass java/io/Closeable
instanceKlass java/lang/AutoCloseable
instanceKlass jdk/internal/module/Modules
instanceKlass jdk/internal/misc/Unsafe
instanceKlass jdk/internal/misc/UnsafeConstants
instanceKlass java/lang/AbstractStringBuilder
instanceKlass java/lang/Appendable
instanceKlass java/lang/AssertionStatusDirectives
instanceKlass jdk/internal/foreign/abi/ABIDescriptor
instanceKlass jdk/internal/foreign/abi/NativeEntryPoint
instanceKlass java/lang/invoke/CallSite
instanceKlass java/lang/invoke/MethodType
instanceKlass java/lang/invoke/TypeDescriptor$OfMethod
instanceKlass java/lang/invoke/LambdaForm
instanceKlass java/lang/invoke/MethodHandleNatives
instanceKlass java/lang/invoke/ResolvedMethodName
instanceKlass java/lang/invoke/MemberName
instanceKlass java/lang/invoke/VarHandle
instanceKlass java/lang/invoke/MethodHandle
instanceKlass jdk/internal/reflect/CallerSensitive
instanceKlass java/lang/annotation/Annotation
instanceKlass jdk/internal/reflect/FieldAccessor
instanceKlass jdk/internal/reflect/ConstantPool
instanceKlass jdk/internal/reflect/ConstructorAccessor
instanceKlass jdk/internal/reflect/MethodAccessor
instanceKlass jdk/internal/reflect/MagicAccessorImpl
instanceKlass jdk/internal/vm/StackChunk
instanceKlass jdk/internal/vm/Continuation
instanceKlass jdk/internal/vm/ContinuationScope
instanceKlass java/lang/reflect/Parameter
instanceKlass java/lang/reflect/Member
instanceKlass java/lang/reflect/AccessibleObject
instanceKlass java/lang/Module
instanceKlass java/util/Map
instanceKlass java/util/Dictionary
instanceKlass java/lang/ThreadGroup
instanceKlass java/lang/Thread$UncaughtExceptionHandler
instanceKlass java/lang/Thread$Constants
instanceKlass java/lang/Thread$FieldHolder
instanceKlass java/lang/Thread
instanceKlass java/lang/Runnable
instanceKlass java/lang/ref/Reference
instanceKlass java/lang/Record
instanceKlass java/security/AccessController
instanceKlass java/security/AccessControlContext
instanceKlass java/security/ProtectionDomain
instanceKlass java/lang/SecurityManager
instanceKlass java/lang/Throwable
instanceKlass java/lang/System
instanceKlass java/lang/ClassLoader
instanceKlass java/lang/Cloneable
instanceKlass java/lang/Class
instanceKlass java/lang/invoke/TypeDescriptor$OfField
instanceKlass java/lang/invoke/TypeDescriptor
instanceKlass java/lang/reflect/Type
instanceKlass java/lang/reflect/GenericDeclaration
instanceKlass java/lang/reflect/AnnotatedElement
instanceKlass java/lang/String
instanceKlass java/lang/constant/ConstantDesc
instanceKlass java/lang/constant/Constable
instanceKlass java/lang/CharSequence
instanceKlass java/lang/Comparable
instanceKlass java/io/Serializable
ciInstanceKlass java/lang/Object 1 1 124 7 1 10 12 1 1 10 7 12 1 1 1 10 7 12 1 1 1 10 12 1 1 8 1 10 12 1 1 10 7 12 1 1 1 10 12 1 10 12 1 1 10 7 12 1 1 1 10 12 1 10 12 1 7 1 10 7 12 1 1 1 10 12 1 1 10 12 1 100 1 8 1 10 12 1 3 8 1 7 1 5 0 1 1 1 1 1 1 1 1 1 1 1 1 1 1 1 1 7 1 1 1 1 1 1 1 1 1 1 7 1 1 1 1 1 1 1 1 1 1 3 1 1
ciInstanceKlass java/io/Serializable 1 0 7 100 1 100 1 1 1
ciInstanceKlass java/lang/System 1 1 834 10 7 12 1 1 1 9 7 12 1 1 1 10 12 1 10 12 1 1 10 12 1 1 10 12 1 9 12 1 1 10 7 12 1 1 1 11 100 12 1 1 1 10 100 12 1 1 1 10 12 1 1 10 12 1 1 100 1 8 1 10 12 1 10 7 12 1 1 1 10 7 12 1 1 1 18 12 1 1 10 7 12 1 1 1 7 1 10 12 1 1 10 7 12 1 1 1 10 12 1 10 7 12 1 1 1 9 100 12 1 1 1 10 7 12 1 1 1 11 7 12 1 1 1 10 12 1 1 10 7 12 1 1 1 7 1 10 10 12 1 1 8 1 10 12 1 8 1 10 12 1 9 12 1 1 8 1 10 7 12 1 1 1 10 12 1 1 100 1 8 1 10 9 12 1 1 8 1 10 12 1 1 10 100 12 1 1 1 8 1 10 12 1 7 1 10 12 1 8 1 10 12 1 10 12 1 1 100 1 10 12 10 12 1 9 12 1 1 9 12 1 1 10 7 12 1 1 1 10 7 12 1 1 1 10 12 1 1 10 12 1 10 12 1 10 7 12 1 1 1 10 12 1 100 1 100 1 8 1 10 12 1 10 12 1 1 7 1 10 12 1 100 1 8 1 10 10 12 1 100 1 8 1 10 8 1 10 7 12 1 1 8 1 10 12 100 1 8 1 10 10 12 1 1 10 7 12 1 1 1 100 1 18 12 1 100 1 9 100 12 1 1 1 10 12 1 100 1 10 12 1 1 10 12 1 1 10 7 12 1 1 1 10 12 1 1 10 12 1 10 12 1 10 12 1 1 10 12 1 7 1 10 12 1 9 7 12 1 1 1 10 7 12 1 1 1 10 12 1 10 12 1 10 7 12 1 1 1 7 1 8 1 10 9 12 1 9 12 1 10 12 1 10 7 12 1 1 10 12 1 10 12 1 1 8 1 10 12 1 1 8 1 11 12 1 10 12 11 12 1 1 11 7 12 1 1 1 11 7 12 1 1 11 12 1 1 7 1 11 12 1 10 12 1 8 1 10 12 1 1 8 1 8 1 8 1 8 1 11 12 1 10 12 1 10 12 1 10 12 1 8 1 10 12 1 1 8 1 9 12 1 8 1 10 7 12 1 1 8 1 7 1 9 7 12 1 1 1 10 12 1 7 1 9 12 10 9 12 7 1 10 12 9 12 1 1 8 1 10 12 1 1 8 1 10 7 12 1 1 10 12 1 10 12 1 1 11 7 12 1 1 10 12 10 7 12 1 1 1 9 12 1 1 7 1 8 1 10 12 1 1 10 7 12 1 1 1 7 1 10 12 1 1 10 12 1 8 1 8 1 10 8 1 8 1 8 1 8 1 10 10 7 12 1 1 10 12 1 10 12 1 1 10 12 1 1 10 12 1 10 100 12 1 1 1 10 7 1 8 1 10 10 10 12 1 1 10 12 1 1 8 1 10 12 1 8 1 8 1 10 12 1 10 7 12 1 1 1 10 12 1 1 7 1 10 10 12 1 10 12 1 9 12 1 1 3 1 3 1 1 1 1 1 1 1 1 1 1 1 1 100 1 1 100 1 1 1 1 1 1 1 1 1 1 1 100 1 7 1 1 1 1 1 1 1 1 1 1 1 1 1 1 1 1 1 1 1 1 1 1 1 1 1 1 1 1 1 1 1 1 1 1 1 1 1 1 1 1 1 1 1 1 1 1 1 1 1 1 1 1 1 1 1 1 1 1 100 1 1 1 1 1 1 1 1 1 1 1 1 1 1 1 1 1 1 1 1 1 1 1 1 1 1 1 1 1 1 1 1 1 100 1 1 16 15 10 12 1 1 16 15 10 12 16 1 15 10 100 12 1 1 1 1 1 1 1 1 1 100 1 100 1 1
staticfield java/lang/System in Ljava/io/InputStream; java/io/ByteArrayInputStream
staticfield java/lang/System out Ljava/io/PrintStream; java/io/PrintStream
staticfield java/lang/System err Ljava/io/PrintStream; java/io/PrintStream
instanceKlass com/sun/jna/SecurityManagerExposer
instanceKlass org/eclipse/osgi/internal/permadmin/EquinoxSecurityManager
instanceKlass org/eclipse/osgi/internal/loader/BundleLoader$ClassContext
instanceKlass org/eclipse/osgi/internal/framework/ContextFinder$Finder
ciInstanceKlass java/lang/SecurityManager 1 1 576 10 7 12 1 1 1 9 7 12 1 1 1 10 7 12 1 1 1 100 1 8 1 10 12 1 10 12 1 1 10 7 12 1 1 1 10 7 1 10 100 1 10 9 100 12 1 1 1 10 7 12 1 1 1 10 12 1 1 10 7 12 1 1 100 1 8 1 10 9 12 1 1 9 12 1 8 1 9 12 1 7 1 10 8 1 10 12 1 1 10 12 1 10 12 1 1 100 1 10 10 12 1 1 100 1 8 1 10 12 1 8 1 8 1 8 1 8 1 8 1 8 1 10 12 1 8 1 8 1 8 1 8 1 8 1 10 7 12 1 1 1 10 12 1 1 8 1 100 1 8 1 10 8 1 8 1 8 1 8 1 8 1 10 100 12 1 1 8 1 100 1 8 1 8 1 10 8 1 10 12 1 100 1 8 1 10 10 12 1 1 10 12 1 10 12 1 10 12 1 10 7 12 1 1 1 10 12 1 10 7 12 1 1 11 7 12 1 1 1 18 12 1 1 11 7 12 1 1 1 18 12 1 1 11 12 1 1 18 18 11 12 1 18 12 1 11 12 1 1 9 12 1 1 9 12 1 9 12 1 9 12 1 7 1 10 7 12 1 1 10 12 1 10 12 1 18 12 1 18 10 7 12 1 1 1 18 12 1 10 12 1 18 18 8 1 10 12 1 9 12 1 1 11 7 12 1 1 1 8 1 100 1 10 12 1 10 12 1 1 10 12 1 1 9 12 1 1 10 12 1 10 12 1 1 8 1 100 1 10 9 12 1 8 1 10 12 1 8 1 100 1 10 10 7 12 1 1 10 7 1 9 7 12 1 1 1 11 12 1 1 10 12 1 11 12 1 10 12 1 7 1 10 10 12 1 1 10 12 1 1 1 1 1 1 1 1 1 1 1 7 1 1 1 1 1 1 1 1 1 1 1 1 1 1 1 1 1 1 1 1 1 1 1 1 1 1 1 1 1 1 1 1 1 1 1 1 1 1 1 1 1 1 1 1 1 1 1 1 1 1 1 1 1 1 1 1 3 1 1 1 1 1 1 1 1 1 1 100 1 1 1 1 1 1 1 1 1 1 1 1 1 1 1 1 1 1 1 1 1 1 1 1 1 1 1 1 1 1 1 1 1 1 1 1 1 1 16 15 10 7 12 1 1 1 16 1 16 15 10 12 16 1 15 10 12 16 15 11 7 1 16 1 16 1 15 10 12 16 15 10 12 16 15 10 12 1 16 1 15 11 12 1 15 10 12 16 15 10 16 1 15 10 7 12 1 1 1 1 1 1 100 1 100 1 1
staticfield java/lang/SecurityManager packageAccessLock Ljava/lang/Object; java/lang/Object
staticfield java/lang/SecurityManager packageDefinitionLock Ljava/lang/Object; java/lang/Object
staticfield java/lang/SecurityManager nonExportedPkgs Ljava/util/Map; java/util/concurrent/ConcurrentHashMap
ciInstanceKlass java/security/AccessController 1 1 295 10 7 12 1 1 1 10 7 12 1 1 1 10 7 12 1 1 1 10 12 1 1 10 12 1 1 10 7 12 1 1 1 10 12 1 1 10 12 1 10 12 1 1 10 12 1 100 1 8 1 10 12 1 10 12 1 10 12 1 1 10 12 1 7 1 7 1 10 12 1 1 10 12 1 10 12 1 10 12 1 1 10 7 12 1 1 1 10 12 1 1 9 100 12 1 1 1 10 7 12 1 1 1 10 12 1 10 12 1 9 100 12 1 1 1 10 12 1 10 12 1 1 9 12 1 1 10 100 1 10 11 7 12 1 1 1 10 7 12 1 1 11 7 1 7 1 10 12 1 10 12 1 10 12 1 8 1 10 12 1 1 8 1 10 100 12 1 1 1 8 1 7 1 10 10 12 1 1 10 12 1 10 7 12 1 1 1 10 12 1 8 1 10 7 12 1 1 8 1 8 1 10 12 1 8 1 10 12 1 10 12 1 1 10 12 1 1 1 1 1 1 1 1 1 1 1 1 1 1 1 1 1 1 1 1 1 1 1 1 1 1 1 1 100 1 1 1 1 1 1 1 1 1 1 1 1 1 1 1 1 1 1 1 1 1 1 1 1 1 1 1 1 1 1 1 1 1 1 100 1 7 1 1 1 1 1 1 1 1 1 3 1 1 1
staticfield java/security/AccessController $assertionsDisabled Z 1
instanceKlass org/eclipse/osgi/internal/loader/ModuleClassLoader$GenerationProtectionDomain
ciInstanceKlass java/security/ProtectionDomain 1 1 348 10 7 12 1 1 1 9 7 12 1 1 1 7 1 10 9 12 1 1 9 12 1 1 9 12 1 1 10 7 12 1 1 7 1 9 12 1 9 12 1 1 7 1 9 12 1 1 9 12 1 10 100 12 1 1 10 100 12 1 1 1 10 12 1 1 10 12 1 9 12 1 9 100 12 1 1 10 12 1 1 10 100 1 10 12 1 1 8 1 7 1 8 1 10 12 1 10 11 10 7 12 1 1 1 10 12 1 1 8 1 11 8 1 10 12 1 8 1 8 1 10 12 1 1 10 12 1 10 12 1 1 10 12 1 8 1 10 12 1 8 1 8 1 10 7 12 1 1 1 9 100 12 1 1 1 10 12 1 1 9 100 12 1 1 1 10 7 12 1 1 1 100 1 18 12 1 1 10 7 12 1 1 1 10 7 1 10 12 1 10 12 1 1 11 100 12 1 1 11 12 1 100 1 11 7 12 1 1 1 10 12 1 10 11 12 1 1 11 12 1 1 10 12 1 10 7 12 1 1 10 100 12 1 1 11 12 1 10 12 10 12 1 8 1 8 1 10 7 12 1 1 1 7 1 10 10 7 12 1 1 1 1 1 1 1 1 1 1 7 1 1 7 1 1 1 1 1 1 1 1 1 1 1 1 1 1 1 1 1 1 1 1 1 1 1 1 1 1 1 1 1 1 1 1 1 1 1 1 1 1 1 1 1 1 1 1 7 1 1 1 1 1 1 100 1 1 16 15 10 12 16 15 10 100 12 1 1 1 1 1 1 1 100 1 100 1 1
staticfield java/security/ProtectionDomain filePermCompatInPD Z 0
ciInstanceKlass java/security/CodeSource 1 1 398 10 7 12 1 1 1 9 7 12 1 1 1 9 12 1 1 9 12 1 1 9 12 1 1 10 7 12 1 1 1 9 12 1 1 10 7 12 1 1 10 7 10 7 12 1 1 1 10 100 12 1 1 1 10 12 1 1 7 1 10 10 7 12 1 1 1 10 7 12 1 1 1 10 12 1 1 7 1 10 12 1 1 10 12 1 1 10 12 1 1 10 12 1 10 10 10 12 1 1 10 7 12 1 1 1 10 12 1 10 12 1 10 12 1 8 1 10 12 1 10 12 1 10 12 1 1 10 12 1 8 1 10 12 1 1 10 7 1 10 10 12 1 1 8 1 10 12 1 10 12 1 10 12 1 8 1 8 1 9 12 1 1 100 1 8 1 10 12 1 10 12 1 1 8 1 10 12 1 8 1 8 1 8 1 10 100 12 1 1 10 12 1 1 10 12 1 10 12 1 1 10 12 1 1 10 12 1 1 100 1 100 1 10 12 1 10 12 10 12 1 1 10 100 12 1 1 10 12 1 7 1 10 12 10 100 12 1 1 1 10 8 1 10 12 1 10 12 1 10 12 1 1 100 1 10 12 1 1 100 1 7 1 8 1 8 1 10 10 12 1 1 10 100 12 1 1 1 7 1 10 12 10 12 1 1 11 7 12 1 1 10 10 12 1 11 10 12 1 8 1 100 1 10 12 1 10 12 1 1 10 12 1 11 12 1 1 7 1 1 1 1 5 0 1 1 1 1 1 1 1 1 1 1 1 1 1 1 1 1 1 1 1 1 1 1 1 1 1 1 1 1 1 1 1 1 1 1 1 1 1 1 1 1 1 1 1 1 1 1 1 1 1 1 1 1 1 1 1 1 1 1 1 1 1 1 1 1 1 1 100 1 1 1 1 1 1 1
ciInstanceKlass java/lang/Boolean 1 1 152 10 7 12 1 1 1 9 7 12 1 1 1 10 12 1 1 10 12 1 8 1 10 7 12 1 1 9 12 1 1 9 12 1 10 12 1 1 10 12 1 1 10 12 1 1 10 7 12 1 1 1 100 1 100 1 10 12 1 1 9 100 12 1 1 9 12 10 100 12 1 1 1 10 12 1 1 8 1 10 7 12 1 1 1 9 12 1 1 7 1 7 1 7 1 1 1 1 1 1 5 0 1 1 1 1 1 1 1 1 1 1 3 1 1 1 1 1 1 1 1 1 1 1 1 1 1 1 1 1 1 7 1 1 1 1 1 1 1 1 1 1 100 1 1 1 1 1 1 1 1 1
staticfield java/lang/Boolean TRUE Ljava/lang/Boolean; java/lang/Boolean
staticfield java/lang/Boolean FALSE Ljava/lang/Boolean; java/lang/Boolean
staticfield java/lang/Boolean TYPE Ljava/lang/Class; java/lang/Class
ciInstanceKlass java/lang/Comparable 1 0 12 100 1 100 1 1 1 1 1 1 1 1
ciInstanceKlass java/lang/constant/Constable 1 0 11 100 1 100 1 1 1 1 1 1 1
ciInstanceKlass java/util/Map 1 1 263 11 7 12 1 1 1 11 12 1 1 10 7 12 1 1 11 12 1 1 11 7 12 1 1 1 11 7 12 1 1 1 11 12 1 1 7 1 11 12 1 11 12 1 100 1 100 1 10 12 1 1 11 7 12 1 1 1 11 100 12 1 1 1 11 12 1 11 12 1 10 12 1 1 11 12 1 11 7 12 1 9 7 12 1 1 1 7 1 10 12 7 1 7 1 10 12 1 7 1 10 7 1 11 12 1 11 12 1 1 11 12 1 1 7 1 11 12 1 1 1 1 1 1 1 1 1 1 1 1 1 1 1 1 1 1 1 1 1 1 1 1 1 1 1 1 1 1 1 1 1 1 1 1 1 1 1 1 1 1 1 1 1 1 1 1 1 1 1 1 1 1 1 1 1 1 1 1 1 1 1 1 1 1 1 1 1 1 1 1 1 1 1 1 1 1 1 1 1 1 1 1 1 1 1 1 1 1 1 1 1 1 1 1 1 1 1 1 1 1 1 1 1 1 1 1 1 1 1 1 1 1 1 1 1 1 1 1 1 1 1 1 1 1 100 1 1 1 1 1 1 1 1 1 1 1 1 1 1 1 1 1 1
ciInstanceKlass java/lang/Class 1 1 1687 10 7 12 1 1 1 9 7 12 1 1 1 9 12 1 1 10 12 1 1 8 1 10 12 1 8 1 8 1 10 12 1 1 10 7 12 1 1 1 10 12 1 7 1 10 10 12 1 10 12 1 1 10 12 1 1 10 12 1 1 10 7 12 1 1 10 12 1 10 12 1 10 12 1 8 1 10 12 1 8 1 10 12 1 8 1 8 1 10 12 1 1 10 7 12 1 1 1 18 12 1 1 11 7 12 1 1 1 8 1 8 1 8 1 10 7 12 1 1 1 11 12 1 1 8 1 10 12 1 10 11 100 12 1 1 1 11 7 12 1 1 1 11 8 1 18 8 1 10 12 1 10 7 12 1 1 10 12 1 1 10 7 12 1 1 1 10 12 1 1 10 12 1 1 10 7 12 1 1 1 10 12 9 100 12 1 1 1 10 7 12 1 1 1 10 12 1 10 7 12 1 1 1 10 12 1 1 18 12 1 1 10 7 12 1 1 1 10 7 12 1 10 12 1 1 10 7 1 7 1 10 12 1 1 9 12 1 1 7 1 8 1 10 12 1 10 12 1 1 10 12 1 1 10 7 12 1 1 1 7 1 10 12 1 7 1 7 1 10 10 12 1 1 10 12 1 1 100 1 10 7 12 1 1 1 10 12 1 1 10 12 1 1 9 12 1 1 10 12 1 10 12 1 1 9 12 1 1 9 12 1 1 10 12 1 1 10 7 1 10 12 1 10 12 1 10 12 1 1 10 9 12 1 10 12 1 8 1 10 12 1 1 10 12 1 1 10 12 1 10 12 1 1 10 12 1 1 10 12 1 1 9 7 12 1 1 1 10 7 12 1 1 10 12 10 12 1 10 12 1 10 12 1 10 12 1 9 100 12 1 1 1 9 12 1 10 12 1 10 100 12 1 1 1 10 12 1 1 10 100 12 1 1 10 12 1 10 12 1 1 10 100 12 1 1 1 10 12 1 10 12 1 1 10 12 1 10 12 1 10 12 1 1 10 7 1 10 10 10 12 1 1 10 12 1 1 10 12 10 10 12 1 1 7 1 8 1 10 10 12 1 1 10 12 1 100 1 11 12 1 10 100 12 1 1 10 12 1 10 12 1 10 100 12 1 1 10 10 12 1 1 8 1 10 12 1 10 12 1 1 8 1 10 12 1 9 12 1 10 12 1 10 12 1 10 12 1 10 12 7 1 9 12 1 10 12 1 9 12 1 10 12 1 10 12 1 10 12 1 10 10 12 1 10 12 1 10 7 12 1 1 10 12 1 10 12 1 10 12 1 1 10 12 1 10 12 1 10 12 1 100 1 10 12 1 10 12 1 1 10 12 1 1 10 12 1 1 10 12 1 1 10 12 1 1 10 12 1 1 7 1 10 10 12 1 1 10 12 1 1 10 12 1 1 10 10 12 1 10 12 1 1 10 12 1 1 10 12 1 1 10 12 1 1 7 1 10 10 12 11 7 12 1 1 10 12 1 10 12 1 10 7 12 1 1 1 10 12 1 1 10 10 12 1 1 7 1 10 10 12 1 1 10 7 12 1 1 1 100 1 7 1 10 12 1 1 10 12 1 10 10 12 1 1 10 12 1 10 12 1 10 12 1 10 100 12 1 1 1 11 7 12 1 1 10 12 1 10 12 1 9 12 1 10 12 1 1 10 12 1 9 100 12 1 1 1 9 12 1 10 100 12 1 1 1 10 12 1 10 12 1 10 100 12 1 1 1 10 12 1 10 12 10 12 1 1 100 1 10 8 1 10 12 1 11 11 12 1 1 11 7 12 1 1 11 12 1 8 1 10 12 1 10 12 1 1 9 12 1 9 12 1 1 10 7 12 1 1 9 12 1 10 12 1 1 10 10 12 1 10 7 12 1 1 1 10 7 12 1 1 10 7 12 1 1 9 12 1 1 10 12 1 9 12 1 10 12 1 10 12 1 1 9 12 1 1 9 12 1 10 12 1 10 12 1 1 9 12 1 7 1 10 10 12 1 1 7 1 10 12 1 1 7 11 7 1 9 12 1 1 9 12 1 7 1 10 12 1 9 12 1 1 9 12 1 10 12 1 10 12 1 1 9 12 1 7 1 10 10 12 1 1 10 10 12 1 10 12 10 10 12 1 9 12 1 10 12 1 1 10 7 12 1 1 1 10 12 1 1 10 12 1 8 10 7 8 1 18 8 1 8 1 10 12 1 9 12 1 9 12 1 1 10 12 1 7 1 7 1 10 12 1 9 12 1 1 7 1 10 10 12 1 10 7 1 9 12 1 8 1 10 12 1 7 1 10 12 1 10 12 1 1 100 1 7 1 9 12 1 100 1 8 1 10 10 7 12 1 1 1 10 12 11 7 12 1 1 1 10 12 1 10 12 1 1 10 8 1 8 1 10 12 1 1 9 7 12 1 1 11 12 7 1 11 7 12 1 1 9 12 1 10 100 12 1 1 1 10 7 12 1 1 10 12 1 1 9 12 1 9 10 12 1 1 10 12 1 1 10 12 1 1 10 12 1 1 10 12 1 1 11 12 1 100 1 11 12 1 10 100 12 1 1 1 10 12 1 11 12 1 10 100 12 1 1 1 10 12 1 10 100 12 1 1 1 11 12 1 11 12 1 1 10 12 1 10 12 1 1 9 12 1 1 9 100 12 1 1 10 12 1 10 100 12 1 1 1 10 12 1 1 10 12 1 10 12 1 10 12 1 10 7 12 1 1 1 10 12 1 8 1 10 12 1 10 12 1 10 12 1 100 1 10 12 10 100 12 1 1 1 11 100 12 1 1 1 10 12 1 1 10 12 1 18 12 1 1 11 12 1 1 18 11 12 1 18 12 1 11 12 1 10 12 1 1 10 12 1 10 12 1 10 12 1 10 12 1 10 12 10 12 1 8 1 10 12 1 7 1 9 12 1 1 7 1 7 1 7 1 7 1 1 1 3 1 3 1 3 1 1 1 1 1 1 1 5 0 1 1 1 1 1 1 1 1 1 1 1 1 1 1 1 1 1 1 1 1 1 1 1 1 100 1 1 1 1 1 1 1 100 1 1 1 1 1 7 1 1 1 1 1 1 1 1 1 1 1 1 1 1 1 1 1 1 1 1 1 1 1 1 1 1 1 1 1 1 1 1 1 1 1 1 1 1 1 1 1 1 100 1 1 1 1 1 1 1 1 1 1 1 1 1 1 1 1 1 1 1 1 1 1 1 1 1 1 1 1 1 1 1 100 1 1 1 1 1 1 1 1 1 1 1 1 1 1 1 1 1 1 1 1 3 1 1 1 1 1 1 1 1 1 1 1 1 1 1 1 1 1 1 1 1 1 1 1 1 1 1 1 1 1 1 1 1 1 1 1 7 1 7 1 1 1 1 1 1 1 7 1 1 1 1 1 1 1 1 1 1 1 1 1 1 1 1 1 1 1 1 1 1 1 1 1 1 1 1 1 1 1 1 1 1 1 1 1 1 1 1 1 1 1 1 1 1 1 1 1 1 1 1 1 1 1 1 1 1 1 1 1 1 1 1 1 1 1 1 1 1 1 1 1 1 1 1 1 1 1 1 1 1 1 1 1 1 1 1 1 1 1 1 1 1 1 1 1 1 1 1 1 1 1 1 1 1 1 1 1 1 1 1 1 1 1 1 1 1 1 1 1 1 1 1 16 15 10 12 16 15 11 12 16 1 16 15 16 15 10 12 16 16 15 10 12 16 15 16 1 15 10 12 16 15 10 7 12 1 1 1 1 1 1 1 1 1 1 1 1 1 7 1 1 100 1 100 1 1 100 1 100 1 1 100 1 100 1 1
staticfield java/lang/Class EMPTY_CLASS_ARRAY [Ljava/lang/Class; 0 [Ljava/lang/Class;
staticfield java/lang/Class serialPersistentFields [Ljava/io/ObjectStreamField; 0 [Ljava/io/ObjectStreamField;
ciInstanceKlass java/lang/reflect/AnnotatedElement 1 1 164 11 7 12 1 1 1 11 12 1 1 7 1 10 100 12 1 1 1 10 12 1 1 10 12 1 1 10 12 1 10 100 12 1 1 1 11 12 1 1 11 7 12 1 1 10 7 12 1 1 1 10 12 1 10 100 12 1 1 1 18 12 1 1 11 100 12 1 1 18 12 1 18 12 1 1 10 100 12 1 1 1 11 100 12 1 1 1 7 1 10 100 12 1 1 1 1 1 1 1 1 1 1 1 1 1 1 1 1 1 1 1 1 1 1 1 1 1 100 1 1 1 1 1 1 1 1 1 1 1 16 15 16 1 16 1 15 11 12 16 16 1 15 10 100 12 1 1 1 16 1 15 10 100 12 1 1 1 1 100 1 100 1 1
ciInstanceKlass java/lang/invoke/TypeDescriptor 1 0 17 100 1 100 1 1 1 1 1 1 100 1 100 1 1 1 1
ciInstanceKlass java/lang/reflect/GenericDeclaration 1 0 30 7 1 7 1 7 1 1 1 1 1 1 1 1 100 1 8 1 1 12 10 1 1 1 8 1 1 1 8 1
ciInstanceKlass java/lang/reflect/Type 1 1 17 11 100 12 1 1 1 100 1 1 1 1 1 1 1 1 1
ciInstanceKlass java/lang/invoke/TypeDescriptor$OfField 1 0 21 100 1 100 1 100 1 1 1 1 1 1 1 1 1 1 1 1 1 1 1
ciInstanceKlass java/lang/StringBuilder 1 1 422 10 7 12 1 1 1 10 12 1 10 12 1 10 12 1 1 10 7 12 1 1 1 10 7 12 1 1 1 10 12 1 10 12 1 10 12 1 10 12 1 10 12 1 10 12 1 10 12 1 10 12 1 10 12 1 10 12 1 10 12 1 10 12 1 10 12 1 10 12 1 1 10 12 1 10 12 1 1 10 12 1 1 10 12 1 10 12 1 10 12 1 10 12 1 10 12 1 10 12 1 10 12 1 10 12 10 12 1 10 12 1 10 12 1 10 12 1 1 10 12 1 10 12 1 10 12 10 12 1 1 10 12 1 10 12 1 10 12 1 10 100 12 1 1 1 9 12 1 1 10 12 1 10 12 1 1 10 12 1 1 9 12 1 1 10 100 12 1 1 1 10 100 1 10 12 1 1 10 100 12 1 1 10 12 1 10 12 1 1 100 1 100 1 8 1 10 10 12 1 1 10 12 1 10 12 1 10 12 1 1 10 12 1 10 12 1 10 12 1 10 12 1 10 12 1 10 12 10 12 1 10 12 1 10 12 1 10 12 1 10 12 1 10 12 1 10 12 1 10 12 1 10 12 1 1 10 12 1 1 10 12 1 10 12 1 10 12 1 10 12 10 12 10 12 1 10 12 1 10 12 1 10 12 10 12 1 10 12 1 10 12 1 10 12 1 10 12 1 10 12 1 10 12 1 10 12 1 10 12 1 1 10 12 1 10 12 1 1 10 12 1 10 12 1 1 10 12 1 10 12 1 1 10 12 1 10 12 1 10 12 1 10 10 12 1 10 12 1 7 1 7 1 7 1 7 1 1 1 1 5 0 1 1 1 1 1 1 1 1 1 1 1 1 1 1 1 1 1 1 1 1 1 1 1 1 1 1 1 1 1 1 1 1 1 1 1 1 1 1 1 1 1 1 1 1 100 1 1 1 7 1 1 1 1 1 1 1 1 1 1 1
instanceKlass java/lang/StringBuilder
instanceKlass java/lang/StringBuffer
ciInstanceKlass java/lang/AbstractStringBuilder 1 1 609 7 1 10 7 12 1 1 1 9 7 12 1 1 1 9 12 1 9 12 1 1 9 12 1 1 10 7 12 1 1 1 10 12 1 1 7 1 3 3 10 12 1 10 12 1 1 11 7 1 100 1 7 1 10 8 1 10 12 1 10 12 1 10 12 1 1 10 12 1 10 12 1 9 12 1 10 12 1 9 12 1 1 10 12 1 1 10 7 12 1 1 1 10 10 12 1 10 12 1 10 12 1 1 10 12 1 1 10 7 12 1 1 1 10 7 12 1 1 1 7 1 8 1 10 10 12 1 1 100 1 10 12 10 12 1 1 10 10 7 12 1 1 1 10 12 1 1 10 12 1 1 10 12 1 1 10 12 1 1 10 10 7 12 1 1 1 10 12 1 100 1 10 10 7 12 1 1 1 9 12 1 1 9 12 1 10 12 1 1 10 10 12 1 1 10 12 10 12 1 10 12 1 1 10 12 1 1 10 12 1 1 10 12 1 10 12 1 1 10 12 1 1 10 12 1 10 12 1 1 8 1 10 12 1 1 10 12 1 10 12 1 10 12 1 10 12 1 10 12 1 10 12 1 10 7 12 1 1 10 12 1 10 12 1 10 100 12 1 1 1 100 1 100 1 10 12 1 10 100 12 1 1 10 12 1 10 12 1 1 10 12 1 10 12 1 1 10 12 1 10 12 1 1 10 12 1 1 10 10 7 12 1 1 1 10 12 1 10 12 1 10 12 1 1 10 12 1 10 12 1 10 12 1 10 12 1 10 12 1 10 12 1 10 12 1 10 12 1 1 10 12 1 10 12 1 10 12 10 12 1 1 18 12 1 1 100 1 10 100 12 1 1 1 18 10 12 1 1 10 12 1 1 10 12 1 10 12 1 1 11 12 1 1 10 12 1 10 12 10 10 10 12 1 10 5 0 10 10 12 1 1 100 1 8 1 10 10 12 1 1 10 100 12 1 1 1 10 12 1 10 12 1 1 100 1 10 12 100 1 10 100 1 10 7 1 1 1 1 1 1 1 1 1 1 1 100 1 1 1 1 1 1 1 1 1 1 1 1 1 1 1 1 1 1 1 1 1 1 1 1 1 1 1 1 1 1 1 1 1 1 1 1 1 1 1 1 1 1 1 1 1 1 1 1 1 1 1 1 1 1 1 1 1 1 1 1 1 1 1 1 1 1 1 1 1 1 1 1 1 1 1 1 1 1 1 1 1 1 1 1 1 1 1 1 1 1 1 1 1 1 1 1 1 1 1 100 1 1 1 1 1 1 1 1 1 1 1 1 1 1 1 1 1 100 1 1 1 1 1 1 7 1 1 16 1 15 10 12 16 15 10 12 15 10 100 12 1 1 1 1 1 1 1 100 1 100 1 1
staticfield java/lang/AbstractStringBuilder EMPTYVALUE [B 0
ciInstanceKlass java/lang/Appendable 1 0 14 100 1 100 1 1 1 1 100 1 1 1 1 1
ciInstanceKlass java/lang/CharSequence 1 1 131 11 7 12 1 1 1 18 12 1 1 100 1 10 100 12 1 1 1 18 10 100 12 1 1 1 11 12 1 1 11 7 1 11 12 1 1 10 100 12 1 1 1 11 12 1 1 100 1 10 12 1 1 10 100 12 1 1 1 100 1 10 10 12 1 1 7 1 1 1 1 1 1 1 1 1 1 1 1 1 1 1 1 1 1 1 1 1 1 1 1 1 1 1 1 1 1 1 1 1 16 1 15 11 12 16 15 11 12 15 10 100 12 1 1 1 1 1 100 1 100 1 1 100 1 1 100 1 100 1 1
ciInstanceKlass java/lang/AutoCloseable 1 0 12 100 1 100 1 1 1 1 100 1 1 1
ciInstanceKlass java/io/Closeable 1 0 14 100 1 100 1 100 1 1 1 1 100 1 1 1
instanceKlass org/eclipse/jdt/core/util/ClassFormatException
instanceKlass org/eclipse/jdt/internal/compiler/lookup/InferenceFailureException
instanceKlass lombok/eclipse/agent/PatchDelegate$CantMakeDelegates
instanceKlass java/text/ParseException
instanceKlass org/eclipse/equinox/security/storage/StorageException
instanceKlass javax/xml/transform/TransformerException
instanceKlass org/eclipse/jface/text/templates/TemplateException
instanceKlass sun/nio/fs/WindowsException
instanceKlass lombok/eclipse/agent/PatchDelegate$CantMakeDelegates
instanceKlass org/eclipse/jface/text/BadLocationException
instanceKlass org/eclipse/jdt/core/compiler/InvalidInputException
instanceKlass org/eclipse/jdt/internal/compiler/classfmt/ClassFormatException
instanceKlass java/util/concurrent/ExecutionException
instanceKlass java/util/concurrent/TimeoutException
instanceKlass org/osgi/service/application/ApplicationException
instanceKlass java/lang/CloneNotSupportedException
instanceKlass org/eclipse/core/runtime/CoreException
instanceKlass org/osgi/service/prefs/BackingStoreException
instanceKlass org/apache/felix/scr/impl/inject/methods/SuitableMethodNotAccessibleException
instanceKlass org/xml/sax/SAXException
instanceKlass javax/xml/parsers/ParserConfigurationException
instanceKlass org/osgi/service/resolver/ResolutionException
instanceKlass java/security/GeneralSecurityException
instanceKlass org/eclipse/osgi/container/ModuleContainer$ResolutionLockException
instanceKlass java/security/PrivilegedActionException
instanceKlass org/osgi/framework/InvalidSyntaxException
instanceKlass java/lang/InterruptedException
instanceKlass org/osgi/framework/BundleException
instanceKlass java/net/URISyntaxException
instanceKlass java/lang/instrument/UnmodifiableClassException
instanceKlass java/io/IOException
instanceKlass java/lang/ReflectiveOperationException
instanceKlass java/lang/RuntimeException
ciInstanceKlass java/lang/Exception 1 1 40 10 7 12 1 1 1 10 12 1 10 12 1 10 12 1 10 12 1 100 1 1 1 1 5 0 1 1 1 1 1 1 1 1 1 1 1 1 1 1
instanceKlass lombok/eclipse/agent/PatchDelegate$DelegateRecursion
instanceKlass lombok/eclipse/agent/PatchDelegate$DelegateRecursion
instanceKlass java/lang/Exception
instanceKlass java/lang/Error
ciInstanceKlass java/lang/Throwable 1 1 404 10 7 12 1 1 1 9 7 12 1 1 1 9 12 1 1 9 12 1 9 12 1 1 9 12 1 10 12 1 1 9 12 1 1 10 12 1 1 10 12 1 100 1 7 1 10 8 1 10 12 1 1 8 1 10 100 12 1 1 10 10 12 1 100 1 8 1 10 10 12 1 1 10 7 12 1 1 10 12 1 8 1 9 7 12 1 1 1 10 12 1 1 100 1 10 12 10 12 1 10 100 12 1 1 1 100 1 10 12 10 12 1 10 12 1 100 1 10 10 7 12 1 1 1 11 100 12 1 1 1 10 12 1 1 10 12 1 1 8 1 10 12 1 10 12 1 1 8 1 8 1 10 12 1 1 10 12 1 8 1 8 1 9 12 1 1 10 12 1 1 100 1 10 11 12 1 8 1 8 1 10 7 12 1 1 8 1 10 12 1 8 1 100 1 10 12 1 9 12 1 1 10 12 1 10 7 12 1 9 12 1 1 10 12 1 1 100 1 8 1 10 12 1 10 100 12 1 1 10 12 1 1 7 1 10 100 12 1 1 1 10 12 1 11 7 12 1 1 1 11 7 12 1 1 11 12 1 8 1 10 12 1 1 8 1 10 10 9 100 12 1 1 1 8 1 10 12 1 1 11 10 100 1 8 1 10 11 12 1 1 8 1 9 12 1 10 100 12 1 1 11 9 12 1 1 11 12 1 1 100 10 12 1 10 12 1 1 7 1 1 1 1 5 0 1 1 1 1 1 1 1 1 1 1 1 1 1 7 1 1 1 1 1 1 1 1 1 1 1 1 1 1 1 1 1 1 1 1 1 1 1 1 1 1 1 1 1 1 1 1 1 1 1 1 1 1 1 1 1 1 1 1 100 1 7 1 1 1 1 1 1 1 1 1 1 1 1 1 1 1 1 1 1
staticfield java/lang/Throwable UNASSIGNED_STACK [Ljava/lang/StackTraceElement; 0 [Ljava/lang/StackTraceElement;
staticfield java/lang/Throwable SUPPRESSED_SENTINEL Ljava/util/List; java/util/Collections$EmptyList
staticfield java/lang/Throwable EMPTY_THROWABLE_ARRAY [Ljava/lang/Throwable; 0 [Ljava/lang/Throwable;
staticfield java/lang/Throwable $assertionsDisabled Z 1
instanceKlass org/eclipse/jdt/internal/compiler/util/Messages$MessagesProperties
instanceKlass org/eclipse/core/internal/resources/SaveManager$MasterTable
instanceKlass org/eclipse/osgi/util/NLS$MessagesProperties
instanceKlass org/eclipse/core/internal/preferences/SortedProperties
instanceKlass java/security/Provider
ciInstanceKlass java/util/Properties 1 1 690 10 7 12 1 1 1 100 1 10 7 12 1 1 7 1 10 12 1 9 12 1 1 9 12 1 1 9 12 1 1 10 7 12 1 1 1 10 12 1 1 8 1 10 7 12 1 1 1 7 1 10 12 1 10 12 1 1 8 1 10 12 1 7 1 10 12 10 12 1 1 9 12 1 1 10 12 1 1 7 1 10 12 1 10 12 1 10 12 1 1 100 1 8 1 10 12 1 10 12 1 10 12 1 1 10 12 1 7 1 3 10 10 7 12 1 1 1 10 12 1 10 12 1 1 8 1 10 12 1 10 12 1 1 8 1 10 7 12 1 1 10 12 1 1 10 12 1 10 12 1 1 100 1 10 12 1 10 12 1 1 7 1 9 7 12 1 1 1 10 12 1 10 12 1 1 10 12 1 1 10 12 1 1 7 1 9 12 1 1 7 1 7 1 10 12 1 7 1 11 7 12 1 1 1 11 12 1 1 11 7 12 1 1 1 11 7 12 1 1 1 11 12 1 1 11 12 1 11 12 1 10 12 1 1 8 1 10 12 1 10 7 12 1 1 10 12 1 7 1 10 10 12 1 10 12 1 100 1 10 10 12 1 1 10 7 12 1 1 9 100 12 1 1 10 12 1 1 10 100 12 1 1 1 100 1 100 1 100 1 10 8 1 8 1 10 12 1 10 12 1 10 12 1 1 10 10 12 1 1 10 12 1 1 7 1 10 10 12 1 11 7 12 1 1 10 7 12 1 1 1 8 1 10 100 12 1 1 11 11 7 1 8 1 10 100 1 11 10 12 1 10 10 12 1 10 12 1 1 10 12 1 1 10 12 1 1 10 12 1 10 12 1 10 10 12 1 10 12 1 10 12 1 10 10 12 1 1 10 12 1 1 10 10 12 1 10 12 1 10 12 1 10 12 1 10 12 1 1 10 12 1 1 10 12 1 10 12 1 10 12 1 1 10 12 10 12 1 1 10 12 1 1 10 12 1 10 12 1 1 10 12 1 1 10 12 10 11 12 1 4 11 10 12 1 1 10 100 12 1 1 11 12 1 10 12 1 1 10 100 12 1 1 10 12 1 100 1 8 1 10 12 1 10 10 100 12 1 1 1 100 1 6 0 10 12 1 1 11 100 12 1 1 1 10 12 1 10 12 1 1 1 1 1 5 0 1 1 1 1 1 1 1 1 1 1 1 1 1 1 1 1 1 1 1 1 1 1 1 1 1 1 1 1 1 1 1 1 1 1 1 1 1 1 1 100 1 1 1 1 1 1 1 1 1 1 1 1 1 1 1 1 1 1 1 1 100 1 1 1 1 1 1 1 1 1 1 1 1 7 1 7 1 1 1 1 1 100 1 1 1 1 1 1 1 1 1 1 1 1 1 1 1 1 1 1 1 1 1 1 1 1 1 1 1 1 1 1 1 1 1 1 1 1 1 1 1 1 1 1 1 1 1 1 1 1 1 1 1 1 1 1 1 1 1 1 1 1 1 1 1 1 1 1 1 1 1 1 1 1 1 1 1 1 1 7 1 1 1 1 1 1 1 1 1 1 1 100 1 1
staticfield java/util/Properties UNSAFE Ljdk/internal/misc/Unsafe; jdk/internal/misc/Unsafe
instanceKlass org/apache/felix/scr/impl/helper/ReadOnlyDictionary
instanceKlass org/osgi/framework/FrameworkUtil$MapAsDictionary
instanceKlass org/eclipse/osgi/framework/util/CaseInsensitiveDictionaryMap$UnmodifiableDictionary
instanceKlass org/eclipse/osgi/framework/util/CaseInsensitiveDictionaryMap
instanceKlass org/eclipse/osgi/internal/framework/EquinoxBundle$SystemBundle$SystemBundleHeaders
instanceKlass org/eclipse/osgi/storage/BundleInfo$CachedManifest
instanceKlass java/util/Hashtable
ciInstanceKlass java/util/Dictionary 1 1 36 10 7 12 1 1 1 100 1 1 1 1 1 1 1 1 1 1 1 1 1 1 1 1 1 1 1 1 1 1 1 1 1 1 1 1
instanceKlass java/util/Properties
ciInstanceKlass java/util/Hashtable 1 1 516 7 1 10 7 12 1 1 1 9 7 12 1 1 1 100 1 7 1 10 8 1 10 12 1 1 10 12 1 10 12 1 1 10 12 1 10 7 12 1 1 1 8 1 10 12 1 9 12 1 1 7 1 9 12 1 1 4 10 7 12 1 1 1 9 12 1 4 10 12 1 11 7 12 1 1 1 10 12 1 1 10 12 1 1 9 12 1 10 12 1 1 100 1 10 9 12 1 1 10 7 12 1 1 1 9 12 1 1 10 12 1 10 12 1 3 9 12 1 9 12 1 3 10 12 1 10 12 1 10 12 1 1 11 12 1 1 11 7 12 1 1 1 11 7 12 1 1 1 11 12 1 7 1 11 12 1 11 12 1 10 12 1 1 10 12 1 1 10 12 1 9 12 1 1 9 12 9 12 1 1 10 100 1 7 1 10 12 1 10 8 1 10 10 12 1 8 1 10 8 1 10 7 12 1 1 1 7 1 10 12 1 10 12 1 100 1 10 12 1 10 12 1 1 7 1 10 7 1 10 10 12 1 1 11 12 1 1 11 12 1 7 1 10 10 10 100 12 1 1 11 100 12 1 1 1 100 1 10 11 100 12 1 1 11 100 12 1 10 12 1 10 12 1 1 10 100 12 1 1 10 12 1 1 10 12 1 1 10 12 1 1 10 100 12 1 1 1 8 10 100 12 1 1 100 1 8 1 10 4 4 10 12 1 1 10 12 1 8 1 4 10 12 10 100 12 1 1 1 100 1 11 100 12 1 1 1 10 100 12 1 1 1 10 12 1 10 12 1 1 10 7 1 7 1 1 1 1 1 1 5 0 1 1 1 1 1 3 1 3 1 3 1 1 1 1 1 1 1 1 1 1 1 1 1 1 1 1 1 1 1 1 1 1 1 1 1 100 1 1 1 1 1 1 1 1 1 1 1 1 1 1 1 1 1 1 1 1 1 1 1 1 1 1 1 1 1 7 1 1 1 1 1 1 1 1 1 1 1 1 1 1 7 1 1 1 1 1 1 1 1 1 1 1 1 1 1 1 1 1 1 1 1 1 1 1 1 1 1 1 1 1 1 1 1 1 1 1 1 1 1 1 1 1 1 1 1 100 1 1 1 7 1 1 1 1 1 7 1 1 1 1 1 1 1 1 1 1 1 1 1 1 1 1 1 1
ciInstanceKlass java/lang/String 1 1 1451 10 7 12 1 1 1 8 1 9 7 12 1 1 1 9 12 1 1 9 12 1 1 9 12 1 1 10 12 1 10 12 1 1 10 12 1 1 9 12 1 10 7 12 1 1 1 10 12 1 1 10 12 1 10 7 12 1 1 1 10 12 1 1 10 12 1 1 10 12 1 10 12 1 1 10 12 1 10 7 12 1 1 1 7 1 9 7 12 1 1 1 10 7 12 1 1 1 10 12 1 1 10 12 1 1 10 7 12 1 1 1 10 12 1 1 9 7 12 1 1 10 12 9 7 12 1 1 10 12 1 1 3 10 12 1 1 7 1 11 12 1 1 11 12 1 11 12 1 1 10 100 12 1 1 1 10 12 1 1 9 100 12 1 1 1 10 12 1 1 10 12 1 11 12 1 1 10 12 1 10 12 10 12 1 1 10 7 12 1 1 1 10 7 12 1 1 1 10 12 1 1 100 1 7 1 10 12 1 10 12 1 10 12 1 1 10 12 1 1 100 1 10 12 1 1 100 1 10 12 1 1 10 12 1 1 10 12 1 10 10 12 1 100 1 100 1 100 1 10 12 1 10 12 1 1 10 12 1 1 10 12 1 10 12 1 1 10 12 1 1 10 100 12 1 1 100 1 11 10 7 12 1 1 11 12 1 11 12 1 10 12 1 1 10 12 1 10 12 10 12 1 1 10 10 100 12 1 1 1 10 100 12 1 1 10 12 1 1 10 100 12 1 1 10 12 1 10 12 1 1 10 12 1 1 10 12 1 10 12 1 10 12 1 1 100 1 10 12 1 1 10 12 10 12 1 10 12 1 1 10 12 1 1 10 7 12 1 1 1 10 12 1 10 12 1 1 10 12 1 10 12 1 3 3 10 12 1 1 10 12 1 10 12 1 1 10 12 1 1 10 12 1 1 10 12 1 10 12 1 1 10 12 1 1 10 12 1 10 12 1 10 12 1 10 12 1 1 10 12 1 10 12 1 10 12 1 10 12 1 10 12 1 10 12 1 10 7 1 10 8 1 10 12 1 1 10 12 1 8 1 10 12 1 1 10 12 10 12 1 8 1 10 10 12 1 1 10 12 1 1 10 12 1 1 10 7 1 10 10 12 1 10 12 1 10 12 1 10 10 12 1 10 12 1 10 12 1 10 12 1 10 12 1 10 12 1 10 12 1 1 10 12 1 1 10 12 1 1 10 10 12 1 1 10 10 12 1 100 1 10 10 12 1 1 10 12 1 1 10 7 1 10 12 1 10 12 1 10 7 12 1 1 1 10 12 1 10 12 1 1 10 12 1 11 7 1 11 12 10 12 1 10 12 1 1 10 12 1 1 10 10 12 1 10 12 1 9 12 1 1 11 7 12 1 1 1 10 12 10 10 12 1 10 12 1 1 10 10 12 1 10 12 1 10 12 1 1 10 12 1 1 10 10 12 1 1 10 12 1 10 10 12 1 10 12 10 10 12 10 10 12 1 10 12 1 10 10 12 10 7 12 1 1 1 10 12 10 10 12 10 12 1 10 12 10 12 10 10 12 1 10 12 1 1 10 12 1 1 10 10 12 1 10 7 12 1 1 1 10 12 1 1 10 10 7 12 1 1 1 11 10 12 1 10 12 1 1 10 12 1 1 10 7 12 1 1 1 10 12 1 10 12 1 10 12 1 10 12 1 10 12 1 10 12 1 100 1 7 1 8 1 10 10 10 12 1 10 12 1 1 8 1 10 12 1 3 3 10 12 1 10 12 1 1 10 12 7 1 10 10 12 1 1 10 12 1 10 12 1 10 12 1 1 10 12 1 1 11 7 12 1 1 1 7 1 10 12 1 10 12 1 1 8 1 10 12 1 1 10 12 1 11 7 12 1 1 1 11 7 12 1 1 11 12 1 10 12 1 10 12 1 1 10 10 7 12 1 1 1 10 12 1 10 12 1 10 10 12 10 12 1 1 10 10 12 1 10 10 12 1 10 10 12 1 10 10 12 1 10 12 1 1 10 10 12 1 8 1 10 12 1 1 18 12 1 1 11 100 12 1 1 1 7 1 3 18 12 1 18 12 1 8 1 10 100 12 1 1 1 11 12 1 1 10 12 10 10 12 1 10 11 12 1 1 10 12 1 1 11 12 1 18 3 11 10 12 1 11 11 10 12 1 10 12 1 1 8 1 10 12 1 10 12 1 10 12 1 1 10 10 12 1 11 100 12 1 100 1 100 1 10 12 100 1 10 10 100 12 1 1 1 100 1 10 7 1 10 10 12 1 10 10 12 1 8 1 10 10 12 1 8 1 8 1 10 12 1 10 12 1 10 10 12 10 7 12 1 1 10 7 12 1 1 10 7 12 1 1 8 1 10 12 1 10 12 1 10 9 12 1 10 12 9 7 12 1 1 1 10 12 1 10 12 1 10 12 1 10 12 10 12 1 10 12 1 8 1 10 100 12 1 1 1 10 12 10 12 1 1 10 12 10 10 12 10 12 7 1 9 12 1 1 7 1 10 7 1 7 1 7 1 7 1 1 1 1 1 1 5 0 1 1 1 1 1 3 1 3 1 1 1 1 1 1 1 1 1 1 1 1 1 1 1 100 1 1 1 1 1 1 1 1 1 1 1 1 1 1 1 1 1 1 1 1 1 1 1 1 1 1 1 1 1 1 1 100 1 1 1 1 1 1 1 1 1 1 1 1 7 1 1 1 1 1 1 1 1 1 1 1 1 1 1 1 1 1 1 1 1 1 1 1 1 1 1 1 1 1 1 1 1 1 1 1 1 1 1 1 1 1 1 1 1 1 1 1 1 1 1 1 1 1 1 1 1 1 1 1 1 1 1 1 1 1 1 1 1 1 1 1 1 1 1 1 1 1 1 1 1 1 1 1 1 1 1 1 1 1 1 1 1 1 1 1 1 1 1 1 1 1 1 1 1 1 1 1 1 1 1 1 1 1 1 1 1 1 1 1 1 1 1 1 1 1 1 1 1 1 1 1 1 1 1 1 1 1 1 1 1 1 1 1 1 1 1 1 1 1 1 1 1 1 1 1 1 1 1 1 1 1 1 1 1 1 1 1 1 1 1 1 1 1 1 100 1 1 1 1 1 1 1 1 1 1 1 1 1 1 1 1 1 1 1 1 1 1 1 100 1 1 1 1 1 1 1 1 1 1 1 1 1 1 1 7 1 1 1 1 1 1 1 1 1 1 1 1 1 1 1 16 15 10 12 16 15 10 12 15 10 12 15 10 12 15 10 100 12 1 1 1 1 1 1 1 100 1 100 1 1 1
staticfield java/lang/String COMPACT_STRINGS Z 1
staticfield java/lang/String serialPersistentFields [Ljava/io/ObjectStreamField; 0 [Ljava/io/ObjectStreamField;
staticfield java/lang/String CASE_INSENSITIVE_ORDER Ljava/util/Comparator; java/lang/String$CaseInsensitiveComparator
ciInstanceKlass java/lang/constant/ConstantDesc 1 0 37 100 1 100 1 1 1 1 100 1 1 1 1 100 1 100 1 100 1 100 1 100 1 100 1 100 1 100 1 100 1 1 100 1 100 1 1
ciInstanceKlass java/lang/InternalError 1 1 34 10 7 12 1 1 1 10 12 1 10 12 1 10 12 1 100 1 1 1 1 5 0 1 1 1 1 1 1 1 1 1 1 1
instanceKlass java/io/IOError
instanceKlass javax/xml/parsers/FactoryConfigurationError
instanceKlass java/lang/ThreadDeath
instanceKlass java/lang/AssertionError
instanceKlass java/lang/VirtualMachineError
instanceKlass java/lang/LinkageError
ciInstanceKlass java/lang/Error 1 1 40 10 7 12 1 1 1 10 12 1 10 12 1 10 12 1 10 12 1 100 1 1 1 1 5 0 1 1 1 1 1 1 1 1 1 1 1 1 1 1
instanceKlass java/lang/StackOverflowError
instanceKlass java/lang/OutOfMemoryError
instanceKlass java/lang/InternalError
ciInstanceKlass java/lang/VirtualMachineError 1 1 34 10 7 12 1 1 1 10 12 1 10 12 1 10 12 1 100 1 1 1 1 5 0 1 1 1 1 1 1 1 1 1 1 1
ciInstanceKlass java/util/Iterator 1 1 53 100 1 8 1 10 12 1 1 10 7 12 1 1 1 11 7 12 1 1 1 11 12 1 1 11 7 12 1 1 1 7 1 1 1 1 1 1 1 1 1 1 1 1 1 1 1 1 1 1 1 1 1
instanceKlass org/eclipse/core/internal/content/LazyInputStream
instanceKlass org/eclipse/jdt/ls/core/internal/ConnectionStreamFactory$NamedPipeInputStream
instanceKlass sun/nio/ch/ChannelInputStream
instanceKlass org/eclipse/core/internal/resources/ContentDescriptionManager$LazyFileInputStream
instanceKlass java/io/ObjectInputStream
instanceKlass org/eclipse/core/internal/localstore/SafeChunkyInputStream
instanceKlass org/eclipse/core/internal/registry/BufferedRandomInputStream
instanceKlass com/sun/org/apache/xerces/internal/impl/XMLEntityManager$RewindableInputStream
instanceKlass org/eclipse/osgi/storage/url/reference/ReferenceInputStream
instanceKlass java/util/jar/JarVerifier$VerifierStream
instanceKlass java/util/zip/ZipFile$ZipFileInputStream
instanceKlass java/io/FilterInputStream
instanceKlass java/io/FileInputStream
instanceKlass java/io/ByteArrayInputStream
ciInstanceKlass java/io/InputStream 1 1 195 7 1 10 7 12 1 1 1 100 1 10 10 7 12 1 1 1 10 7 12 1 1 1 10 12 1 100 1 3 10 12 1 1 100 1 8 1 10 12 1 10 7 12 1 1 1 3 7 1 8 1 10 10 7 12 1 1 1 7 1 10 11 7 12 1 1 1 10 12 1 1 11 12 1 1 11 7 12 1 1 1 11 12 1 1 7 1 10 7 12 1 1 1 5 0 10 12 1 10 12 1 1 100 1 10 8 1 10 8 1 8 1 10 12 1 1 10 100 12 1 1 1 7 1 5 0 10 12 1 100 1 7 1 1 1 1 3 1 3 1 1 1 1 1 1 1 1 1 1 1 1 1 1 1 1 1 1 1 1 1 1 1 1 1 1 1 1 1 1 1 1 1 1 1 1 1 1 1 1 1 1 1 1 1 1 1 1 1 1 1 1 1 1 1
ciInstanceKlass jdk/internal/misc/Unsafe 1 1 1287 10 7 12 1 1 1 9 7 12 1 1 1 9 12 1 1 10 12 1 1 10 7 12 1 1 1 10 12 1 1 10 12 1 1 10 12 1 1 10 12 1 1 10 12 1 1 10 12 1 1 10 12 1 1 10 12 1 1 10 12 1 1 10 12 1 1 10 12 1 1 10 12 1 1 10 12 1 1 10 12 1 10 12 1 100 1 10 10 12 1 1 10 12 1 1 5 0 10 12 1 1 10 12 1 1 10 7 12 1 1 1 10 12 1 1 10 12 1 10 12 1 10 12 1 1 10 12 1 1 10 12 1 10 12 1 7 1 7 1 10 8 1 10 12 1 1 10 12 1 8 1 10 12 1 1 10 12 1 10 12 1 10 12 1 1 10 12 1 10 12 1 1 10 12 1 1 10 12 1 10 12 1 10 12 1 10 12 1 1 10 12 1 10 12 1 10 12 1 1 10 12 1 5 0 5 0 5 0 10 12 1 10 12 1 10 12 1 10 12 1 10 12 1 10 12 1 10 12 1 10 12 1 10 12 1 1 10 12 1 10 12 1 7 1 8 1 10 100 1 10 10 12 1 1 10 12 1 1 10 12 1 10 12 1 1 10 12 1 1 10 12 1 10 12 1 1 10 12 1 9 7 12 1 1 9 12 1 100 1 10 10 12 1 1 8 1 10 8 1 8 1 10 12 1 1 9 7 12 1 1 1 9 7 1 9 7 1 9 7 1 9 9 7 1 9 7 1 9 7 1 10 12 1 1 10 12 1 1 10 12 1 1 10 12 1 1 5 0 5 0 9 12 1 1 10 12 1 10 12 1 10 12 1 1 10 12 1 1 10 12 1 8 1 3 10 12 1 1 10 12 1 1 10 12 1 10 12 1 1 10 12 1 1 10 12 1 10 12 1 10 12 1 10 12 1 10 12 1 10 12 1 1 10 12 1 1 10 12 1 10 12 1 10 12 1 10 12 1 10 12 1 10 12 1 1 10 12 1 1 10 12 1 10 12 1 10 12 1 10 12 1 10 12 1 10 12 1 1 10 12 1 1 10 12 1 1 10 12 1 1 10 12 1 10 12 1 10 12 1 10 12 1 10 12 1 10 12 1 10 12 1 1 10 12 1 1 10 12 1 10 12 1 10 12 1 10 12 1 10 12 1 10 12 1 10 12 1 1 10 12 1 1 10 12 1 10 12 1 10 12 1 10 12 1 10 12 1 10 12 1 10 12 1 10 12 1 1 10 12 1 10 12 1 10 12 1 10 12 1 10 12 1 1 10 12 1 10 12 1 10 12 1 10 12 1 10 12 1 10 12 1 10 12 1 10 12 1 1 10 12 1 10 12 1 10 12 1 10 12 1 10 12 1 10 12 1 1 10 12 1 10 12 1 10 12 1 1 10 12 1 10 12 1 10 12 1 10 12 1 10 12 1 10 12 1 10 12 1 10 12 1 10 12 1 10 12 1 10 12 1 10 12 1 10 12 1 10 12 1 10 12 1 10 12 1 10 12 1 10 12 1 10 12 1 10 12 1 10 12 1 10 12 1 10 12 1 100 1 10 100 1 10 9 12 1 5 0 10 12 1 1 5 0 10 12 1 5 0 10 12 1 10 12 1 10 12 1 1 10 12 1 1 10 12 1 10 12 1 10 12 1 10 12 1 1 10 12 1 10 12 1 10 12 1 10 12 1 10 12 1 1 10 12 1 10 12 1 10 12 1 10 12 1 1 10 12 1 10 12 1 10 12 1 1 10 12 1 10 12 1 10 12 1 10 12 1 1 10 12 1 10 10 12 1 1 10 12 1 10 12 1 1 10 12 1 10 12 5 0 5 0 5 0 10 12 1 1 10 12 1 10 12 1 10 12 10 100 12 1 1 8 1 100 1 11 12 1 1 8 1 11 12 1 1 10 100 12 1 1 10 12 1 10 12 1 10 12 1 10 12 1 10 12 1 1 10 12 1 10 12 1 10 12 1 10 12 1 10 12 1 10 12 1 10 7 1 10 12 1 9 12 1 7 1 9 12 1 7 1 9 12 1 7 1 9 12 1 7 1 9 12 1 7 1 9 12 1 7 1 9 12 1 7 1 9 12 1 7 1 9 12 1 10 12 1 9 12 1 9 12 1 9 12 1 9 12 1 9 12 1 9 12 1 9 12 1 9 12 1 9 12 1 9 12 1 1 1 3 1 1 1 1 1 1 1 1 1 1 1 1 1 1 1 1 1 1 1 1 1 1 1 1 1 1 1 1 1 1 1 1 1 1 1 1 1 1 1 1 1 1 1 1 1 1 1 1 1 1 1 1 1 1 1 1 1 1 1 1 1 1 1 1 1 1 1 1 1 1 1 1 1 1 1 1 1 1 1 1 1 1 1 1 1 1 1 1 1 100 1 1 1 1 1 1 1 1 1 1 1 1 1 1 1 1 1 1 1 1 1 1 1 1 1 1 1 1 1 1 1 1 1 1 1 1 1 1 1 1 1 1 1 1 1 1 1 1 1 1 1 1 1 1 1 1 1 1 1 1 1 1 1 1 1 1 1 1 1 1 1 1 1 1 1 1 1 1 1 1 1 1 1 1 1 1 1 1 1 1 1 1 1 1 1 1 1 1 1 1 1 1 1 1 1 1 1 1 1 1 1 1 1 1 1 1 1 1 1 1 1 1 1 1 1 1 1 1 1 1 1 1 1 1 1 1 1 1 1 1 1 1 1 1 1 1 1 1 1 1 1 1 1 1 1 1 1 1 1 1 1 1 1 1 1 1 1 1 1 1 1 1 1 1 1 1 1 1 1 1 1 1 1 1 1 1 1 1 1 1 1 1 1 1 1 1 1 1 1 1 1 1 1 1 1 1 3 1 1 1 1 1 1 1 1 1 1 1 1 1 1 1 1 1 1 1 1 1
staticfield jdk/internal/misc/Unsafe theUnsafe Ljdk/internal/misc/Unsafe; jdk/internal/misc/Unsafe
staticfield jdk/internal/misc/Unsafe ARRAY_BOOLEAN_BASE_OFFSET I 16
staticfield jdk/internal/misc/Unsafe ARRAY_BYTE_BASE_OFFSET I 16
staticfield jdk/internal/misc/Unsafe ARRAY_SHORT_BASE_OFFSET I 16
staticfield jdk/internal/misc/Unsafe ARRAY_CHAR_BASE_OFFSET I 16
staticfield jdk/internal/misc/Unsafe ARRAY_INT_BASE_OFFSET I 16
staticfield jdk/internal/misc/Unsafe ARRAY_LONG_BASE_OFFSET I 16
staticfield jdk/internal/misc/Unsafe ARRAY_FLOAT_BASE_OFFSET I 16
staticfield jdk/internal/misc/Unsafe ARRAY_DOUBLE_BASE_OFFSET I 16
staticfield jdk/internal/misc/Unsafe ARRAY_OBJECT_BASE_OFFSET I 16
staticfield jdk/internal/misc/Unsafe ARRAY_BOOLEAN_INDEX_SCALE I 1
staticfield jdk/internal/misc/Unsafe ARRAY_BYTE_INDEX_SCALE I 1
staticfield jdk/internal/misc/Unsafe ARRAY_SHORT_INDEX_SCALE I 2
staticfield jdk/internal/misc/Unsafe ARRAY_CHAR_INDEX_SCALE I 2
staticfield jdk/internal/misc/Unsafe ARRAY_INT_INDEX_SCALE I 4
staticfield jdk/internal/misc/Unsafe ARRAY_LONG_INDEX_SCALE I 8
staticfield jdk/internal/misc/Unsafe ARRAY_FLOAT_INDEX_SCALE I 4
staticfield jdk/internal/misc/Unsafe ARRAY_DOUBLE_INDEX_SCALE I 8
staticfield jdk/internal/misc/Unsafe ARRAY_OBJECT_INDEX_SCALE I 4
staticfield jdk/internal/misc/Unsafe ADDRESS_SIZE I 8
instanceKlass lombok/launch/ShadowClassLoader
instanceKlass lombok/launch/ShadowClassLoader
instanceKlass org/eclipse/osgi/internal/loader/ModuleClassLoader
instanceKlass org/eclipse/osgi/internal/framework/ContextFinder
instanceKlass org/eclipse/osgi/internal/framework/EquinoxContainer$1
instanceKlass lombok/launch/ShadowClassLoader
instanceKlass jdk/internal/reflect/DelegatingClassLoader
instanceKlass java/security/SecureClassLoader
ciInstanceKlass java/lang/ClassLoader 1 1 1108 9 7 12 1 1 1 10 7 12 1 1 1 9 12 1 1 10 7 12 1 1 1 7 1 10 12 1 1 10 12 1 1 9 12 1 1 10 12 1 1 100 1 10 12 1 10 12 1 1 10 7 12 1 1 1 100 1 8 1 10 12 1 10 7 12 1 1 1 10 7 12 1 10 7 1 10 7 1 7 1 7 1 10 12 1 10 12 1 9 12 1 1 10 10 7 12 1 1 1 9 12 1 1 9 12 1 9 12 1 1 9 12 1 9 12 1 1 9 12 1 1 7 1 10 12 1 9 12 1 1 10 12 1 1 10 7 12 1 1 1 9 12 1 9 12 1 1 9 12 1 10 12 1 1 9 12 10 12 1 1 7 1 10 8 1 10 12 1 1 10 12 1 10 7 1 7 1 10 12 1 1 10 7 12 1 1 1 8 1 10 12 1 10 12 1 10 12 1 1 10 12 1 1 10 12 1 1 10 12 1 1 10 12 1 1 10 12 1 7 1 10 12 1 10 7 12 1 1 1 10 12 1 1 10 12 1 10 12 1 10 12 1 10 12 1 10 12 1 1 10 10 12 1 10 12 1 10 100 12 1 1 10 12 1 1 10 12 1 1 10 12 1 100 1 10 12 1 7 1 10 12 1 10 7 12 1 1 1 10 10 12 1 1 10 12 1 1 7 1 8 1 10 8 1 10 12 1 10 12 1 100 1 8 1 10 12 1 1 10 12 1 1 10 10 12 1 1 10 12 1 1 10 12 1 1 10 7 1 10 12 1 1 10 12 1 1 10 12 1 1 10 12 1 1 10 12 1 1 10 12 1 1 10 12 1 10 7 12 1 1 1 10 12 1 10 12 1 10 12 1 1 10 12 1 10 12 1 10 12 1 10 12 1 1 10 12 1 10 12 1 1 8 1 9 12 1 10 12 1 1 8 1 8 1 10 7 12 1 1 100 1 10 10 12 10 12 1 10 12 1 10 12 1 10 12 1 1 10 7 12 1 1 10 12 1 10 7 1 7 1 10 12 1 1 10 12 1 10 7 1 10 12 1 100 1 18 12 1 10 100 12 1 1 1 10 7 12 1 1 1 10 7 12 1 1 10 12 1 10 12 1 100 1 10 12 1 8 1 10 10 12 1 1 10 12 1 10 12 1 1 7 1 10 12 1 10 12 1 1 10 7 12 1 1 10 12 1 8 1 100 1 10 10 12 1 9 12 1 10 7 12 1 1 10 12 1 7 1 8 1 10 12 1 10 8 1 8 1 10 12 1 1 10 12 1 1 10 12 1 1 10 7 12 1 1 7 1 100 1 10 12 1 1 7 1 7 1 10 7 12 1 1 10 12 1 10 12 1 1 10 12 1 10 12 1 1 10 12 1 1 9 100 12 1 1 1 10 12 1 1 10 12 1 10 12 1 10 12 1 1 10 12 1 8 1 7 1 18 12 1 1 10 12 1 1 10 12 1 10 12 1 10 12 1 8 1 10 12 1 10 12 1 18 12 1 11 100 12 1 1 1 100 1 10 12 1 1 10 12 1 10 11 12 1 1 10 18 10 12 1 1 11 7 12 1 18 12 1 11 12 1 1 10 12 10 12 1 1 10 12 1 1 100 1 8 1 10 10 12 1 8 1 8 1 10 100 12 1 1 10 12 1 100 1 10 10 12 1 8 1 8 1 8 1 10 12 1 10 12 1 1 10 12 1 10 7 12 1 1 1 11 7 12 1 1 100 1 10 11 10 12 1 10 12 1 10 12 1 1 9 7 12 1 1 9 12 1 1 9 12 9 12 1 9 12 1 9 12 1 8 10 12 1 1 10 7 12 1 1 1 10 12 1 1 10 12 1 1 10 12 1 10 10 12 1 11 12 1 1 10 100 12 1 1 1 100 1 10 12 1 10 12 1 10 12 1 1 1 1 1 1 1 1 1 1 1 1 1 1 1 1 1 1 1 1 1 1 1 1 1 1 1 1 100 1 1 1 1 1 1 1 1 1 1 1 1 1 1 1 1 1 1 1 1 1 100 1 1 1 1 1 1 1 1 1 1 100 1 1 1 1 1 1 1 1 1 1 1 1 1 1 1 1 1 1 1 1 1 1 1 1 1 1 1 1 1 1 1 1 1 1 1 1 1 1 1 1 1 100 1 1 1 1 1 1 1 1 1 1 1 1 1 1 1 1 1 1 1 7 1 1 1 1 1 1 1 1 1 1 1 1 1 1 1 1 1 1 1 1 1 1 1 1 1 1 1 1 1 1 1 1 1 1 1 1 1 1 1 1 1 1 1 1 1 1 1 1 1 1 100 1 1 1 1 1 1 1 1 1 1 1 1 1 1 1 1 1 1 1 1 1 1 1 1 1 1 1 1 1 1 1 1 1 1 1 1 1 1 1 1 1 1 1 1 1 1 16 1 15 10 12 16 1 16 15 10 12 16 1 16 1 15 10 12 16 15 10 12 16 15 10 12 16 15 10 100 12 1 1 1 1 1 100 1 100 1 1
staticfield java/lang/ClassLoader nocerts [Ljava/security/cert/Certificate; 0 [Ljava/security/cert/Certificate;
staticfield java/lang/ClassLoader $assertionsDisabled Z 1
ciInstanceKlass java/lang/reflect/Constructor 1 1 439 10 100 12 1 1 1 10 100 12 1 1 9 7 12 1 1 1 10 12 1 1 10 12 1 1 10 100 12 1 1 9 12 1 1 10 7 12 1 1 1 9 12 1 1 9 12 1 1 9 12 1 9 12 1 1 9 12 1 9 12 1 1 9 12 1 1 9 12 1 100 1 8 1 10 12 1 10 12 1 9 12 1 1 10 7 12 1 1 10 7 12 1 1 1 10 12 1 1 10 12 1 1 10 12 1 7 1 100 1 8 1 10 10 12 1 10 12 1 10 12 1 1 10 12 1 1 9 100 12 1 1 1 10 7 12 1 1 10 12 1 1 10 12 1 10 12 1 1 10 7 12 1 1 1 10 100 12 1 1 10 12 1 1 10 12 1 10 7 12 1 1 1 8 1 10 10 12 1 100 1 8 1 10 12 1 10 12 1 1 10 12 1 1 10 12 1 10 12 1 10 12 1 1 10 12 1 1 9 12 1 1 10 12 1 1 10 12 1 1 10 12 1 1 11 7 12 1 1 1 10 12 1 1 10 12 1 10 12 1 10 12 1 8 1 9 12 1 1 10 7 12 1 1 1 10 7 12 1 1 10 12 1 1 10 12 1 1 10 12 1 1 10 12 1 1 10 12 1 9 7 12 1 1 10 12 1 10 12 1 10 12 1 100 1 8 1 10 10 12 1 1 10 12 1 10 10 12 1 1 10 12 1 1 10 100 12 1 1 1 11 100 12 1 1 1 10 12 1 1 9 100 12 1 1 1 10 100 12 1 1 1 10 12 1 1 1 1 1 1 1 1 1 1 1 1 1 1 1 1 1 1 1 1 1 1 1 1 1 1 1 1 1 1 1 1 1 1 1 1 1 1 1 1 1 1 1 1 1 1 1 1 1 1 1 1 100 1 100 1 100 1 100 1 1 1 1 1 1 1 1 1 1 1 1 1 1 1 1 1 1 1 1 1 1 1 1 1 1 1 1 1 1 1 1 1 100 1 1
instanceKlass java/lang/reflect/Executable
instanceKlass java/lang/reflect/Field
ciInstanceKlass java/lang/reflect/AccessibleObject 1 1 400 10 7 12 1 1 1 9 100 12 1 1 1 10 7 12 1 1 1 10 7 12 1 1 10 7 12 1 1 1 10 100 12 1 1 1 10 12 1 1 10 12 1 1 9 12 1 1 7 1 10 7 12 1 1 1 11 12 1 7 1 10 12 1 7 1 100 1 10 12 1 10 12 1 1 10 12 1 1 10 12 1 1 10 12 1 1 7 1 10 7 12 1 1 1 10 12 1 1 11 10 7 12 1 1 1 10 12 1 1 10 12 1 10 12 1 10 12 1 1 10 12 1 8 1 7 1 7 1 10 10 12 1 1 8 1 10 12 1 10 12 1 8 1 8 1 8 1 8 1 8 1 8 1 8 1 8 1 8 1 7 1 10 12 1 10 12 1 9 12 1 1 10 12 1 1 10 12 1 10 7 1 100 1 8 1 10 8 1 10 12 1 8 1 10 12 1 10 12 1 1 10 100 1 8 1 10 11 7 12 1 1 1 10 12 1 1 10 12 1 1 10 12 1 1 9 12 1 1 100 1 10 12 1 7 1 10 12 1 10 12 1 1 10 100 1 10 12 1 10 12 10 12 1 10 12 1 10 12 1 1 10 12 1 9 12 1 10 7 12 1 1 8 1 10 7 12 1 1 1 8 1 10 7 12 1 1 1 9 12 1 7 1 10 7 1 10 10 7 12 1 1 1 7 1 10 10 7 12 1 1 1 7 1 9 12 1 1 1 1 1 1 1 1 1 1 1 1 1 1 1 1 1 1 1 1 1 1 1 1 1 1 1 1 1 1 1 1 1 1 1 1 1 1 1 1 1 1 1 1 1 1 1 1 1 1 1 1 1 1 1 1 1 1 1 1 1 1 1 1 1 1 1 1 1 1 1 1 1 1 1 1 1 1 1 1 1 1 1 1
staticfield java/lang/reflect/AccessibleObject reflectionFactory Ljdk/internal/reflect/ReflectionFactory; jdk/internal/reflect/ReflectionFactory
instanceKlass java/lang/reflect/Constructor
instanceKlass java/lang/reflect/Method
ciInstanceKlass java/lang/reflect/Executable 1 1 581 10 7 12 1 1 1 10 7 12 1 1 1 10 7 12 1 1 1 11 7 12 1 1 1 10 7 12 1 1 1 10 12 1 1 10 7 12 1 1 1 10 7 12 1 1 1 10 12 1 8 1 10 10 12 1 1 10 12 1 1 10 7 12 1 1 1 18 12 1 1 11 7 12 1 1 1 8 1 8 1 8 1 10 7 12 1 1 1 11 12 1 1 7 1 8 1 8 1 10 12 1 7 1 8 1 10 12 1 8 1 11 100 12 1 1 1 7 1 11 7 12 1 1 1 11 12 1 8 1 18 8 1 10 12 1 10 12 1 1 18 8 1 10 12 1 100 1 10 12 1 10 12 1 11 12 1 10 12 1 1 8 1 8 1 10 12 1 1 10 12 1 1 10 10 12 1 9 100 12 1 1 1 10 100 12 1 1 1 10 12 1 10 12 1 1 10 7 12 1 1 10 12 1 10 12 1 10 12 1 10 7 12 1 1 7 1 10 100 12 1 1 1 10 12 1 1 10 7 12 1 1 10 12 1 10 12 1 1 9 7 12 1 1 1 10 7 10 12 1 8 1 10 12 1 10 12 1 3 100 1 8 1 10 12 1 10 12 1 10 10 12 1 10 12 1 1 8 1 8 1 8 1 9 12 1 1 9 12 1 10 12 1 100 1 8 1 10 12 1 10 12 1 10 12 1 1 10 12 1 1 10 12 1 10 12 10 12 1 100 1 10 12 1 10 12 1 1 100 1 10 7 12 1 1 1 7 1 10 7 12 1 1 1 10 12 1 1 11 7 12 1 1 10 12 1 10 100 12 1 1 1 10 12 1 1 9 12 1 10 12 1 1 10 12 1 10 12 1 1 9 100 12 1 1 1 10 100 12 1 1 1 10 12 1 10 12 1 1 9 12 1 10 10 10 10 100 12 1 1 1 10 12 1 9 12 1 10 12 1 1 9 12 1 7 1 7 1 1 1 1 1 1 1 1 1 1 1 1 1 1 1 1 1 1 1 1 1 1 1 1 1 1 1 1 1 1 1 1 1 1 1 1 100 1 1 1 1 1 1 1 1 1 1 1 1 1 1 1 1 1 1 1 100 1 1 1 1 1 1 1 1 1 1 1 1 1 1 1 1 1 1 1 1 1 1 1 1 1 1 1 1 1 1 1 1 1 1 1 1 1 1 1 1 1 1 1 7 1 1 1 1 1 1 1 1 1 1 1 1 1 1 1 1 1 1 1 1 1 1 7 1 1 16 15 16 1 16 1 15 10 12 16 15 10 7 12 1 1 1 1 1 1 100 1 1 100 1 100 1 1
ciInstanceKlass java/lang/reflect/Member 1 1 37 100 1 10 12 1 1 100 1 100 1 1 1 1 3 1 3 1 1 1 1 1 1 1 1 1 1 1 1 1 1 1 1 1 1 1 1
instanceKlass org/eclipse/jdt/internal/core/BinaryMethod$1
instanceKlass com/sun/jna/internal/Cleaner$CleanerThread
instanceKlass java/util/logging/LogManager$Cleaner
instanceKlass org/eclipse/core/internal/jobs/InternalWorker
instanceKlass org/eclipse/core/internal/jobs/Worker
instanceKlass org/eclipse/osgi/framework/eventmgr/EventManager$EventThread
instanceKlass org/eclipse/equinox/launcher/Main$SplashHandler
instanceKlass jdk/internal/misc/InnocuousThread
instanceKlass java/util/concurrent/ForkJoinWorkerThread
instanceKlass java/lang/ref/Finalizer$FinalizerThread
instanceKlass java/lang/ref/Reference$ReferenceHandler
instanceKlass java/lang/BaseVirtualThread
ciInstanceKlass java/lang/Thread 1 1 870 10 7 12 1 1 1 9 12 1 1 10 7 12 1 1 10 12 1 10 100 12 1 1 100 1 8 1 10 12 1 1 9 12 1 9 12 1 1 9 12 1 1 7 1 10 12 1 1 10 12 1 10 100 12 1 1 1 10 12 9 12 1 1 10 12 1 7 1 10 12 1 100 1 8 1 10 9 100 12 1 1 1 10 12 1 1 10 12 1 1 10 12 1 1 10 12 1 10 12 1 1 3 8 1 7 1 5 0 10 7 12 1 1 1 9 12 1 10 12 1 1 10 7 12 1 1 1 10 7 12 1 1 1 10 12 1 1 10 12 1 1 9 12 1 1 10 7 1 8 1 10 7 1 10 12 1 9 12 1 1 10 7 12 1 1 1 10 10 12 1 1 9 100 12 1 1 1 10 12 1 1 10 12 1 1 10 7 12 1 1 10 12 1 10 12 1 10 7 12 1 1 9 12 1 10 7 12 1 1 1 10 12 1 1 9 12 1 1 9 12 1 1 10 7 12 1 1 1 9 12 1 1 10 100 12 1 1 10 100 12 1 1 1 10 12 1 10 12 1 10 7 12 1 1 9 12 1 8 1 9 7 12 1 1 9 12 1 1 5 0 100 1 10 100 1 10 100 1 10 7 1 10 8 1 10 12 1 1 10 7 12 1 10 12 1 10 12 1 100 1 8 1 10 10 12 1 10 12 1 1 10 100 12 1 1 1 10 100 12 1 1 1 10 12 1 7 1 9 12 1 1 100 1 10 10 12 1 9 12 1 1 10 12 1 1 10 12 1 1 10 12 1 10 12 1 9 12 1 1 10 10 12 1 1 10 12 1 1 11 7 12 1 1 10 7 12 1 1 9 12 1 9 12 1 1 9 12 1 1 10 100 12 1 1 10 12 1 1 9 100 12 1 1 1 10 100 12 1 1 10 12 1 10 12 1 100 1 10 10 12 9 12 1 1 10 12 1 11 100 12 1 1 10 12 1 10 12 1 10 12 1 9 12 1 10 10 12 1 10 12 1 1 9 12 1 9 12 10 12 1 8 1 10 12 1 10 12 1 10 12 1 10 12 1 10 12 1 1 10 12 1 10 12 1 1 10 12 1 10 12 1 10 12 1 10 12 1 10 12 1 1 9 7 12 1 1 1 8 1 10 9 12 1 10 12 1 7 1 8 1 10 10 12 1 8 1 10 12 1 1 9 12 10 12 8 1 10 10 12 1 10 12 1 8 1 10 12 1 10 8 1 10 100 12 1 1 10 12 1 1 100 1 8 1 10 9 12 1 9 12 1 1 10 12 1 1 10 10 12 1 10 12 1 100 10 7 12 1 1 1 9 12 1 10 12 1 1 10 12 1 1 10 100 12 1 1 1 11 7 12 1 1 1 9 100 12 1 1 1 10 100 12 1 1 1 7 1 10 12 1 100 1 10 12 1 10 12 1 1 10 12 1 1 8 1 9 12 1 10 12 1 10 12 1 1 11 7 12 1 1 1 10 12 1 1 1 1 3 1 3 1 3 1 3 1 1 1 1 1 1 1 1 1 1 1 1 1 1 1 1 1 1 1 1 1 7 1 1 1 1 1 1 1 1 1 1 1 1 1 1 1 1 1 1 1 1 1 1 7 1 1 1 1 1 1 1 1 1 1 1 1 1 1 1 1 7 1 7 1 1 1 1 1 1 1 1 1 1 1 1 1 1 1 1 1 1 1 1 1 1 1 1 1 1 1 1 1 1 1 1 1 1 1 1 1 1 1 1 1 1 1 1 1 1 1 1 1 1 1 1 1 1 1 1 1 1 1 1 1 1 1 1 1 1 1 1 1 1 1 1 1 1 1 1 100 100 1 1 1 1 1 1 1 1 1 1 1 1 1 1 1 1 1 1 1 1 1 1 1 1 1 1 100 1 100 1 100 1 100 1 100 1 1 100 1 1 1 1 1 1 1 1 1 1 1 1 1 1 1
staticfield java/lang/Thread NEW_THREAD_BINDINGS Ljava/lang/Object; java/lang/Class
staticfield java/lang/Thread EMPTY_STACK_TRACE [Ljava/lang/StackTraceElement; 0 [Ljava/lang/StackTraceElement;
ciInstanceKlass java/lang/Runnable 1 0 11 100 1 100 1 1 1 1 1 1 1
ciInstanceKlass java/net/URL 1 1 771 10 7 12 1 1 1 10 12 1 10 7 12 1 1 9 12 1 1 9 12 1 10 7 12 1 1 1 10 12 1 1 10 12 1 1 9 12 1 1 10 7 12 1 1 1 8 1 10 12 1 1 7 1 10 10 12 1 1 8 1 10 12 1 1 9 12 1 7 1 8 1 10 12 1 10 12 1 8 1 9 12 1 10 12 1 1 9 12 1 10 12 1 10 12 1 9 12 1 9 12 1 8 1 9 12 1 10 12 1 1 8 1 9 12 1 1 10 12 1 1 10 7 12 1 1 1 8 1 10 12 1 7 1 10 12 1 10 12 1 10 12 1 10 12 1 1 10 12 1 1 8 1 10 12 1 1 10 12 1 8 1 9 12 1 8 1 10 12 1 10 7 12 1 1 1 7 1 10 12 1 10 12 1 1 10 7 12 1 1 1 100 1 8 1 10 10 12 1 8 1 10 12 1 1 10 12 1 10 12 1 10 12 1 10 12 1 10 12 1 10 12 1 8 1 10 12 1 8 1 10 10 100 1 10 10 12 1 8 1 10 7 12 1 1 1 10 12 1 9 100 12 1 1 1 10 7 12 1 1 1 9 12 1 1 10 12 1 10 100 12 1 1 1 100 1 100 1 10 12 1 10 12 1 10 12 1 10 12 1 10 12 1 10 12 10 10 12 1 10 12 1 10 12 1 1 8 1 9 100 12 1 1 1 10 100 12 1 1 1 10 12 1 1 9 100 12 1 1 1 10 12 1 1 100 1 10 12 1 10 12 1 10 10 12 1 1 10 12 1 1 10 12 1 10 12 1 10 12 1 10 7 12 1 1 1 10 12 1 1 10 12 1 9 12 1 1 9 12 1 1 7 1 8 1 10 10 12 1 9 12 1 1 10 7 12 1 1 8 1 10 7 12 1 1 8 1 10 12 1 1 10 12 1 8 1 8 1 10 7 12 1 1 1 7 1 10 7 12 1 1 1 10 12 1 10 12 1 7 1 10 9 7 12 1 1 1 10 7 12 1 1 10 12 1 1 10 12 1 8 1 7 1 10 10 7 12 1 1 1 10 12 1 8 9 100 12 1 1 1 10 12 1 1 10 12 1 10 12 1 1 10 7 12 1 1 11 7 12 1 1 10 12 1 10 12 1 9 12 1 10 12 1 1 10 100 12 1 1 10 100 12 1 1 1 8 10 100 12 1 1 100 1 10 8 8 10 12 1 8 8 8 100 1 10 12 1 9 12 1 1 10 12 1 10 12 1 1 10 12 1 10 12 10 12 1 1 10 12 1 1 10 10 10 12 1 10 12 1 10 12 1 10 12 1 10 12 1 10 10 12 1 100 1 8 1 10 10 10 12 1 1 10 12 1 10 12 1 1 8 1 7 1 10 10 7 1 10 12 1 9 7 12 1 1 1 9 12 1 1 7 1 10 10 7 12 1 1 1 7 1 1 1 1 1 5 0 1 1 1 1 1 1 1 1 1 1 1 1 1 1 1 1 1 1 1 1 1 1 1 1 1 1 1 1 1 1 1 1 1 1 1 1 1 1 1 1 1 1 1 1 1 1 1 1 7 1 1 1 1 1 1 1 1 1 1 1 1 1 1 1 1 1 1 1 1 1 1 1 1 1 1 1 1 1 1 1 1 1 1 1 1 1 100 1 1 1 1 1 1 1 1 1 1 1 1 1 1 1 1 1 100 1 1 1 1 1 1 1 1 1 1 1 1 1 1 1 1 1 1 1
staticfield java/net/URL defaultFactory Ljava/net/URLStreamHandlerFactory; java/net/URL$DefaultFactory
staticfield java/net/URL streamHandlerLock Ljava/lang/Object; java/lang/Object
staticfield java/net/URL serialPersistentFields [Ljava/io/ObjectStreamField; 7 [Ljava/io/ObjectStreamField;
ciMethod java/lang/System arraycopy (Ljava/lang/Object;ILjava/lang/Object;II)V 256 0 128 0 -1
ciInstanceKlass java/lang/Module 1 1 1070 10 7 12 1 1 1 9 7 12 1 1 1 10 7 12 1 1 1 9 12 1 9 12 1 1 9 12 1 1 10 12 1 1 10 12 1 10 12 1 1 10 7 12 1 1 1 7 1 10 7 12 1 1 1 10 12 1 1 11 7 12 1 1 1 10 12 1 1 10 7 12 1 1 1 10 12 1 1 10 7 12 1 1 1 9 100 12 1 1 1 10 7 12 1 1 1 10 12 1 8 1 10 7 12 1 1 1 10 7 12 1 1 1 10 7 12 1 1 1 10 12 1 10 12 1 9 12 1 1 10 100 12 1 1 100 1 7 1 10 8 1 10 12 1 1 10 12 1 10 12 10 12 1 10 7 12 1 1 8 1 8 1 10 8 1 8 1 9 12 1 1 8 1 10 100 12 1 1 1 10 12 1 9 12 1 1 11 12 1 9 7 12 1 1 10 7 12 1 1 1 10 7 12 1 1 1 10 12 1 1 8 1 10 12 1 1 10 12 1 10 12 1 1 9 7 12 1 1 1 10 12 1 1 10 12 1 1 9 12 1 10 12 1 10 12 1 9 12 1 1 11 7 12 1 1 10 12 1 1 9 12 1 9 12 1 10 12 1 10 12 1 100 1 8 1 10 10 12 1 1 10 12 1 8 1 10 12 1 1 8 1 8 1 10 12 1 1 10 12 1 10 12 1 1 18 12 1 1 10 12 1 1 11 12 1 9 12 1 11 12 10 100 12 1 1 100 1 8 1 10 11 12 1 1 10 7 12 1 1 1 10 12 1 10 12 1 1 11 12 1 1 11 7 12 1 1 11 12 1 1 9 12 1 11 12 1 10 12 1 1 10 12 1 1 9 12 1 10 12 10 7 12 1 1 10 7 1 18 12 1 1 11 100 12 1 1 1 18 12 1 11 12 1 1 10 100 12 1 1 1 11 12 1 1 10 7 12 1 1 7 1 11 12 1 7 1 7 1 10 12 1 10 7 12 1 1 1 10 11 7 12 1 8 1 10 10 12 1 1 10 7 12 1 1 10 12 1 10 12 1 7 1 10 12 1 10 11 12 1 1 10 12 10 12 1 1 9 12 1 1 100 1 10 10 12 1 1 11 7 1 10 12 1 1 11 12 1 10 10 12 1 11 10 12 1 1 10 12 1 1 10 12 1 1 10 7 12 1 1 10 12 1 10 12 1 1 10 10 12 1 1 10 12 1 18 12 1 11 12 1 18 12 1 10 12 1 10 12 1 10 12 7 1 10 12 1 10 12 1 10 12 1 9 12 1 7 1 10 10 10 10 12 1 10 12 1 10 12 1 10 12 1 1 10 12 1 1 10 12 1 9 12 1 18 12 1 1 10 7 12 1 1 1 100 1 8 1 10 12 1 1 10 12 1 1 10 7 12 1 1 7 1 10 12 1 1 7 1 8 1 10 12 1 1 100 1 11 12 1 1 10 100 12 1 1 1 18 12 1 1 11 100 12 1 1 1 100 1 10 12 1 10 12 1 1 7 1 7 1 10 12 8 1 10 12 1 1 10 12 1 1 10 7 12 1 1 10 12 1 1 10 12 1 10 12 10 12 1 1 7 1 10 10 12 1 1 10 7 12 1 1 1 100 1 10 12 1 1 10 7 12 1 1 8 1 18 12 1 1 100 1 100 1 9 12 1 1 9 12 1 9 12 1 11 100 12 1 1 1 100 1 11 12 1 1 100 1 10 12 1 8 1 10 12 1 10 12 10 12 1 8 1 10 10 100 12 1 1 7 1 10 10 12 1 10 7 12 1 1 9 12 1 9 12 1 9 12 1 9 12 1 10 12 11 12 1 10 12 1 7 1 1 1 1 1 1 1 1 1 1 1 1 1 1 1 1 1 1 1 100 1 1 1 1 1 1 1 1 1 1 1 1 1 1 1 1 1 1 1 1 1 1 1 1 1 1 1 1 1 1 1 1 1 1 1 1 1 1 1 1 1 1 1 1 1 1 1 1 1 1 1 1 1 1 1 1 1 1 1 1 1 1 1 1 1 1 1 1 1 1 1 1 1 1 1 1 1 1 1 1 1 1 1 1 1 1 1 1 1 1 1 1 1 1 1 100 100 1 1 1 1 1 1 1 1 1 1 1 1 1 1 1 1 1 1 1 1 1 1 1 1 1 1 1 100 1 7 1 1 1 1 1 1 1 1 1 1 1 1 1 1 1 1 1 1 1 1 100 1 1 1 1 1 1 1 1 1 1 1 1 1 1 1 1 1 1 1 1 1 1 1 16 15 10 12 16 16 15 10 12 16 16 15 10 16 1 15 10 12 16 1 15 10 12 16 1 16 15 10 12 16 16 1 15 10 12 16 15 10 7 12 1 1 1 15 10 100 12 1 1 1 1 1 1 1 1 1 1 1 100 1 100 1 1 100 1 100 1 1
staticfield java/lang/Module ALL_UNNAMED_MODULE Ljava/lang/Module; java/lang/Module
staticfield java/lang/Module ALL_UNNAMED_MODULE_SET Ljava/util/Set; java/util/ImmutableCollections$Set12
staticfield java/lang/Module EVERYONE_MODULE Ljava/lang/Module; java/lang/Module
staticfield java/lang/Module EVERYONE_SET Ljava/util/Set; java/util/ImmutableCollections$Set12
staticfield java/lang/Module $assertionsDisabled Z 1
ciInstanceKlass java/lang/Character 1 1 604 7 1 7 1 100 1 9 12 1 1 8 1 9 12 1 1 7 1 9 12 1 1 10 7 12 1 1 1 10 100 12 1 1 1 10 100 12 1 1 1 10 7 12 1 1 1 9 7 12 1 1 1 10 12 1 10 12 1 1 10 12 1 1 10 7 12 1 1 10 12 1 1 3 3 3 3 3 10 12 1 1 10 12 1 3 11 7 12 1 1 1 11 12 1 1 10 12 1 1 10 12 1 1 100 1 10 10 12 1 3 10 12 1 1 10 12 1 10 12 1 1 100 1 8 1 10 12 1 1 10 12 1 10 12 1 10 12 1 10 100 12 1 1 1 10 12 1 10 12 1 10 12 1 1 10 12 1 10 7 12 1 1 10 10 12 1 10 10 12 1 10 12 1 1 10 12 1 10 10 12 1 10 12 1 10 12 1 10 12 1 10 12 1 10 12 1 10 12 1 10 12 10 10 12 10 10 12 1 10 10 12 1 10 10 12 1 10 10 12 1 10 12 1 10 12 1 10 12 1 10 12 1 10 12 1 10 12 1 10 10 12 1 10 10 12 1 10 10 12 1 1 10 10 12 1 10 5 0 10 12 1 10 12 1 10 10 12 1 10 10 12 1 1 10 10 12 1 10 10 12 1 9 12 1 1 100 1 10 10 12 1 10 12 1 1 3 10 100 12 1 1 1 10 12 1 10 100 12 1 1 7 1 10 10 12 1 1 10 12 1 1 10 12 1 1 8 1 10 12 1 9 100 12 1 1 1 10 12 1 10 10 12 1 10 12 1 1 10 12 1 10 10 12 1 1 10 10 12 1 1 7 1 8 1 10 12 1 1 10 7 12 1 1 1 8 1 10 12 1 1 9 12 1 1 7 1 7 1 7 1 1 1 1 3 1 3 1 3 1 3 1 1 1 1 1 3 1 1 3 1 3 1 3 1 3 1 3 1 3 1 3 1 3 1 3 1 3 1 3 1 3 1 3 1 3 1 3 1 3 1 3 1 3 1 3 1 3 1 3 1 3 1 3 1 3 1 3 1 3 1 3 1 3 1 1 1 1 1 1 1 1 1 1 1 1 1 1 1 1 1 1 1 3 1 1 1 1 1 1 1 3 1 1 3 1 1 1 1 1 3 1 1 5 0 1 1 1 1 1 1 1 1 1 1 1 1 1 1 1 1 1 1 1 1 1 1 1 1 1 1 1 1 1 1 1 1 1 1 1 1 1 1 1 1 1 1 1 1 1 1 1 1 1 1 1 1 1 1 1 1 1 1 1 1 1 1 1 1 1 1 1 1 1 1 1 1 1 1 1 1 1 1 1 1 1 1 1 1 1 1 1 1 1 1 100 1 100 1 1 1 1 1 1
staticfield java/lang/Character TYPE Ljava/lang/Class; java/lang/Class
staticfield java/lang/Character $assertionsDisabled Z 1
ciInstanceKlass java/util/Arrays 1 1 1029 10 7 12 1 1 1 10 7 12 1 1 1 10 7 12 1 1 1 10 12 1 10 12 1 10 12 1 10 12 1 10 12 1 10 12 1 10 100 12 1 1 1 100 1 7 1 10 8 1 10 12 1 1 10 12 1 8 1 8 1 10 12 1 1 10 12 1 100 1 10 12 1 9 100 12 1 1 1 10 7 12 1 1 100 1 10 12 1 1 10 7 12 1 1 10 7 12 1 1 1 100 1 10 12 1 10 12 1 1 7 1 9 7 12 1 1 1 10 12 1 1 10 7 12 1 1 10 12 1 10 12 1 1 10 12 1 10 12 1 1 7 1 11 12 1 1 10 12 1 10 7 12 1 1 1 10 12 10 12 1 10 12 1 10 12 10 12 1 11 7 12 1 1 1 10 7 12 1 1 1 100 1 10 12 1 10 100 1 10 12 1 10 100 1 10 12 1 10 100 1 10 12 1 10 10 12 1 1 10 12 1 10 12 1 10 12 1 10 12 1 10 12 1 10 7 12 1 1 1 10 12 1 10 7 12 1 1 1 10 12 1 10 12 1 10 7 12 1 1 1 10 12 1 10 12 1 10 12 1 10 12 1 10 12 1 10 12 1 10 12 1 10 12 1 10 12 1 10 12 1 10 12 1 10 12 1 10 12 1 10 12 1 10 12 1 10 12 1 1 10 12 1 1 10 7 12 1 1 1 10 7 1 10 100 1 10 7 1 10 100 1 10 7 1 10 100 1 10 100 1 10 100 1 10 12 1 8 1 10 12 1 1 10 12 1 1 10 12 1 1 10 12 1 1 10 12 1 1 10 12 1 1 10 12 1 1 10 12 1 1 10 12 1 1 7 1 10 12 10 12 1 1 10 12 1 10 12 1 1 10 12 1 1 9 7 12 1 1 1 10 12 1 9 7 1 10 12 1 9 7 1 10 12 1 9 7 1 10 12 1 9 7 1 10 12 1 9 7 1 10 12 1 9 10 12 1 10 12 1 10 12 1 9 12 1 100 1 10 10 12 1 1 10 12 1 10 12 1 10 12 1 10 12 1 10 12 1 10 12 1 10 12 1 10 12 1 10 12 1 8 1 8 1 10 12 1 10 12 1 8 1 10 12 1 10 12 1 10 12 1 10 7 12 1 1 1 3 10 7 1 10 10 12 1 1 11 100 12 1 1 10 12 1 1 10 12 1 10 12 1 10 12 1 10 12 1 10 12 1 10 12 1 10 12 1 10 12 1 11 12 1 8 1 10 11 12 1 11 100 12 1 1 1 11 100 12 1 1 1 11 12 1 1 18 12 1 1 11 12 1 1 11 100 12 1 1 1 18 12 1 11 100 12 1 1 1 18 12 1 11 100 12 1 1 1 18 12 1 100 1 10 7 12 1 1 1 10 12 1 10 12 1 10 12 1 10 12 1 10 12 1 10 12 1 10 12 1 10 12 1 1 10 12 1 10 7 12 1 1 10 12 1 10 12 1 10 12 1 1 10 12 1 10 12 1 10 12 1 1 10 12 1 10 12 1 10 12 1 1 10 12 1 10 12 1 10 12 1 10 12 1 10 12 10 12 1 10 12 10 12 10 12 1 10 12 10 12 1 10 12 1 10 12 1 1 1 1 3 1 3 1 1 1 1 1 1 1 1 1 1 1 1 1 1 1 1 1 1 1 1 1 1 1 1 1 1 1 1 1 1 1 1 1 1 1 1 1 1 1 1 1 1 1 1 1 1 1 1 1 1 1 1 1 1 1 1 1 1 1 1 1 1 1 1 1 1 1 1 1 1 1 1 1 1 1 1 1 1 1 1 1 1 1 1 1 1 1 1 1 1 1 1 1 1 1 1 1 1 1 1 1 1 1 1 1 1 1 1 1 1 1 1 1 1 1 1 1 1 1 1 1 1 1 1 1 1 1 1 1 1 1 1 1 1 1 1 1 1 1 1 1 1 1 1 1 1 1 1 1 1 1 1 1 1 1 1 1 1 1 1 1 1 1 1 1 1 1 1 1 1 1 1 1 1 1 1 1 1 1 1 1 1 1 1 1 1 1 1 1 1 1 1 1 1 1 1 1 1 1 1 1 1 1 1 1 1 1 1 1 1 1 1 1 1 1 1 1 1 1 1 1 1 1 1 1 1 1 1 1 1 1 1 1 1 1 1 1 1 1 1 1 1 1 1 1 1 1 1 1 1 1 1 1 1 100 1 1 16 15 10 12 15 10 12 15 10 12 15 10 12 15 10 100 12 1 1 1 1 1 100 1 100 1 1 1 1 100 1 1 1 1 1 1 100 1 1 100 1 1 100 1 1 1 100 1 100 1 1
staticfield java/util/Arrays $assertionsDisabled Z 1
ciInstanceKlass java/lang/OutOfMemoryError 1 1 26 10 100 12 1 1 1 10 12 1 100 1 1 1 1 5 0 1 1 1 1 1 1 1 1 1
ciInstanceKlass java/lang/Integer 1 1 453 7 1 7 1 7 1 7 1 10 12 1 1 9 12 1 1 9 12 1 1 10 100 12 1 1 1 10 12 1 1 10 100 12 1 1 1 10 10 12 1 1 10 7 12 1 1 1 10 12 1 10 12 1 1 10 7 12 1 1 1 10 12 1 1 10 12 1 1 10 12 1 10 12 1 10 12 1 1 10 10 12 1 9 12 1 1 9 12 1 100 1 8 1 10 12 1 7 1 10 12 1 8 1 10 12 1 1 10 12 1 8 1 10 12 1 8 1 10 12 1 1 3 10 12 1 1 3 10 12 1 1 10 12 1 1 10 7 12 1 1 1 11 7 1 10 12 1 1 11 10 12 1 1 8 1 10 12 1 1 8 1 7 1 10 12 1 1 10 12 1 1 5 0 8 1 10 12 1 10 12 1 10 12 1 10 12 1 1 7 1 9 12 1 1 9 12 1 1 10 12 1 10 7 1 9 12 1 10 12 1 10 12 1 10 12 1 1 10 7 12 1 1 1 100 1 100 1 10 12 1 1 10 12 1 1 8 1 8 1 10 12 1 1 8 1 8 1 8 1 8 1 8 1 8 1 10 12 1 10 12 1 5 0 3 3 3 3 10 12 1 10 12 1 3 10 12 1 10 100 12 1 1 1 10 12 1 1 10 12 1 1 8 1 10 7 12 1 1 1 9 12 1 1 7 1 7 1 7 1 1 1 1 3 1 1 1 3 1 3 1 1 5 0 1 1 1 1 1 1 1 1 1 100 1 1 1 1 1 1 1 1 1 1 1 1 1 1 1 1 1 1 1 1 1 1 1 1 1 1 1 1 1 1 1 1 1 1 1 1 1 1 1 1 3 1 1 1 1 1 1 1 1 1 1 1 1 1 1 1 1 7 1 1 1 1 1 1 1 1 1 1 1 1 1 1 1 1 1 1 1 1 1 1 1 1 1 1 1 1 1 1 1 1 1 1 1 1 1 1 1 1 1 1 1 1 1 1 7 1 1 1 1 1 1 1 1 1 100 1 100 1 1
staticfield java/lang/Integer TYPE Ljava/lang/Class; java/lang/Class
staticfield java/lang/Integer digits [C 36
staticfield java/lang/Integer DigitTens [B 100
staticfield java/lang/Integer DigitOnes [B 100
instanceKlass java/math/BigDecimal
instanceKlass com/google/gson/internal/LazilyParsedNumber
instanceKlass com/sun/jna/IntegerType
instanceKlass java/util/concurrent/atomic/Striped64
instanceKlass java/math/BigInteger
instanceKlass java/util/concurrent/atomic/AtomicLong
instanceKlass java/util/concurrent/atomic/AtomicInteger
instanceKlass java/lang/Long
instanceKlass java/lang/Integer
instanceKlass java/lang/Short
instanceKlass java/lang/Byte
instanceKlass java/lang/Double
instanceKlass java/lang/Float
ciInstanceKlass java/lang/Number 1 1 37 10 7 12 1 1 1 10 100 12 1 1 1 100 1 1 1 1 5 0 1 1 1 1 1 1 1 1 1 1 1 1 1 1 1 1 1
ciMethod java/lang/Integer intValue ()I 258 0 129 0 -1
ciInstanceKlass java/lang/Thread$FieldHolder 1 1 48 10 7 12 1 1 1 9 7 12 1 1 1 9 12 1 1 9 12 1 1 9 12 1 1 9 12 1 1 1 1 1 1 1 1 1 1 100 1 100 1 1 1 1 100 1 1 1
ciInstanceKlass java/lang/Thread$Constants 0 0 59 7 1 10 7 12 1 1 1 100 1 10 10 7 12 1 1 1 7 1 8 1 10 12 1 9 7 12 1 1 1 7 1 7 1 10 12 1 10 12 1 9 12 1 1 1 1 1 1 1 1 1 1 1 1 1 1 1 1
ciInstanceKlass java/lang/ThreadGroup 1 1 411 10 7 12 1 1 1 9 7 12 1 1 1 8 1 9 12 1 1 7 1 9 12 1 1 9 12 1 1 10 7 12 1 1 1 10 12 1 1 10 12 1 10 12 1 10 12 1 10 12 1 1 10 12 1 1 10 12 1 10 12 1 1 10 12 1 10 12 1 10 100 12 1 1 1 10 12 1 1 18 12 1 1 11 7 12 1 1 1 10 7 12 1 1 1 10 7 12 1 10 12 1 1 10 12 1 1 10 12 1 1 10 100 12 1 1 1 10 12 1 11 12 1 1 11 7 12 1 1 11 12 1 1 10 12 1 1 10 12 1 10 12 1 11 12 1 11 12 1 1 100 1 10 10 12 1 100 1 10 18 12 1 1 11 7 12 1 1 1 11 12 1 1 9 12 1 1 10 12 1 1 8 1 10 7 12 1 1 1 10 100 12 1 1 1 10 12 1 1 11 12 10 12 1 1 10 12 1 1 11 7 1 9 12 1 7 1 10 8 1 10 12 1 1 10 12 1 1 8 1 10 12 1 10 7 12 1 1 1 10 12 1 1 10 7 1 8 1 10 8 1 10 12 1 10 12 1 8 1 9 12 1 1 9 12 1 10 100 12 1 1 1 100 9 12 1 1 7 1 9 12 1 10 12 10 12 1 1 100 10 12 9 12 1 10 12 1 100 1 10 11 12 1 1 7 1 10 10 12 1 10 12 1 1 1 1 1 1 1 1 1 1 1 1 1 1 1 1 1 1 3 1 1 1 1 1 1 1 1 1 1 1 1 100 1 1 1 1 1 1 1 1 1 1 1 1 1 1 1 1 1 1 1 1 1 1 1 1 1 1 1 1 1 1 1 1 1 1 1 1 1 1 1 1 1 1 1 16 15 10 12 16 16 15 10 12 16 15 10 100 12 1 1 1 1 1 100 1 100 1 1
staticfield java/lang/ThreadGroup $assertionsDisabled Z 1
ciInstanceKlass java/lang/Thread$UncaughtExceptionHandler 1 0 16 100 1 100 1 1 1 1 1 1 1 1 100 1 1 1
ciInstanceKlass java/security/AccessControlContext 1 1 374 9 7 12 1 1 1 9 12 1 1 10 100 12 1 1 1 8 1 10 100 12 1 1 1 10 7 12 1 1 1 9 12 1 9 12 1 1 9 12 1 1 10 7 12 1 1 7 1 10 12 1 11 7 12 1 1 1 11 12 1 11 12 1 11 12 1 1 7 1 11 12 1 1 10 12 1 10 7 12 1 1 1 9 100 12 1 1 1 10 7 12 1 1 1 11 100 12 1 1 1 10 7 1 100 1 8 1 10 12 1 10 12 1 1 7 1 10 7 12 1 1 1 9 12 1 9 12 1 9 12 1 9 12 1 1 9 12 1 1 9 12 1 9 12 1 10 7 12 1 1 1 9 12 1 10 12 1 1 10 12 1 1 8 1 10 12 1 1 10 12 1 1 10 7 12 1 1 1 7 1 10 10 12 1 1 10 7 12 1 1 1 10 8 1 10 7 12 1 1 8 1 10 7 12 1 1 8 1 8 1 10 12 1 8 1 10 12 1 8 1 10 12 1 10 12 1 10 12 1 1 8 1 8 1 100 1 10 12 1 10 12 1 1 100 1 10 12 1 8 1 10 12 1 10 12 1 10 8 1 10 12 1 1 10 12 1 1 10 12 1 1 10 12 1 1 10 12 1 10 12 1 11 10 12 1 10 12 1 1 10 10 10 12 1 1 1 1 1 1 1 1 1 1 1 1 1 1 1 1 1 1 1 1 1 1 1 1 100 1 1 1 1 1 1 1 1 1 1 1 1 1 1 1 1 1 1 1 1 1 1 1 1 1 1 1 1 1 1 1 1 1 1 1 1 1 1 1 1 1 1 1 1 1 1 1 1 1 1 1 1 3 1 1
instanceKlass java/lang/ThreadBuilders$BoundVirtualThread
instanceKlass java/lang/VirtualThread
ciInstanceKlass java/lang/BaseVirtualThread 0 0 36 10 100 12 1 1 1 100 1 1 1 1 1 1 1 1 1 1 1 1 1 1 1 1 1 1 1 1 100 1 100 1 1 100 1 1
ciInstanceKlass java/lang/VirtualThread 0 0 907 9 7 12 1 1 1 10 7 12 1 1 1 10 100 12 1 1 1 10 7 12 1 1 1 9 12 1 1 9 12 1 1 100 1 10 12 1 9 12 1 1 18 12 1 1 9 12 1 1 10 12 1 1 100 1 10 12 1 10 12 1 1 10 12 1 1 10 12 1 1 10 12 1 10 7 12 1 10 12 1 10 12 1 10 12 1 10 12 1 11 100 12 1 1 1 100 1 10 12 1 1 10 100 12 1 1 1 10 100 12 1 1 1 10 12 1 100 1 10 10 12 1 10 12 1 1 9 12 1 1 10 12 1 1 9 12 1 1 10 12 1 9 12 1 1 9 12 1 100 1 10 10 12 1 10 100 12 1 1 10 9 10 10 12 1 1 10 12 1 1 10 100 12 1 1 10 100 1 10 9 10 10 12 1 7 1 10 12 1 1 10 12 1 10 12 1 10 12 1 1 9 12 1 10 12 1 10 12 1 9 12 1 1 10 12 1 10 12 1 9 12 1 1 10 12 1 10 12 1 10 12 1 11 100 12 1 1 10 12 1 1 10 12 1 1 10 12 1 1 9 12 1 10 100 1 10 12 1 1 10 12 1 1 10 12 1 10 12 1 10 12 1 10 12 9 12 1 1 10 100 12 1 1 10 12 1 10 12 1 1 10 100 12 1 1 10 12 1 100 1 8 1 10 12 1 10 12 1 1 10 12 1 10 12 1 10 100 12 1 1 10 12 1 10 12 1 1 10 12 1 10 12 1 1 10 7 12 1 1 10 12 1 1 10 12 1 1 100 1 10 10 12 1 7 1 9 12 1 1 10 7 12 1 1 10 9 12 1 1 18 9 100 12 1 1 1 11 100 12 1 1 1 11 100 1 11 12 10 12 1 10 12 1 1 10 12 1 100 1 10 10 12 1 10 12 1 1 10 12 1 1 10 12 1 10 12 1 10 12 1 9 12 1 1 11 100 12 1 1 10 12 9 100 12 1 1 1 9 12 1 10 12 1 1 9 12 1 9 12 1 9 12 1 7 1 10 10 12 1 1 10 12 1 10 12 7 1 7 1 10 8 1 10 12 1 1 10 12 1 10 12 1 10 10 12 1 8 1 10 10 12 1 10 12 1 10 7 12 1 1 8 1 8 1 10 9 100 12 1 1 1 10 12 1 1 10 12 1 10 10 10 12 9 12 1 10 12 1 1 9 12 1 10 12 1 1 9 12 1 10 12 1 1 18 12 1 1 18 12 1 10 7 12 1 1 1 8 1 10 100 12 1 1 1 10 7 12 1 1 1 18 12 1 10 100 12 1 1 1 100 1 10 12 1 8 1 10 12 1 8 1 10 12 1 1 8 1 8 1 10 100 12 1 1 8 1 10 12 1 8 1 8 1 10 100 12 1 1 1 10 12 1 10 12 1 1 10 12 1 18 12 1 1 18 12 1 1 5 0 9 12 1 10 12 1 18 12 1 100 1 10 12 10 7 12 1 1 10 12 1 1 7 1 8 1 10 10 12 1 10 12 1 1 10 12 1 9 12 1 8 10 12 1 1 8 8 9 12 1 8 10 12 1 1 3 1 3 1 3 1 3 1 3 1 3 1 3 1 3 1 3 1 3 1 3 1 3 3 1 3 1 1 1 1 1 1 1 1 1 1 1 1 1 1 7 1 1 1 1 1 1 1 1 1 1 1 1 1 1 7 1 1 1 1 1 1 1 1 1 1 1 7 1 1 1 1 1 1 1 1 1 1 1 1 1 1 1 1 1 1 1 1 1 1 1 1 1 1 1 1 1 1 1 1 1 1 1 1 1 1 1 100 1 1 1 1 1 1 1 1 1 1 1 1 1 1 1 1 1 1 1 1 1 1 1 1 1 1 1 1 1 1 1 1 1 1 1 100 1 1 1 1 1 1 1 1 1 1 1 1 1 1 100 1 1 16 15 10 12 15 16 15 10 12 16 15 10 12 16 16 15 10 12 16 15 10 12 16 15 10 12 16 15 10 12 16 1 15 10 100 12 1 1 1 1 1 1 1 7 1 1 100 1 100 1 1
ciInstanceKlass java/lang/ThreadBuilders$BoundVirtualThread 0 0 132 10 7 12 1 1 1 9 7 12 1 1 1 10 7 12 1 1 1 9 12 1 1 10 12 1 1 10 12 1 1 9 12 1 1 10 7 12 1 1 1 10 12 1 1 7 1 8 1 10 12 1 10 12 1 1 10 12 1 1 10 12 1 1 10 7 12 1 1 1 8 1 10 12 1 8 1 10 12 1 1 10 100 12 1 1 9 100 12 1 1 1 10 12 1 1 10 10 12 1 1 1 1 1 1 1 1 1 1 1 1 1 1 1 1 1 1 1 1 1 1 1 1 1 1 1 1 100 1 1 1 1
ciInstanceKlass jdk/internal/vm/ContinuationScope 0 0 50 10 100 12 1 1 1 10 100 12 1 1 1 100 1 9 100 12 1 1 1 10 12 1 1 10 100 12 1 1 1 10 12 1 1 10 12 1 1 1 1 1 1 1 1 1 1 1 1 1
ciInstanceKlass jdk/internal/vm/StackChunk 0 0 32 10 100 12 1 1 1 9 100 12 1 1 1 9 12 1 1 9 12 1 1 1 1 1 1 1 1 1 1 1 1 1
ciInstanceKlass java/lang/Float 1 1 279 7 1 7 1 10 100 12 1 1 1 10 100 12 1 1 1 4 7 1 10 12 1 1 10 12 1 1 8 1 8 1 10 7 12 1 1 1 10 12 1 1 10 12 1 1 10 7 1 4 10 7 12 1 1 9 12 1 1 10 12 1 1 10 12 1 10 10 12 1 1 10 12 1 10 12 1 3 3 100 1 4 4 4 3 10 12 1 1 9 12 1 1 100 1 10 3 3 4 4 10 12 1 3 3 3 10 12 1 1 10 12 1 1 10 12 1 10 100 12 1 1 1 10 12 1 1 10 12 1 1 10 7 12 1 1 1 8 1 10 12 1 1 9 12 1 1 7 1 7 1 7 1 1 1 1 4 1 4 1 1 1 4 1 1 3 1 3 1 3 1 3 1 3 1 1 1 1 5 0 1 1 1 1 1 1 1 1 1 1 100 1 1 1 1 1 1 1 1 1 1 1 1 1 3 1 1 1 1 1 1 1 1 1 1 1 1 1 1 1 1 1 1 1 1 1 1 1 1 1 1 1 1 1 1 1 1 1 1 1 1 1 1 1 1 1 1 1 1 1 1 1 1 1 1 1 1 1 1 1 1 1 1 1 1 1 7 1 1 1 1 1 1 1 100 1 100 1 1
staticfield java/lang/Float TYPE Ljava/lang/Class; java/lang/Class
staticfield java/lang/Float $assertionsDisabled Z 1
ciInstanceKlass java/lang/Double 1 1 290 7 1 7 1 10 100 12 1 1 1 10 12 1 1 10 7 1 10 12 1 1 10 7 12 1 1 1 6 0 8 1 10 12 1 1 8 1 10 12 1 1 8 1 6 0 10 12 1 1 100 1 5 0 5 0 8 1 8 1 10 7 12 1 1 1 10 7 12 1 1 1 8 1 10 12 1 1 8 1 8 1 8 1 10 12 1 1 10 12 1 10 12 1 1 10 12 1 10 12 1 10 12 1 1 10 12 1 10 7 1 6 0 10 7 12 1 1 9 12 1 1 10 12 1 10 12 1 10 12 1 10 12 1 10 12 1 5 0 10 12 1 1 10 12 1 10 12 1 10 100 12 1 1 1 10 12 1 1 10 12 1 1 8 1 10 7 12 1 1 1 9 12 1 1 7 1 7 1 7 1 1 1 6 0 1 6 0 1 6 0 1 1 1 6 0 1 1 3 1 3 1 3 1 3 1 3 1 1 1 1 5 0 1 1 1 1 1 1 1 1 1 1 1 1 1 1 1 1 100 1 1 1 1 1 1 1 1 1 1 1 1 3 1 1 1 1 1 1 1 1 1 1 1 1 1 1 1 1 1 1 1 1 1 1 1 1 1 1 1 1 1 1 1 1 1 1 7 1 1 1 1 1 1 1 100 1 100 1 1
staticfield java/lang/Double TYPE Ljava/lang/Class; java/lang/Class
ciInstanceKlass java/lang/Byte 1 1 213 7 1 100 1 10 7 12 1 1 1 9 12 1 1 8 1 9 12 1 1 7 1 10 12 1 1 10 12 1 1 10 100 12 1 1 1 10 100 12 1 1 1 9 7 12 1 1 1 10 12 1 1 100 1 7 1 10 12 1 1 8 1 10 12 1 1 8 1 10 12 1 10 12 1 10 12 1 10 12 1 1 10 12 1 10 12 1 10 12 1 1 10 8 1 8 1 10 7 1 9 12 1 1 10 12 1 1 10 12 1 1 10 12 1 1 10 12 1 5 0 10 12 1 1 8 1 10 7 12 1 1 1 9 12 1 1 7 1 7 1 1 1 3 1 3 1 1 1 1 3 1 3 1 1 5 0 1 1 1 1 1 1 1 1 1 1 1 1 1 1 1 1 1 1 1 1 1 1 1 1 1 1 1 1 1 1 1 1 1 1 1 1 1 1 1 1 1 1 1 1 1 1 1 1 1 1 1 1 1 1 1 1
staticfield java/lang/Byte TYPE Ljava/lang/Class; java/lang/Class
ciInstanceKlass java/lang/Short 1 1 222 7 1 7 1 100 1 10 7 12 1 1 1 10 12 1 1 100 1 7 1 10 12 1 1 8 1 10 12 1 1 8 1 10 12 1 10 12 1 10 12 1 10 12 1 1 10 12 1 1 10 12 1 9 12 1 1 8 1 9 12 1 1 7 1 10 12 1 1 10 12 1 10 100 12 1 1 1 10 100 12 1 1 1 9 7 12 1 1 1 10 12 1 10 12 1 1 10 8 1 8 1 10 7 1 9 12 1 1 10 12 1 1 10 12 1 1 10 12 1 1 10 12 1 3 3 5 0 10 12 1 1 8 1 10 7 12 1 1 1 9 12 1 1 7 1 7 1 1 1 3 1 3 1 1 1 1 3 1 3 1 1 5 0 1 1 1 1 1 1 1 1 1 1 1 1 1 1 1 1 1 1 1 1 1 1 1 1 1 1 1 3 1 1 1 1 1 1 1 1 1 1 1 1 1 1 1 1 1 1 1 1 1 1 1 1 1 1 1 1 1 1
staticfield java/lang/Short TYPE Ljava/lang/Class; java/lang/Class
ciInstanceKlass java/lang/Long 1 1 524 7 1 7 1 7 1 7 1 10 12 1 1 9 12 1 1 9 7 12 1 1 1 10 100 12 1 1 1 10 12 1 1 10 100 12 1 1 1 10 10 12 10 12 1 10 12 1 10 12 1 5 0 5 0 7 1 10 12 1 1 10 12 1 1 10 12 1 10 12 1 10 12 1 10 12 1 1 10 100 12 1 1 10 12 1 10 12 1 1 10 12 1 1 10 12 1 1 10 12 1 1 10 7 12 1 1 1 10 12 1 1 10 12 1 10 12 1 10 12 1 10 12 1 1 10 10 12 1 5 0 5 0 9 12 1 1 9 12 1 5 0 100 1 8 1 10 12 1 8 1 10 12 1 8 1 8 1 10 12 1 1 5 0 10 12 1 1 5 0 10 12 1 1 10 12 1 1 10 100 12 1 1 1 11 7 1 10 12 1 1 11 10 12 1 1 8 1 10 12 1 1 8 1 7 1 10 12 1 1 10 12 1 8 1 8 1 11 12 1 1 10 12 1 10 12 1 10 12 1 5 0 5 0 9 7 12 1 1 1 10 12 1 10 12 1 1 8 1 8 1 10 12 1 1 8 1 8 1 8 1 8 1 8 1 8 1 10 12 1 10 7 1 9 12 1 1 10 12 1 10 12 1 1 10 12 1 1 10 7 12 1 1 1 100 1 100 1 10 12 1 1 10 12 1 1 5 0 10 12 1 10 12 1 5 0 5 0 5 0 10 12 1 1 10 12 1 5 0 5 0 10 12 1 10 12 1 10 100 12 1 1 1 10 12 1 1 10 12 1 1 8 1 10 7 12 1 1 1 9 12 1 1 7 1 7 1 7 1 1 1 1 5 0 1 1 1 1 3 1 3 1 5 0 1 1 1 1 1 1 1 1 1 100 1 1 1 1 1 1 1 1 1 1 1 1 1 1 1 1 1 1 1 1 1 1 1 1 1 1 1 1 1 1 1 1 1 1 1 1 1 1 1 1 1 1 1 1 1 1 1 1 1 1 1 1 1 1 1 3 1 1 1 1 1 1 1 1 1 1 1 1 1 1 1 7 1 1 1 1 1 1 1 1 1 1 1 1 1 1 1 1 1 1 1 1 1 1 1 1 1 1 1 1 1 1 1 1 1 1 1 1 1 1 1 1 1 1 1 7 1 1 1 1 1 1 1 1 1 100 1 100 1 1
staticfield java/lang/Long TYPE Ljava/lang/Class; java/lang/Class
ciInstanceKlass jdk/internal/vm/vector/VectorSupport 0 0 573 100 1 10 100 12 1 1 1 9 12 1 1 10 12 1 1 100 1 10 12 1 11 100 12 1 1 1 11 100 12 1 1 1 11 100 12 1 1 11 100 12 1 1 11 100 12 1 1 1 11 100 12 1 1 11 100 12 1 1 11 100 12 1 1 11 100 12 1 1 11 100 12 1 1 11 100 12 1 1 11 100 12 1 1 1 11 100 12 1 1 11 100 12 1 1 1 11 100 12 1 1 1 11 100 12 1 1 11 100 12 1 1 1 11 100 12 1 1 100 1 10 12 1 1 11 100 12 1 1 11 100 12 1 1 11 100 12 1 1 11 100 12 1 1 11 100 12 1 1 11 100 12 1 1 9 12 1 1 10 100 12 1 1 11 100 12 1 1 10 12 1 1 10 100 12 1 1 1 10 12 1 10 12 1 1 10 12 1 1 1 1 1 3 1 3 1 3 1 3 1 3 1 3 1 3 1 3 1 3 1 3 1 3 1 3 1 3 1 3 1 3 1 3 1 3 1 3 1 3 1 3 1 3 1 3 1 3 1 3 1 3 1 3 1 3 1 3 1 3 1 3 1 3 1 3 1 3 1 3 1 3 1 3 1 3 1 3 1 3 1 3 1 3 1 3 1 3 1 3 1 3 1 3 1 3 1 3 1 3 1 3 1 3 1 3 1 3 1 1 1 1 1 1 1 1 1 1 1 1 1 1 1 1 1 1 1 1 1 1 1 1 1 1 1 1 1 1 1 1 1 1 1 1 1 1 1 1 1 1 1 1 1 1 1 1 1 1 1 1 1 1 1 1 1 1 1 1 1 1 1 1 1 1 1 1 1 1 1 1 1 1 1 1 1 1 1 1 1 1 1 1 1 1 1 1 1 1 1 1 1 1 1 1 1 1 1 1 1 1 1 1 1 1 1 1 1 1 1 1 1 1 1 1 1 1 1 1 1 1 1 1 1 1 1 1 1 1 1 1 1 1 1 1 1 1 1 1 1 1 1 1 1 1 1 1 1 1 1 1 1 1 1 1 1 1 1 1 1 1 1 1 1 1 1 1 1 1 1 1 1 1 1 1 1 1 1 1 1 1 1 1 1 1 1 1 1 1 1 1 1 1 1 1 1 1 1 1 1 1 1 1 1 1 1 1 1 1 1 1 1 1 1 1 1 1 1 1 1 1 1 1 1 1 1 1 1 1 1 1 1 1 1 100 1 100 1 100 1 100 1 100 1 1 1 1 1 1 1 1 1 1 1 1 1 1 1 1 1 1 1 1 1 1 1 1 1 1 1 1 1 1 1
instanceKlass jdk/internal/vm/vector/VectorSupport$VectorShuffle
instanceKlass jdk/internal/vm/vector/VectorSupport$VectorMask
instanceKlass jdk/internal/vm/vector/VectorSupport$Vector
ciInstanceKlass jdk/internal/vm/vector/VectorSupport$VectorPayload 0 0 32 10 100 12 1 1 1 9 100 12 1 1 1 10 100 12 1 1 1 1 1 1 1 1 1 1 1 1 1 1 1 1
ciInstanceKlass jdk/internal/vm/vector/VectorSupport$Vector 0 0 28 10 100 12 1 1 1 100 1 1 1 1 1 1 1 1 1 1 1 1 1 1 1 100 1 1 1 1
ciInstanceKlass jdk/internal/vm/vector/VectorSupport$VectorMask 0 0 28 10 100 12 1 1 1 100 1 1 1 1 1 1 1 1 1 1 1 1 1 1 1 100 1 1 1 1
ciInstanceKlass jdk/internal/vm/vector/VectorSupport$VectorShuffle 0 0 28 10 100 12 1 1 1 100 1 1 1 1 1 1 1 1 1 1 1 1 1 1 1 100 1 1 1 1
ciInstanceKlass jdk/internal/vm/FillerObject 0 0 16 10 100 12 1 1 1 100 1 1 1 1 1 1 1 1
instanceKlass java/lang/ref/PhantomReference
instanceKlass java/lang/ref/FinalReference
instanceKlass java/lang/ref/WeakReference
instanceKlass java/lang/ref/SoftReference
ciInstanceKlass java/lang/ref/Reference 1 1 190 9 7 12 1 1 1 9 7 12 1 1 10 12 1 1 10 12 1 1 9 12 1 1 10 12 1 1 9 12 1 1 9 12 1 1 7 1 10 12 1 10 7 12 1 1 10 12 1 10 12 1 1 10 12 1 7 1 8 1 10 12 1 1 7 1 10 12 1 1 10 12 1 1 10 12 1 9 12 1 10 12 1 1 10 12 1 10 12 1 9 12 1 7 1 100 1 10 12 9 12 1 9 12 1 100 1 10 10 12 1 10 10 7 12 1 1 7 1 10 10 7 12 1 1 1 1 1 1 1 1 1 1 1 1 1 1 1 1 1 1 1 7 1 1 1 100 1 1 1 1 1 1 1 1 1 1 1 1 1 1 1 1 1 1 1 1 1 1 1 1 1 1 1 1 1 1 1 1 1 1 1 7 1 7 1 7 1 1 1
staticfield java/lang/ref/Reference processPendingLock Ljava/lang/Object; java/lang/Object
staticfield java/lang/ref/Reference $assertionsDisabled Z 1
ciMethod java/lang/ref/Reference get ()Ljava/lang/Object; 0 0 1 0 -1
ciMethod java/lang/ref/Reference refersToImpl (Ljava/lang/Object;)Z 512 0 12552 0 96
ciMethod java/lang/ref/Reference refersTo0 (Ljava/lang/Object;)Z 256 0 128 0 -1
ciMethod java/lang/ref/Reference refersTo (Ljava/lang/Object;)Z 512 0 38431 0 0
instanceKlass java/util/ResourceBundle$BundleReference
instanceKlass sun/util/locale/provider/LocaleResources$ResourceReference
instanceKlass sun/util/resources/Bundles$BundleReference
instanceKlass org/eclipse/core/internal/registry/ReferenceMap$SoftRef
instanceKlass sun/security/util/MemoryCache$SoftCacheEntry
instanceKlass sun/util/locale/LocaleObjectCache$CacheEntry
instanceKlass java/lang/invoke/LambdaFormEditor$Transform
ciInstanceKlass java/lang/ref/SoftReference 1 1 47 10 7 12 1 1 1 9 7 12 1 1 1 9 12 1 10 12 1 10 12 1 1 1 1 1 1 1 1 1 1 1 1 1 1 1 1 1 1 1 1 100 1 1 1 1 1
ciMethod java/lang/ref/SoftReference get ()Ljava/lang/Object; 512 0 5570 0 128
ciMethod java/lang/ref/SoftReference <init> (Ljava/lang/Object;)V 508 0 2813 0 -1
instanceKlass org/eclipse/jdt/internal/core/util/WeakHashSetOfCharArray$HashableWeakReference
instanceKlass org/eclipse/jdt/internal/core/util/WeakHashSet$HashableWeakReference
instanceKlass java/util/ResourceBundle$KeyElementReference
instanceKlass com/sun/jna/CallbackReference
instanceKlass java/util/logging/LogManager$LoggerWeakRef
instanceKlass java/util/logging/Level$KnownLevel
instanceKlass org/eclipse/osgi/internal/container/KeyBasedLockStore$LockWeakRef
instanceKlass sun/nio/ch/FileLockTable$FileLockReference
instanceKlass java/lang/ClassValue$Entry
instanceKlass java/lang/ThreadLocal$ThreadLocalMap$Entry
instanceKlass java/lang/WeakPairMap$WeakRefPeer
instanceKlass jdk/internal/util/WeakReferenceKey
instanceKlass java/util/WeakHashMap$Entry
ciInstanceKlass java/lang/ref/WeakReference 1 1 31 10 7 12 1 1 1 10 12 1 100 1 1 1 1 1 1 1 1 1 1 1 1 1 1 1 1 1 1 1 1
instanceKlass java/lang/ref/Finalizer
ciInstanceKlass java/lang/ref/FinalReference 1 1 50 10 7 12 1 1 1 10 7 12 1 1 1 10 12 1 1 7 1 8 1 10 12 1 1 1 1 1 1 1 1 1 1 1 1 1 1 1 1 1 1 1 1 1 1 1 1 1 7 1
instanceKlass com/sun/jna/internal/Cleaner$CleanerRef
instanceKlass jdk/internal/ref/PhantomCleanable
instanceKlass jdk/internal/ref/Cleaner
ciInstanceKlass java/lang/ref/PhantomReference 1 1 39 10 100 12 1 1 1 10 7 12 1 1 1 1 1 1 1 1 1 1 1 1 1 1 1 1 1 1 1 1 1 1 1 1 1 1 1 1 1
ciInstanceKlass java/lang/ref/Finalizer 1 1 155 9 7 12 1 1 1 10 7 12 1 1 1 9 12 1 1 9 12 1 1 9 12 1 9 12 1 9 12 1 1 10 12 1 7 1 8 1 10 12 1 10 12 1 1 9 12 1 100 1 10 12 1 7 1 11 100 12 1 1 10 12 1 7 1 10 12 1 100 1 10 12 1 10 7 12 1 1 1 10 100 12 1 1 1 100 1 10 10 12 1 7 1 10 12 1 7 1 10 12 1 1 10 12 1 1 10 12 1 10 7 12 1 1 1 7 1 10 7 1 10 10 12 1 1 1 1 1 1 1 1 1 1 1 1 1 1 1 1 1 1 1 1 1 1 1 1 1 1 1 1 1 1 1 1
staticfield java/lang/ref/Finalizer lock Ljava/lang/Object; java/lang/Object
staticfield java/lang/ref/Finalizer ENABLED Z 1
staticfield java/lang/ref/Finalizer $assertionsDisabled Z 1
instanceKlass org/eclipse/jdt/internal/compiler/lookup/TypeConstants$DangerousMethod
instanceKlass org/eclipse/jdt/internal/compiler/ast/NullAnnotationMatching$Severity
instanceKlass org/eclipse/jdt/internal/compiler/lookup/TypeConstants$BoundCheckStatus
instanceKlass org/eclipse/jdt/internal/compiler/ast/Annotation$AnnotationTargetAllowed
instanceKlass org/eclipse/jdt/apt/core/internal/generatedfile/GeneratedFileMap$Flags
instanceKlass org/eclipse/lsp4j/DiagnosticSeverity
instanceKlass org/eclipse/jdt/internal/compiler/codegen/OperandStack$OperandCategory
instanceKlass lombok/eclipse/agent/PatchDelegate$DelegateReceiver
instanceKlass org/eclipse/jdt/internal/compiler/lookup/BinaryTypeBinding$ExternalAnnotationStatus
instanceKlass org/eclipse/jdt/internal/compiler/env/IModuleAwareNameEnvironment$LookupStrategy
instanceKlass org/eclipse/jdt/internal/compiler/lookup/Scope$MatchPhase
instanceKlass org/eclipse/jdt/internal/compiler/ast/ExpressionContext
instanceKlass lombok/core/AST$Kind
instanceKlass org/eclipse/jdt/internal/compiler/ast/TypeReference$AnnotationPosition
instanceKlass lombok/eclipse/TransformationState
instanceKlass lombok/core/configuration/CapitalizationStrategy
instanceKlass lombok/core/configuration/NullCheckExceptionType
instanceKlass lombok/core/configuration/CallSuperType
instanceKlass lombok/core/configuration/FlagUsageType
instanceKlass org/eclipse/jdt/internal/compiler/env/IUpdatableModule$UpdateKind
instanceKlass org/eclipse/jdt/internal/compiler/lookup/LookupEnvironment$CompleteTypeBindingsSteps
instanceKlass org/eclipse/jdt/internal/core/CompilationGroup
instanceKlass org/eclipse/jdt/internal/compiler/impl/JavaFeature
instanceKlass org/eclipse/jdt/internal/compiler/parser/Scanner$ScanContext
instanceKlass org/eclipse/osgi/container/Module$StopOptions
instanceKlass org/eclipse/jdt/internal/compiler/parser/TerminalToken
instanceKlass java/nio/file/FileVisitResult
instanceKlass java/nio/file/FileTreeWalker$EventType
instanceKlass java/nio/file/FileVisitOption
instanceKlass org/eclipse/jdt/ls/core/internal/semantictokens/TokenModifier
instanceKlass org/eclipse/jdt/ls/core/internal/semantictokens/TokenType
instanceKlass org/eclipse/lsp4j/TextDocumentSyncKind
instanceKlass com/google/common/base/CaseFormat
instanceKlass org/eclipse/lsp4j/DiagnosticTag
instanceKlass org/eclipse/lsp4j/PrepareSupportDefaultBehavior
instanceKlass org/eclipse/lsp4j/CodeActionTag
instanceKlass org/eclipse/lsp4j/CompletionItemKind
instanceKlass org/eclipse/lsp4j/CompletionItemTag
instanceKlass org/eclipse/lsp4j/InsertTextMode
instanceKlass org/eclipse/lsp4j/SymbolTag
instanceKlass org/eclipse/lsp4j/SymbolKind
instanceKlass com/google/gson/ReflectionAccessFilter$FilterResult
instanceKlass com/google/gson/stream/JsonToken
instanceKlass com/google/gson/Strictness
instanceKlass com/google/gson/LongSerializationPolicy
instanceKlass com/google/gson/ToNumberPolicy
instanceKlass com/google/gson/FieldNamingPolicy
instanceKlass org/eclipse/jdt/ls/core/internal/ServiceStatus
instanceKlass org/eclipse/jdt/ls/core/internal/DiagnosticsState$ErrorLevel
instanceKlass javax/xml/catalog/CatalogFeatures$State
instanceKlass com/sun/org/apache/xalan/internal/utils/XMLSecurityPropertyManager$Property
instanceKlass com/sun/org/apache/xalan/internal/utils/FeaturePropertyBase$State
instanceKlass jdk/xml/internal/JdkProperty$ImplPropMap
instanceKlass jdk/xml/internal/JdkXmlFeatures$XmlFeature
instanceKlass org/eclipse/jdt/ls/core/internal/preferences/CodeGenerationTemplate
instanceKlass org/eclipse/jdt/ls/core/internal/preferences/Preferences$SearchScope
instanceKlass org/eclipse/jdt/ls/core/internal/handlers/ProjectEncodingMode
instanceKlass org/eclipse/jdt/ls/core/internal/handlers/InlayHintsParameterMode
instanceKlass org/eclipse/jdt/ls/core/internal/handlers/CompletionGuessMethodArgumentsMode
instanceKlass org/eclipse/jdt/ls/core/internal/handlers/CompletionMatchCaseMode
instanceKlass org/eclipse/jdt/ls/core/internal/preferences/Preferences$FeatureStatus
instanceKlass lombok/eclipse/agent/PatchDelegate$DelegateReceiver
instanceKlass org/apache/felix/scr/impl/inject/field/FieldHandler$METHOD_TYPE
instanceKlass java/lang/StackStreamFactory$WalkerState
instanceKlass java/lang/StackWalker$ExtendedOption
instanceKlass java/security/DrbgParameters$Capability
instanceKlass jdk/xml/internal/XMLSecurityManager$NameMap
instanceKlass jdk/xml/internal/XMLSecurityManager$Processor
instanceKlass jdk/xml/internal/XMLSecurityManager$Limit
instanceKlass java/nio/file/StandardCopyOption
instanceKlass java/math/RoundingMode
instanceKlass sun/util/locale/provider/LocaleProviderAdapter$Type
instanceKlass java/time/format/TextStyle
instanceKlass java/time/format/DateTimeFormatterBuilder$SettingsParser
instanceKlass java/util/Locale$Category
instanceKlass java/time/format/ResolverStyle
instanceKlass java/time/format/SignStyle
instanceKlass java/time/temporal/JulianFields$Field
instanceKlass java/time/temporal/IsoFields$Unit
instanceKlass java/time/temporal/IsoFields$Field
instanceKlass java/util/Comparators$NaturalOrderComparator
instanceKlass org/apache/felix/scr/impl/inject/ValueUtils$ValueType
instanceKlass org/apache/felix/scr/impl/manager/RegistrationManager$RegState
instanceKlass org/apache/felix/scr/impl/manager/AbstractComponentManager$State
instanceKlass org/osgi/util/promise/PromiseFactory$Option
instanceKlass org/apache/felix/scr/impl/metadata/ReferenceMetadata$ReferenceScope
instanceKlass org/apache/felix/scr/impl/metadata/ServiceMetadata$Scope
instanceKlass org/apache/felix/scr/impl/metadata/DSVersion
instanceKlass com/sun/org/apache/xerces/internal/impl/XMLScanner$NameType
instanceKlass com/sun/org/apache/xerces/internal/util/Status
instanceKlass javax/xml/catalog/CatalogFeatures$Feature
instanceKlass com/sun/org/apache/xerces/internal/utils/XMLSecurityPropertyManager$Property
instanceKlass com/sun/org/apache/xerces/internal/utils/XMLSecurityPropertyManager$State
instanceKlass com/sun/org/apache/xerces/internal/utils/XMLSecurityManager$NameMap
instanceKlass jdk/xml/internal/JdkProperty$State
instanceKlass com/sun/org/apache/xerces/internal/utils/XMLSecurityManager$Limit
instanceKlass org/apache/felix/scr/impl/logger/InternalLogger$Level
instanceKlass org/eclipse/osgi/container/ModuleContainerAdaptor$ContainerEvent
instanceKlass org/eclipse/osgi/container/Module$StartOptions
instanceKlass java/lang/StackWalker$Option
instanceKlass org/eclipse/equinox/plurl/impl/PlurlImpl$SetFactories
instanceKlass org/eclipse/osgi/container/ModuleDatabase$Sort
instanceKlass org/eclipse/osgi/container/Module$Settings
instanceKlass org/eclipse/osgi/container/ModuleContainerAdaptor$ModuleEvent
instanceKlass org/eclipse/osgi/storage/ContentProvider$Type
instanceKlass org/eclipse/osgi/container/Module$State
instanceKlass org/osgi/service/log/LogLevel
instanceKlass sun/util/logging/PlatformLogger$Level
instanceKlass jdk/internal/logger/BootstrapLogger$LoggingBackend
instanceKlass java/lang/reflect/ProxyGenerator$PrimitiveTypeInfo
instanceKlass java/lang/annotation/RetentionPolicy
instanceKlass java/nio/file/AccessMode
instanceKlass java/util/stream/MatchOps$MatchKind
instanceKlass java/nio/file/attribute/PosixFilePermission
instanceKlass jdk/internal/icu/util/CodePointTrie$ValueWidth
instanceKlass jdk/internal/icu/util/CodePointTrie$Type
instanceKlass java/text/Normalizer$Form
instanceKlass java/time/temporal/ChronoUnit
instanceKlass java/time/temporal/ChronoField
instanceKlass sun/security/util/DisabledAlgorithmConstraints$Constraint$Operator
instanceKlass java/lang/System$Logger$Level
instanceKlass sun/security/rsa/RSAUtil$KeyType
instanceKlass sun/security/util/KnownOIDs
instanceKlass lombok/patcher/StackRequest
instanceKlass java/util/regex/Pattern$Qtype
instanceKlass java/lang/invoke/MethodHandleImpl$ArrayAccess
instanceKlass java/util/zip/ZipCoder$Comparison
instanceKlass java/nio/file/LinkOption
instanceKlass sun/nio/fs/WindowsPathType
instanceKlass java/util/concurrent/TimeUnit
instanceKlass java/nio/file/StandardOpenOption
instanceKlass java/util/stream/Collector$Characteristics
instanceKlass java/util/stream/StreamShape
instanceKlass java/lang/invoke/MethodHandles$Lookup$ClassOption
instanceKlass java/lang/invoke/VarHandle$AccessType
instanceKlass java/lang/invoke/VarHandle$AccessMode
instanceKlass java/lang/invoke/MethodHandleImpl$Intrinsic
instanceKlass java/lang/invoke/LambdaForm$BasicType
instanceKlass java/lang/invoke/LambdaForm$Kind
instanceKlass sun/invoke/util/Wrapper
instanceKlass java/util/stream/StreamOpFlag$Type
instanceKlass java/util/stream/StreamOpFlag
instanceKlass java/io/File$PathStatus
instanceKlass java/lang/module/ModuleDescriptor$Requires$Modifier
instanceKlass java/lang/reflect/AccessFlag$Location
instanceKlass java/lang/reflect/AccessFlag
instanceKlass java/lang/module/ModuleDescriptor$Modifier
instanceKlass java/lang/reflect/ClassFileFormatVersion
instanceKlass java/lang/Thread$State
ciInstanceKlass java/lang/Enum 1 1 204 9 7 12 1 1 1 9 12 1 1 10 7 12 1 1 1 9 12 1 10 7 12 1 1 1 100 1 10 10 12 1 1 10 12 1 7 1 10 10 7 12 1 1 10 12 1 1 18 12 1 1 10 100 12 1 1 1 10 12 1 1 11 7 12 1 1 1 100 1 8 1 10 12 1 100 1 7 1 10 8 1 10 12 1 1 10 12 1 1 8 1 10 12 1 10 100 1 8 1 10 10 12 1 1 10 100 12 1 1 1 7 1 7 1 7 1 1 1 1 1 1 1 1 1 1 1 1 1 1 1 1 1 1 1 1 1 1 1 1 1 1 1 1 1 1 1 1 1 1 1 1 1 1 1 1 1 1 1 1 1 1 1 3 1 1 1 1 100 1 7 1 1 100 1 1 1 1 1 1 1 1 1 1 1 16 15 10 12 16 15 10 100 12 1 1 1 1 1 100 1 100 1 1
ciInstanceKlass java/lang/reflect/Method 1 1 472 9 7 12 1 1 1 10 7 12 1 1 1 10 7 12 1 1 9 12 1 1 10 12 1 1 10 12 1 1 10 7 12 1 1 10 7 12 1 1 1 9 12 1 1 9 12 1 9 12 1 1 9 12 1 9 12 1 9 12 1 1 9 12 1 9 12 1 1 9 12 1 9 12 1 9 12 1 1 100 1 8 1 10 12 1 10 12 1 9 12 1 1 8 1 10 7 12 1 1 10 7 12 1 1 1 10 12 1 1 10 12 1 1 10 12 1 10 12 1 1 10 12 1 1 9 100 12 1 1 1 10 12 1 1 10 12 10 7 12 1 1 10 12 1 1 10 12 1 10 12 1 10 12 1 10 7 12 1 1 1 10 12 1 1 10 7 1 10 7 12 1 1 1 10 7 12 1 1 10 12 1 1 10 12 1 1 10 12 1 10 7 12 1 1 1 10 12 1 10 8 1 10 12 1 10 12 1 7 1 8 1 8 1 8 1 10 12 1 10 12 1 1 10 12 1 1 10 10 12 1 1 10 12 1 11 7 1 10 12 1 9 12 1 1 10 12 1 1 10 12 1 10 12 1 1 10 12 1 1 11 7 12 1 1 1 11 12 1 9 12 1 1 10 12 1 10 12 1 10 12 1 10 12 1 10 12 1 10 12 1 9 12 1 1 10 7 12 1 1 1 10 7 12 1 1 10 12 1 1 10 7 12 1 1 1 10 7 12 1 1 1 10 7 12 1 1 1 11 7 12 1 1 1 10 7 12 1 1 1 7 1 100 1 100 1 10 12 1 10 12 1 1 10 12 1 100 1 8 1 10 12 1 10 10 12 1 1 10 12 1 1 10 12 1 1 10 12 1 1 8 1 10 12 1 1 1 1 1 1 1 1 1 1 1 1 1 1 1 1 1 1 1 1 1 1 1 1 1 1 1 1 1 1 1 1 1 1 1 1 1 1 1 1 1 1 1 1 1 1 1 1 1 1 1 1 1 100 1 7 1 7 1 1 1 1 1 1 1 1 1 1 1 1 1 1 1 1 1 1 1 1 1 1 1 1 1 1 1 1 1 1
ciInstanceKlass java/lang/reflect/Field 1 1 457 9 7 12 1 1 1 10 12 1 1 10 7 12 1 1 1 10 7 12 1 1 9 12 1 1 10 12 1 1 10 12 1 1 10 7 12 1 1 10 7 12 1 1 1 9 12 1 1 9 12 1 9 12 1 9 12 1 1 9 12 1 1 9 12 1 9 12 1 1 9 12 1 1 100 1 8 1 10 12 1 10 12 1 9 12 1 1 9 12 1 10 12 1 10 7 12 1 1 10 12 1 1 10 12 1 1 10 12 1 10 12 1 1 9 100 12 1 1 1 10 100 12 1 1 1 7 1 10 12 1 1 10 12 1 1 10 12 1 1 10 12 1 10 12 1 10 7 1 10 7 12 1 1 7 1 10 8 1 10 12 1 1 10 12 1 1 8 1 10 12 10 12 1 8 1 8 1 10 11 7 1 9 12 1 10 12 1 1 10 12 1 1 11 7 12 1 1 1 10 12 1 11 12 1 1 11 12 1 1 11 12 1 1 11 12 1 1 11 12 1 1 11 12 1 1 11 12 1 1 11 12 1 1 11 12 1 1 11 12 1 1 11 12 1 1 11 12 1 1 11 12 1 1 11 12 1 1 11 12 1 1 11 12 1 1 11 12 1 1 10 12 1 10 7 12 1 1 10 12 1 10 12 1 10 12 1 9 12 1 1 10 7 12 1 1 1 10 12 1 1 10 12 1 10 7 12 1 1 10 12 1 1 11 7 1 10 12 1 7 1 10 100 12 1 1 1 10 7 12 1 1 1 9 12 1 10 7 12 1 1 1 11 7 12 1 1 1 10 12 1 1 10 12 1 1 9 100 12 1 1 10 100 12 1 1 1 10 12 1 1 7 1 1 1 1 1 1 1 1 1 1 1 1 1 1 1 1 1 1 1 1 1 1 1 1 1 1 1 1 1 1 1 1 1 1 1 1 1 1 1 100 1 1 1 1 1 1 1 1 1 1 1 1 1 1 1 1 1 1 1 1 1 1 1 1 1 1 1 1 1 1 1 1 7 1 1 1 1 1 1 1 1 1 100 1 1
ciInstanceKlass java/lang/reflect/Parameter 1 1 243 10 7 12 1 1 1 9 7 12 1 1 1 9 12 1 1 9 12 1 1 9 12 1 10 12 1 1 10 12 1 1 10 7 12 1 1 1 7 1 10 10 12 1 1 11 7 12 1 1 1 10 12 1 10 100 12 1 1 1 10 12 1 1 10 12 1 10 12 1 8 1 8 1 10 7 12 1 1 1 10 12 1 10 12 9 100 12 1 1 1 10 100 12 1 1 1 10 12 1 8 1 10 12 1 9 12 1 1 10 12 1 1 9 12 1 1 10 12 1 1 10 12 1 1 10 12 1 1 10 12 1 10 10 12 1 10 100 12 1 1 1 10 12 1 1 11 7 12 1 1 10 7 12 1 1 7 1 10 100 12 1 1 1 10 12 1 1 10 12 1 1 10 12 1 1 10 12 1 1 9 12 1 100 1 10 11 12 1 1 11 12 1 1 7 1 1 1 1 1 1 1 1 1 1 1 1 1 1 1 1 1 1 1 1 1 1 1 1 1 1 1 1 1 1 1 1 1 1 1 1 1 1 1 1 1 100 1 1 1 1 1 1
ciInstanceKlass java/lang/reflect/RecordComponent 1 1 196 10 7 12 1 1 1 9 7 12 1 1 1 9 12 1 1 9 12 1 10 12 1 1 10 12 1 1 10 100 12 1 1 1 10 12 1 1 9 12 1 1 10 12 1 1 10 12 1 1 10 12 1 10 100 12 1 1 10 100 12 1 1 9 12 1 1 10 100 12 1 1 1 11 100 12 1 1 1 10 9 100 12 1 1 1 10 100 12 1 1 1 9 12 1 1 10 100 12 1 1 1 10 12 1 1 11 7 12 1 1 10 7 12 1 1 7 1 9 12 1 9 12 1 1 9 12 1 10 100 12 1 1 1 10 12 1 1 10 12 1 1 7 1 10 10 12 1 10 12 1 1 8 1 10 12 1 10 12 1 9 12 1 7 1 1 1 1 1 1 1 1 1 1 1 1 1 1 1 1 1 1 1 1 1 1 7 1 1 1 1 1 1 100 1 1
ciInstanceKlass java/lang/StringBuffer 1 1 483 10 7 12 1 1 1 10 12 1 10 12 1 10 12 1 1 9 7 12 1 1 1 10 12 1 1 10 12 1 10 12 1 1 9 12 1 1 10 12 1 10 12 1 1 10 12 1 1 10 12 1 10 12 1 1 10 12 1 10 12 1 1 10 12 1 1 10 7 12 1 1 1 10 12 1 1 10 12 1 10 12 1 10 12 1 10 12 1 10 12 1 10 12 1 10 12 1 10 12 1 10 12 1 10 12 1 10 12 1 10 12 1 10 12 1 10 12 1 1 10 12 1 10 12 1 1 10 12 1 1 10 10 12 1 1 10 12 1 10 12 1 10 12 1 10 12 1 10 12 1 10 12 1 10 12 10 12 1 10 12 1 10 12 1 10 12 1 1 10 12 1 10 12 1 10 10 12 1 1 10 12 1 10 12 1 10 12 1 10 10 100 12 1 1 1 10 10 12 1 1 9 12 1 1 10 100 12 1 1 10 100 1 8 10 100 12 1 1 1 8 10 12 1 8 1 10 12 1 10 12 1 10 100 12 1 1 1 10 100 12 1 1 1 7 1 10 12 100 1 8 1 10 10 12 1 1 10 12 1 1 10 12 1 10 12 1 10 12 1 1 10 12 1 10 12 1 10 12 1 10 12 1 10 12 1 10 12 10 12 1 10 12 1 10 12 1 10 12 1 10 12 1 10 12 1 10 12 1 10 12 1 10 12 1 10 12 1 10 12 10 12 10 12 1 10 12 1 10 12 1 10 12 10 12 1 10 12 1 10 12 1 10 12 1 10 12 1 10 12 1 10 12 1 10 12 1 10 12 1 10 12 1 10 12 1 7 1 10 12 1 9 7 12 1 1 1 9 7 1 9 12 1 1 7 1 7 1 7 1 7 1 1 1 1 5 0 1 1 1 1 1 1 1 1 1 1 1 1 1 1 1 1 1 1 1 1 1 1 1 1 1 1 1 1 1 1 1 1 1 1 1 1 1 1 1 1 1 1 1 1 1 1 1 1 1 1 1 1 1 1 1 1 1 1 1 1 1 100 1 1 1 1 1 7 1 1 1 1 1 1 1 1 1 1 1 1 1 1 1 1 1 1
staticfield java/lang/StringBuffer serialPersistentFields [Ljava/io/ObjectStreamField; 3 [Ljava/io/ObjectStreamField;
instanceKlass java/net/URLClassLoader
instanceKlass jdk/internal/loader/BuiltinClassLoader
ciInstanceKlass java/security/SecureClassLoader 1 1 102 10 7 12 1 1 1 7 1 10 12 1 9 7 12 1 1 1 10 12 1 10 12 1 10 12 1 1 10 12 1 1 10 12 1 7 1 10 7 1 10 12 1 7 1 10 12 1 11 7 12 1 1 1 7 1 11 12 1 10 12 1 1 1 1 1 1 1 1 1 1 1 1 1 1 1 1 1 1 1 1 1 1 1 1 1 1 1 1 1 1 1 1 1 1 1 1 100 1 1 1 1
ciInstanceKlass java/util/jar/Manifest 1 1 339 10 7 12 1 1 1 7 1 10 9 7 12 1 1 1 7 1 10 9 12 1 1 9 12 1 1 10 12 1 10 12 1 1 10 12 1 1 10 12 1 1 10 12 1 1 11 7 1 11 12 1 1 10 12 1 1 10 100 12 1 1 1 100 1 7 1 10 8 1 10 12 1 1 10 12 1 1 10 12 1 10 12 1 11 100 1 10 12 1 10 12 1 1 11 12 1 1 10 12 1 11 12 1 1 11 100 12 1 1 1 11 7 12 1 1 11 12 1 1 100 1 10 12 1 8 1 11 12 1 7 1 10 12 1 1 11 12 1 10 12 1 10 12 1 10 7 12 1 1 1 8 1 10 12 1 1 10 9 7 12 1 1 1 10 12 1 1 10 100 12 1 10 12 1 10 12 1 9 100 12 1 1 1 8 1 10 12 1 8 1 8 1 7 1 10 12 1 10 12 1 10 12 1 1 100 1 8 1 10 12 1 1 8 1 10 10 12 1 1 8 1 10 12 1 1 10 7 12 1 1 1 10 12 1 10 11 12 1 1 10 12 1 10 7 12 1 1 1 10 12 1 1 10 12 1 10 12 1 1 11 10 12 1 11 10 12 1 7 1 1 1 1 1 1 1 1 1 1 1 1 1 1 1 1 1 1 1 1 1 1 1 1 1 1 1 1 1 1 1 1 1 1 1 1 1 1 1 1 1 1 1 100 1 1 1 1 1 1 1 1 1 1 1 1 1 1 7 1 1 1 1 1 1 1 1 1 1 1
ciInstanceKlass java/io/ByteArrayInputStream 1 1 117 10 7 12 1 1 1 9 7 12 1 1 1 9 12 1 1 9 12 1 9 12 1 10 100 12 1 1 1 10 7 12 1 1 1 10 7 12 1 1 1 10 100 12 1 1 1 10 12 1 1 3 10 100 1 10 100 12 1 1 1 9 12 1 1 100 1 10 10 7 12 1 1 1 1 1 1 1 1 1 1 1 1 1 1 1 1 1 1 1 1 1 1 1 1 1 1 1 1 1 1 1 100 1 1 1 1 1 1 1 1 1 1 1 1 1 1
staticfield java/io/ByteArrayInputStream $assertionsDisabled Z 1
instanceKlass java/nio/DoubleBuffer
instanceKlass java/nio/FloatBuffer
instanceKlass java/nio/ShortBuffer
instanceKlass java/nio/CharBuffer
instanceKlass java/nio/IntBuffer
instanceKlass java/nio/LongBuffer
instanceKlass java/nio/ByteBuffer
ciInstanceKlass java/nio/Buffer 1 1 256 100 1 10 7 12 1 1 1 9 7 12 1 1 1 9 12 1 9 12 1 1 9 12 1 9 12 1 1 10 12 1 1 10 12 1 1 10 12 100 1 7 1 10 8 1 10 12 1 1 10 12 1 8 1 8 1 10 12 1 1 10 12 1 8 1 9 12 1 1 100 1 8 1 10 12 1 8 1 8 1 9 12 10 12 1 8 1 8 1 8 1 10 12 1 8 1 8 1 8 1 100 1 10 100 1 10 100 1 10 9 12 1 1 10 7 12 1 1 1 100 1 10 12 1 1 10 12 1 10 100 12 1 1 10 7 12 1 1 1 10 7 12 1 1 1 9 12 1 1 10 7 12 1 1 1 9 12 1 1 7 1 10 10 12 1 1 7 1 10 10 7 12 1 1 1 1 1 3 1 1 1 1 1 1 1 1 1 1 1 1 1 1 100 1 1 1 1 1 1 1 7 1 1 1 1 1 1 1 1 1 1 1 1 1 1 1 1 1 1 1 1 1 1 1 1 1 1 1 1 1 1 1 1 1 1 1 1 1 1 1 100 1 100 1 100 1 100 1 100 1 100 1 100 1 1
staticfield java/nio/Buffer UNSAFE Ljdk/internal/misc/Unsafe; jdk/internal/misc/Unsafe
staticfield java/nio/Buffer SCOPED_MEMORY_ACCESS Ljdk/internal/misc/ScopedMemoryAccess; jdk/internal/misc/ScopedMemoryAccess
staticfield java/nio/Buffer IOOBE_FORMATTER Ljava/util/function/BiFunction; jdk/internal/util/Preconditions$4
staticfield java/nio/Buffer $assertionsDisabled Z 1
instanceKlass org/eclipse/jdt/core/dom/ASTNode$NodeList
instanceKlass java/util/Collections$CopiesList
instanceKlass org/eclipse/osgi/internal/container/InternalUtils$CopyOnFirstWriteList
instanceKlass org/eclipse/osgi/internal/weaving/DynamicImportList
instanceKlass java/util/AbstractSequentialList
instanceKlass java/util/Collections$SingletonList
instanceKlass java/util/Vector
instanceKlass sun/security/jca/ProviderList$ServiceList
instanceKlass sun/security/jca/ProviderList$3
instanceKlass java/util/Arrays$ArrayList
instanceKlass java/util/ArrayList$SubList
instanceKlass java/util/Collections$EmptyList
instanceKlass java/util/ArrayList
ciInstanceKlass java/util/AbstractList 1 1 218 10 7 12 1 1 1 9 7 12 1 1 1 10 12 1 1 10 12 1 1 100 1 10 10 12 1 1 11 7 12 1 1 1 11 12 1 1 11 12 1 10 7 12 1 1 1 10 12 1 11 12 1 11 12 1 11 12 1 10 12 1 1 10 12 1 1 11 7 12 1 1 1 11 7 1 11 7 1 10 12 1 7 1 10 12 1 10 12 1 1 7 1 100 1 10 12 1 100 1 10 100 1 7 1 10 8 1 10 12 1 1 10 12 1 10 12 1 1 10 12 1 8 1 100 1 8 1 8 1 8 1 10 7 1 11 10 10 12 1 11 12 1 10 12 1 1 8 1 8 1 1 1 1 1 1 1 1 1 1 1 1 1 1 1 1 1 1 1 1 1 1 1 1 1 1 1 1 1 1 1 1 1 1 1 1 1 1 1 1 1 1 1 1 1 1 1 1 1 1 1 1 1 1 1 1 1 1 100 1 100 1 1 1 1 1 1 1
ciInstanceKlass java/util/List 1 1 251 10 100 12 1 1 1 11 100 12 1 1 1 11 100 12 1 1 1 11 12 1 1 11 100 12 1 1 11 12 1 1 11 12 1 1 10 100 12 1 1 1 7 1 7 1 10 12 1 1 100 1 10 100 12 1 1 1 11 12 1 1 11 12 1 11 12 1 100 1 10 12 1 11 12 1 1 11 12 1 1 11 12 1 10 100 12 1 1 1 9 7 12 1 1 1 7 1 10 12 10 12 1 7 1 10 12 1 1 10 12 1 10 12 1 1 11 12 1 1 100 1 1 1 1 1 1 1 1 1 1 1 1 1 1 1 1 1 1 1 1 1 1 1 1 1 1 1 1 1 1 1 1 1 1 1 1 1 1 1 1 1 1 1 1 100 1 100 1 1 1 1 1 1 1 1 1 1 1 1 1 1 1 1 1 1 1 1 1 1 1 1 1 1 1 1 1 1 1 1 1 1 1 1 1 1 1 1 1 1 1 1 1 1 1 1 1 1 1 1 1 1 1 1 1 1 1 1 1 1 1 1 1 1 1 1 1 1 1 1 1 1 1 1 100 1 1 100 1 1 1
ciInstanceKlass java/util/SequencedCollection 1 1 109 100 1 10 12 1 1 11 7 12 1 1 1 11 7 12 1 1 1 11 12 1 1 11 12 1 7 1 7 1 1 1 1 1 1 1 1 1 1 1 1 1 1 1 1 1 1 1 1 1 1 1 1 1 1 1 1 1 100 1 8 1 1 12 10 1 1 1 8 1 1 1 8 1 1 1 8 1 1 1 8 1 1 8 1 1 1 8 1 1 8 1 1 1 8 1 1 8 1 1 1 8 1 1 8 1 1 8 1
ciInstanceKlass java/util/Collection 1 1 115 11 7 12 1 1 1 7 1 11 7 12 1 1 1 10 100 12 1 1 1 11 12 1 1 11 100 12 1 1 1 11 12 1 1 11 100 12 1 1 1 11 12 1 1 10 100 12 1 1 1 11 12 1 10 7 12 1 1 1 100 1 100 1 1 1 1 1 1 1 1 1 1 1 1 1 1 1 1 1 1 1 1 1 1 1 1 1 1 1 1 1 1 1 1 1 1 1 1 1 1 1 1 1 1 1 1 1 1 1 1 1 1 1 1
ciInstanceKlass java/lang/Iterable 1 1 62 10 7 12 1 1 1 11 7 12 1 1 1 11 7 12 1 1 1 11 12 1 1 11 7 12 1 1 1 10 100 12 1 1 1 100 1 1 1 1 1 1 1 1 1 1 1 1 1 1 1 1 1 1 1 1 1 1 1 1 1 1
instanceKlass java/util/Hashtable$ValueCollection
instanceKlass com/sun/jna/Structure$StructureSet
instanceKlass java/util/IdentityHashMap$Values
instanceKlass java/util/AbstractMap$2
instanceKlass java/util/TreeMap$Values
instanceKlass org/eclipse/osgi/internal/container/NamespaceList$Builder
instanceKlass java/util/AbstractQueue
instanceKlass java/util/LinkedHashMap$LinkedValues
instanceKlass java/util/HashMap$Values
instanceKlass java/util/ArrayDeque
instanceKlass java/util/AbstractSet
instanceKlass java/util/ImmutableCollections$AbstractImmutableCollection
instanceKlass java/util/AbstractList
ciInstanceKlass java/util/AbstractCollection 1 1 160 10 7 12 1 1 1 10 7 12 1 1 1 10 12 1 1 11 7 12 1 1 1 11 12 1 1 10 12 1 1 10 100 12 1 1 1 10 12 1 1 10 12 1 1 10 7 12 1 1 10 7 12 1 1 1 7 1 10 7 12 1 1 1 10 100 12 1 1 1 100 1 10 11 12 1 11 7 1 10 12 1 10 12 1 10 100 12 1 1 1 11 8 1 7 1 10 10 12 1 1 8 1 10 12 1 10 12 1 1 1 1 1 1 1 1 1 1 1 1 1 1 1 1 1 1 1 1 1 1 1 1 1 1 1 1 1 1 1 1 1 1 1 1 1 1 1 1 1 1 1 1 1 1 1 1 1 1 1 1
ciMethod java/util/AbstractCollection <init> ()V 512 0 127128 0 80
ciMethod java/util/AbstractList <init> ()V 284 0 95813 0 88
ciInstanceKlass java/lang/AssertionStatusDirectives 0 0 24 10 100 12 1 1 1 100 1 1 1 1 1 1 1 1 1 1 1 1 1 1 1 1
instanceKlass org/eclipse/jdt/internal/compiler/lookup/Scope$MethodClashException
instanceKlass lombok/core/AnnotationValues$AnnotationValueDecodeFail
instanceKlass org/eclipse/jdt/internal/compiler/flow/UnconditionalFlowInfo$AssertionFailedException
instanceKlass org/eclipse/jdt/internal/core/builder/AbortIncrementalBuildException
instanceKlass org/eclipse/jdt/internal/compiler/problem/ShouldNotImplement
instanceKlass java/nio/file/ProviderNotFoundException
instanceKlass java/nio/file/FileSystemAlreadyExistsException
instanceKlass java/nio/file/FileSystemNotFoundException
instanceKlass org/eclipse/lsp4j/jsonrpc/ResponseErrorException
instanceKlass org/eclipse/lsp4j/jsonrpc/JsonRpcException
instanceKlass org/eclipse/lsp4j/jsonrpc/MessageIssueException
instanceKlass com/google/gson/JsonParseException
instanceKlass org/eclipse/jdt/internal/core/search/matching/MatchLocator$WrappedCoreException
instanceKlass java/io/UncheckedIOException
instanceKlass com/sun/jna/LastErrorException
instanceKlass org/eclipse/text/edits/MalformedTreeException
instanceKlass org/w3c/dom/DOMException
instanceKlass org/eclipse/jdt/internal/codeassist/select/SelectionNodeFound
instanceKlass org/eclipse/jdt/internal/core/DeltaProcessor$1FoundRelevantDeltaException
instanceKlass org/eclipse/jdt/internal/compiler/lookup/ReferenceBinding$DysfunctionalInterfaceException
instanceKlass org/eclipse/jdt/internal/codeassist/complete/InvalidCursorLocation
instanceKlass org/eclipse/jdt/internal/codeassist/complete/CompletionNodeFound
instanceKlass org/eclipse/jdt/internal/compiler/problem/AbortCompilation
instanceKlass org/eclipse/jdt/internal/compiler/lookup/SourceTypeCollisionException
instanceKlass org/eclipse/jdt/internal/core/builder/MissingSourceFileException
instanceKlass org/eclipse/jdt/internal/core/builder/ImageBuilderInternalException
instanceKlass java/lang/NegativeArraySizeException
instanceKlass org/eclipse/jdt/internal/core/ClasspathEntry$AssertionFailedException
instanceKlass java/lang/reflect/UndeclaredThrowableException
instanceKlass org/eclipse/core/internal/events/BuildManager$JobManagerSuspendedException
instanceKlass org/eclipse/core/internal/localstore/IsSynchronizedVisitor$ResourceChangedException
instanceKlass java/lang/IllegalCallerException
instanceKlass org/eclipse/core/internal/dtree/ObjectNotFoundException
instanceKlass org/eclipse/core/internal/utils/WrappedRuntimeException
instanceKlass org/eclipse/core/runtime/OperationCanceledException
instanceKlass org/osgi/util/promise/FailedPromisesException
instanceKlass org/eclipse/core/runtime/InvalidRegistryObjectException
instanceKlass java/util/concurrent/RejectedExecutionException
instanceKlass org/eclipse/core/runtime/AssertionFailedException
instanceKlass java/util/MissingResourceException
instanceKlass org/osgi/service/component/ComponentException
instanceKlass org/osgi/framework/hooks/weaving/WeavingException
instanceKlass java/lang/reflect/InaccessibleObjectException
instanceKlass java/util/ConcurrentModificationException
instanceKlass org/osgi/framework/ServiceException
instanceKlass java/lang/TypeNotPresentException
instanceKlass java/lang/IndexOutOfBoundsException
instanceKlass org/eclipse/osgi/framework/util/ThreadInfoReport
instanceKlass org/eclipse/osgi/storage/Storage$StorageException
instanceKlass java/util/NoSuchElementException
instanceKlass java/lang/SecurityException
instanceKlass java/lang/invoke/WrongMethodTypeException
instanceKlass java/lang/UnsupportedOperationException
instanceKlass java/lang/IllegalStateException
instanceKlass java/lang/IllegalArgumentException
instanceKlass java/lang/ArithmeticException
instanceKlass java/lang/NullPointerException
instanceKlass java/lang/IllegalMonitorStateException
instanceKlass java/lang/ArrayStoreException
instanceKlass java/lang/ClassCastException
ciInstanceKlass java/lang/RuntimeException 1 1 40 10 7 12 1 1 1 10 12 1 10 12 1 10 12 1 10 12 1 100 1 1 1 1 5 0 1 1 1 1 1 1 1 1 1 1 1 1 1 1
instanceKlass org/eclipse/jdt/internal/compiler/lookup/InferenceContext18$ResolveOutcome
instanceKlass org/eclipse/jdt/internal/core/JavadocContents$Range
instanceKlass org/eclipse/jdt/internal/compiler/util/CharArray
instanceKlass org/eclipse/jdt/internal/compiler/parser/JavadocTagConstants$LevelTags
instanceKlass org/eclipse/jdt/internal/compiler/CompilerConfiguration
instanceKlass org/eclipse/jdt/internal/core/JarPackageFragmentRootInfo$PackageContent
instanceKlass org/eclipse/jdt/internal/core/JrtPackageFragmentRoot$JrtModuleKey
instanceKlass org/eclipse/jdt/ls/core/internal/handlers/BaseInitHandler$JdtlsInfo
instanceKlass java/lang/reflect/Executable$ParameterData
instanceKlass java/nio/DirectByteBuffer$Deallocator
instanceKlass org/eclipse/jdt/internal/core/JavaModelManager$SecondaryTypesCache
instanceKlass java/lang/reflect/Proxy$ProxyBuilder$ProxyClassContext
instanceKlass org/eclipse/equinox/launcher/Main$Identifier
instanceKlass sun/security/pkcs/SignerInfo$AlgorithmInfo
instanceKlass jdk/internal/misc/ThreadTracker$ThreadRef
instanceKlass java/security/SecureClassLoader$CodeSourceKey
instanceKlass jdk/internal/module/ModuleReferenceImpl$CachedHash
instanceKlass java/util/stream/Collectors$CollectorImpl
instanceKlass jdk/internal/reflect/ReflectionFactory$Config
instanceKlass jdk/internal/foreign/abi/UpcallLinker$CallRegs
instanceKlass jdk/internal/foreign/abi/VMStorage
ciInstanceKlass java/lang/Record 1 1 22 10 7 12 1 1 1 100 1 1 1 1 1 1 1 1 1 1 1 1 1 1
ciInstanceKlass java/lang/invoke/MethodType 1 1 780 7 1 10 7 12 1 1 1 9 12 1 1 9 12 1 1 9 12 1 1 10 7 12 1 1 1 9 7 12 1 1 8 1 10 100 12 1 1 1 9 7 1 9 7 1 10 12 1 1 7 1 10 8 1 10 12 1 1 10 12 1 10 12 1 1 7 1 8 1 10 12 1 100 1 10 10 12 1 10 12 1 1 10 12 1 1 11 7 12 1 1 1 9 12 1 11 12 1 1 7 10 12 1 1 10 12 1 1 7 1 7 1 10 7 12 1 1 1 10 12 1 10 12 1 9 12 1 1 10 7 12 1 1 10 12 1 1 10 7 12 1 1 1 10 7 12 1 1 1 10 12 1 9 12 1 1 10 12 1 1 10 12 1 1 10 12 1 1 10 12 1 1 10 12 1 1 10 12 1 10 12 1 10 12 1 1 10 12 1 8 1 8 1 10 12 1 1 9 12 1 1 100 1 10 10 12 1 1 10 12 1 10 12 1 1 10 12 1 1 10 12 1 10 12 1 10 12 1 8 1 10 12 1 1 10 7 12 1 1 1 10 12 1 10 12 1 1 10 12 1 10 12 1 10 12 1 1 10 12 1 10 12 1 9 12 1 10 12 1 10 10 12 1 1 10 12 1 9 12 1 1 10 12 1 1 11 12 1 1 10 12 1 1 10 12 1 10 12 1 7 1 8 1 8 1 8 1 10 12 1 10 12 1 10 12 1 1 10 10 12 1 11 12 1 1 11 12 1 10 100 12 1 1 1 9 12 1 10 12 1 10 12 1 1 10 12 1 1 10 12 1 10 12 1 10 100 12 1 1 1 10 12 1 1 10 12 1 10 12 1 10 12 1 10 9 12 1 1 7 1 10 12 1 10 12 1 1 9 100 12 1 1 1 10 7 12 1 1 1 10 7 12 1 1 1 10 12 1 1 10 7 12 1 1 1 10 12 1 1 8 1 10 7 12 1 1 1 11 12 1 1 9 12 1 1 10 12 1 1 10 12 1 10 12 1 1 10 12 1 1 10 100 12 1 1 100 1 10 12 1 1 11 100 12 1 1 18 12 1 1 11 12 1 1 18 12 1 11 12 1 100 1 11 100 12 1 1 10 12 1 100 1 10 12 1 10 100 12 1 1 10 12 1 1 9 12 1 1 9 100 12 1 1 1 10 7 12 1 1 1 9 12 1 10 100 12 1 1 10 12 1 100 10 12 1 1 10 12 1 7 1 10 10 12 1 1 7 1 7 1 9 12 1 1 7 1 7 1 7 1 1 1 5 0 1 1 1 1 1 1 1 3 1 3 1 3 1 1 1 1 1 1 1 1 1 1 1 1 1 1 1 1 1 1 1 1 1 1 1 1 1 1 1 1 1 1 1 1 1 1 1 1 1 1 1 1 1 1 1 1 1 1 1 1 1 1 1 1 1 1 1 1 1 1 1 1 1 1 1 1 1 1 1 1 1 1 1 1 1 1 1 1 1 1 1 1 1 1 1 1 1 1 1 1 1 1 1 1 1 1 1 1 1 1 1 1 1 1 1 1 1 1 1 1 1 1 1 1 1 1 1 1 1 1 1 1 1 1 1 1 1 1 1 1 1 1 7 1 7 1 1 1 1 1 1 1 1 1 1 1 1 1 7 1 1 1 7 1 1 1 1 1 1 1 1 1 1 1 1 1 1 1 1 1 1 1 1 1 1 16 15 10 12 16 16 15 10 12 16 15 10 100 12 1 1 1 1 1 7 1 1 7 1 1 100 1 100 1 1
staticfield java/lang/invoke/MethodType internTable Ljdk/internal/util/ReferencedKeySet; jdk/internal/util/ReferencedKeySet
staticfield java/lang/invoke/MethodType NO_PTYPES [Ljava/lang/Class; 0 [Ljava/lang/Class;
staticfield java/lang/invoke/MethodType objectOnlyTypes [Ljava/lang/invoke/MethodType; 20 [Ljava/lang/invoke/MethodType;
staticfield java/lang/invoke/MethodType METHOD_HANDLE_ARRAY [Ljava/lang/Class; 1 [Ljava/lang/Class;
staticfield java/lang/invoke/MethodType serialPersistentFields [Ljava/io/ObjectStreamField; 0 [Ljava/io/ObjectStreamField;
staticfield java/lang/invoke/MethodType $assertionsDisabled Z 1
ciInstanceKlass java/lang/invoke/TypeDescriptor$OfMethod 1 0 43 100 1 100 1 100 1 1 1 1 1 1 1 1 1 1 1 1 1 1 1 1 1 1 1 1 1 1 1 1 1 1 1 1 1 1 1 1 1 1 100 1 1
instanceKlass java/lang/InstantiationException
instanceKlass java/lang/IllegalAccessException
instanceKlass java/lang/reflect/InvocationTargetException
instanceKlass java/lang/NoSuchFieldException
instanceKlass java/lang/NoSuchMethodException
instanceKlass java/lang/ClassNotFoundException
ciInstanceKlass java/lang/ReflectiveOperationException 1 1 34 10 7 12 1 1 1 10 12 1 10 12 1 10 12 1 100 1 1 1 1 5 0 1 1 1 1 1 1 1 1 1 1 1
instanceKlass java/lang/invoke/DelegatingMethodHandle
instanceKlass java/lang/invoke/BoundMethodHandle
instanceKlass java/lang/invoke/DirectMethodHandle
ciInstanceKlass java/lang/invoke/MethodHandle 1 1 733 100 1 9 7 12 1 1 1 10 7 12 1 1 1 10 7 12 1 1 1 7 1 7 1 10 12 1 1 9 12 1 1 10 12 1 10 12 1 1 10 12 1 1 10 7 12 1 1 1 10 12 1 1 10 12 1 1 11 7 12 1 1 1 10 12 1 1 10 12 1 10 12 1 10 12 1 1 9 12 1 1 9 12 1 1 10 7 12 1 1 1 10 12 1 1 10 12 1 10 12 1 100 1 7 1 10 8 1 10 12 1 1 10 12 1 8 1 10 12 1 1 10 12 1 10 7 12 1 1 1 10 12 1 1 10 12 1 1 10 12 1 1 10 7 12 1 1 1 10 12 1 1 10 12 1 1 10 12 1 10 12 1 1 10 7 12 1 1 10 7 12 1 1 10 12 1 10 12 1 10 12 1 1 10 12 1 1 10 12 1 1 10 12 1 1 10 7 12 1 1 1 10 7 12 1 1 1 10 12 1 1 10 12 1 1 10 12 1 1 8 1 10 7 12 1 1 1 8 1 10 12 1 10 12 1 1 10 12 1 1 10 12 1 8 1 10 12 1 1 8 1 10 12 1 8 1 10 7 12 1 1 1 9 12 1 1 100 1 10 9 7 12 1 1 1 9 7 1 8 1 10 12 1 1 10 12 1 10 12 1 1 10 12 1 10 12 1 1 10 12 1 10 12 1 1 10 12 1 10 12 1 1 10 12 1 1 8 1 10 12 1 1 8 1 10 12 1 10 12 1 1 10 12 1 10 12 1 10 12 1 1 9 100 12 1 1 1 10 12 1 1 11 12 1 10 12 1 10 12 1 1 10 100 12 1 1 100 1 11 12 1 10 100 1 11 12 1 7 1 10 12 1 11 12 1 9 100 12 1 1 1 11 12 1 1 11 100 12 1 1 1 10 12 1 1 9 12 1 11 12 1 9 12 1 9 12 1 9 12 1 11 12 1 1 9 12 1 9 12 1 9 12 1 9 12 1 9 12 1 9 12 1 9 12 1 8 1 10 12 1 10 12 1 8 1 10 12 1 10 12 1 10 12 1 1 10 10 10 7 12 1 1 10 12 1 1 100 1 7 1 8 1 8 1 10 10 12 1 1 10 12 1 10 12 1 7 1 10 100 12 1 1 1 10 9 7 12 1 1 1 10 12 1 1 10 12 1 1 8 1 8 1 10 7 12 1 1 9 12 1 9 12 1 1 9 12 1 1 10 12 1 7 1 10 12 1 10 12 1 1 9 12 1 1 9 12 1 1 10 7 12 1 1 1 11 7 12 1 1 9 12 1 10 12 1 1 9 12 1 10 12 1 8 10 12 1 1 8 1 1 1 1 1 1 1 1 7 1 1 1 1 1 1 1 1 1 1 1 1 1 1 1 1 1 1 1 1 1 1 1 1 1 1 1 1 1 1 100 1 1 1 1 1 1 1 1 1 1 1 1 1 1 1 1 1 1 1 1 1 1 1 1 1 1 1 1 1 1 1 1 1 1 1 1 1 1 1 1 1 1 1 1 1 1 1 1 1 1 1 1 1 1 1 1 1 1 1 1 1 1 1 1 1 1 1 1 1 1 1 1 1 1 1 1 1 1 1 1 1 1 1 1 1 1 100 1 1 100 1 7 1 100 1 1 100 1 1 100 1 1 1 1
staticfield java/lang/invoke/MethodHandle FORM_OFFSET J 20
staticfield java/lang/invoke/MethodHandle UPDATE_OFFSET J 13
staticfield java/lang/invoke/MethodHandle $assertionsDisabled Z 1
ciInstanceKlass java/util/concurrent/ConcurrentHashMap 1 1 1210 7 1 7 1 3 10 12 1 1 3 7 1 10 7 12 1 1 1 7 1 10 7 12 1 1 1 100 1 11 12 1 1 11 12 1 11 12 1 1 9 12 1 1 9 12 1 1 9 12 1 10 7 12 1 1 1 7 1 10 12 1 1 10 12 1 1 10 7 12 1 1 1 4 10 12 1 9 12 1 10 12 1 1 100 1 10 5 0 10 12 1 10 12 1 1 5 0 10 12 1 1 10 12 1 9 12 1 1 10 12 1 1 9 12 1 9 12 1 1 10 12 1 1 9 12 1 10 12 1 1 9 12 1 1 10 12 1 1 100 1 10 100 1 10 12 1 10 12 1 1 10 12 1 1 10 12 1 1 10 12 1 10 12 1 1 10 12 1 1 100 1 10 12 1 1 7 1 100 1 8 1 10 12 1 10 12 1 1 10 12 1 1 11 7 12 1 1 10 12 1 1 11 12 1 1 11 7 12 1 1 1 11 7 12 1 1 1 11 12 1 7 1 11 12 1 11 12 1 10 12 1 1 10 12 1 1 9 12 1 1 10 100 12 1 1 1 9 10 12 1 1 9 12 1 10 12 1 1 5 0 9 12 1 1 7 1 10 12 1 9 12 1 1 7 1 10 12 1 9 12 1 7 1 10 7 1 10 10 12 1 1 8 1 10 12 1 10 12 1 1 11 100 1 10 12 1 10 100 12 1 1 1 8 1 10 100 12 1 1 1 8 1 10 12 1 8 1 10 12 1 10 12 1 1 10 100 12 1 1 10 12 1 10 12 1 10 12 1 9 12 1 9 10 12 1 9 12 1 1 11 100 12 1 1 1 11 7 12 1 1 1 100 1 10 12 11 100 12 1 1 10 11 7 12 1 10 12 1 100 1 10 12 1 100 1 10 10 9 7 12 1 1 1 10 12 3 10 7 12 1 1 9 12 1 10 12 1 1 9 12 1 1 9 12 1 10 12 1 1 10 7 12 1 1 9 12 1 9 7 12 1 1 10 12 1 1 10 12 1 3 9 12 1 9 12 1 10 12 1 1 7 1 9 3 9 12 1 7 1 10 12 1 9 12 1 10 12 1 9 12 1 10 12 1 9 12 1 10 100 12 1 1 1 100 10 12 1 7 1 5 0 10 100 12 1 1 100 1 10 12 1 1 10 12 1 10 12 1 100 1 10 12 1 10 100 1 100 1 10 10 12 1 10 100 1 10 12 1 10 100 1 10 12 1 10 7 1 10 12 1 1 100 1 10 12 1 10 10 12 1 100 1 10 12 1 10 10 12 1 100 1 10 12 1 10 100 1 10 12 1 10 100 1 10 12 1 10 100 1 10 12 1 10 100 1 10 12 1 10 100 1 10 12 1 10 100 1 10 12 1 10 100 1 10 12 1 10 100 1 10 10 100 1 10 10 100 1 10 10 100 1 10 12 1 10 100 1 10 12 1 10 100 1 10 12 1 10 100 1 10 12 1 10 100 1 10 12 1 10 100 1 10 10 100 1 10 10 100 1 10 10 100 1 10 12 1 10 100 1 10 12 1 10 100 1 10 12 1 10 100 1 10 12 1 10 100 1 10 12 1 10 10 12 1 10 7 12 1 1 1 10 12 1 7 1 7 1 10 12 1 9 12 1 1 9 12 1 1 10 12 1 1 8 10 12 1 1 8 8 8 8 7 10 12 1 1 10 12 1 100 1 8 1 10 7 1 7 1 7 1 1 1 5 0 1 1 3 1 3 1 1 1 1 3 1 3 1 3 1 1 1 1 1 3 1 3 1 3 1 1 1 1 1 1 1 1 1 1 1 1 1 1 1 1 1 1 1 1 1 1 1 1 1 100 1 1 1 1 1 1 1 1 1 1 1 1 1 1 1 1 1 1 1 1 1 1 1 1 1 1 1 1 1 1 1 1 1 1 1 1 1 1 1 1 1 1 1 1 1 1 1 1 1 1 1 1 1 1 1 1 1 1 1 1 1 1 1 1 1 1 1 1 1 1 1 1 1 1 1 1 1 1 1 1 1 1 1 1 100 1 1 1 1 1 1 1 1 1 1 1 7 1 1 1 1 1 1 1 1 1 1 1 1 1 1 1 1 1 1 1 1 1 1 1 1 1 1 1 1 1 1 1 1 1 1 1 1 1 1 1 1 1 1 1 1 1 1 1 1 1 1 1 1 1 1 1 1 1 1 1 1 1 1 1 1 1 1 1 1 1 1 1 1 1 1 1 1 1 1 1 1 1 1 1 1 1 1 1 1 1 1 1 1 1 1 1 1 1 1 1 1 1 1 1 1 1 1 1 1 1 1 1 1 1 1 1 1 1 1 1 1 1 1 1 1 1 1 1 1 1 1 1 1 1 1 1 1 1 1 1 1 1 1 1 1 1 1 1 1 1 1 1 1 1 1 1 1 1 1 1 1 1 1 1 1 1 1 1 1 1 1 1 1 1 1 1 1 1 1 1 1 1 1 1 1 1 1 1 1 1 1 1 1 1 1 1 1 1 1 1 1 1 1 1 1 1 1 1 1 1 1 1 1 1 1 1 1 1 1 1 1 1 1 1 100 1 100 1 100 1 100 1 100 1 100 1 100 1 100 1 100 1 1 1 1 1 1 1 1 1 1 1 1 1 1 1 1 1 1 1 1 1 1 1 1 1 1 1 1 1 1 1 1 1 1 1 1 1 1 1 1 1 1 1 1 1 1 1 1 1 1 1 1 1 1 1 1 1 1
staticfield java/util/concurrent/ConcurrentHashMap NCPU I 8
staticfield java/util/concurrent/ConcurrentHashMap serialPersistentFields [Ljava/io/ObjectStreamField; 3 [Ljava/io/ObjectStreamField;
staticfield java/util/concurrent/ConcurrentHashMap U Ljdk/internal/misc/Unsafe; jdk/internal/misc/Unsafe
staticfield java/util/concurrent/ConcurrentHashMap SIZECTL J 20
staticfield java/util/concurrent/ConcurrentHashMap TRANSFERINDEX J 32
staticfield java/util/concurrent/ConcurrentHashMap BASECOUNT J 24
staticfield java/util/concurrent/ConcurrentHashMap CELLSBUSY J 36
staticfield java/util/concurrent/ConcurrentHashMap CELLVALUE J 144
staticfield java/util/concurrent/ConcurrentHashMap ABASE I 16
staticfield java/util/concurrent/ConcurrentHashMap ASHIFT I 2
instanceKlass com/google/gson/internal/LinkedTreeMap
instanceKlass java/util/concurrent/ConcurrentSkipListMap
instanceKlass org/eclipse/osgi/internal/framework/FilterImpl$ServiceReferenceMap
instanceKlass org/eclipse/osgi/internal/serviceregistry/ShrinkableValueCollectionMap
instanceKlass java/util/Collections$SingletonMap
instanceKlass java/util/TreeMap
instanceKlass java/util/IdentityHashMap
instanceKlass java/util/EnumMap
instanceKlass java/util/WeakHashMap
instanceKlass java/util/Collections$EmptyMap
instanceKlass sun/util/PreHashedMap
instanceKlass java/util/HashMap
instanceKlass java/util/ImmutableCollections$AbstractImmutableMap
instanceKlass java/util/concurrent/ConcurrentHashMap
ciInstanceKlass java/util/AbstractMap 1 1 196 10 7 12 1 1 1 10 7 12 1 1 1 11 7 12 1 1 1 10 11 12 1 1 11 7 12 1 1 1 11 12 1 1 7 1 11 12 1 10 12 1 1 11 12 1 100 1 10 11 12 1 11 7 1 10 12 1 1 11 12 1 9 12 1 1 7 1 10 12 1 9 12 1 1 7 1 10 11 11 12 1 1 11 12 1 7 1 100 1 11 12 1 8 1 7 1 10 10 12 1 1 8 1 10 12 1 10 12 1 1 10 12 1 1 1 1 1 1 1 1 1 1 1 1 1 1 1 1 1 1 1 1 1 1 1 1 1 1 1 1 1 1 1 1 1 1 1 1 1 1 1 1 7 1 1 1 1 1 1 1 7 1 1 1 1 1 1 1 1 1 100 1 1 1 1 1 1 1 1 1 100 1 100 1 100 1 100 1 100 1 1 1 1 1 1
ciInstanceKlass java/util/concurrent/ConcurrentMap 1 1 208 11 7 12 1 1 1 10 100 12 1 1 11 12 1 1 11 100 12 1 1 1 11 7 12 1 1 1 11 12 1 1 100 1 11 12 1 11 12 1 100 1 11 100 12 1 1 1 18 12 1 11 12 1 1 11 100 12 1 1 11 12 1 1 11 100 12 1 11 12 1 1 11 12 1 1 7 1 7 1 1 1 1 1 1 1 1 1 1 1 1 1 1 1 1 1 1 1 1 1 1 1 1 1 1 1 1 1 1 1 1 1 1 1 1 1 1 1 1 1 1 1 1 1 1 1 1 1 1 1 1 1 1 1 1 1 1 1 1 16 15 11 12 15 10 100 12 1 1 1 1 1 100 1 100 1 1 1 100 1 8 1 1 12 10 1 1 1 8 1 1 1 8 1 1 8 1 1 1 8 1 1 1 8 1 1 1 8 1 1 1 8 1 1 1 8 1 1 1 8 1 1 1 8 1 1 8 1
ciInstanceKlass jdk/internal/loader/ClassLoaders 1 1 183 10 7 12 1 1 1 10 7 12 1 1 1 10 12 1 1 10 100 12 1 1 1 9 7 12 1 1 1 9 12 1 1 9 12 1 1 7 1 11 100 12 1 1 1 100 1 11 12 1 1 11 12 1 1 10 100 12 1 1 1 10 100 12 1 1 1 100 1 100 1 10 7 12 1 1 1 9 12 1 1 10 12 1 1 7 1 10 12 1 1 10 12 1 7 1 8 1 10 7 12 1 1 1 10 12 1 1 7 1 10 12 1 10 12 1 10 12 1 8 1 10 7 12 1 1 8 1 8 1 10 12 1 7 1 10 12 1 10 12 1 10 12 1 1 1 1 1 1 1 1 1 1 1 1 1 1 1 1 1 1 1 1 7 1 1 1 1 1 1 1 1 1 1 1 1 1 1 1 1 1 1 1
staticfield jdk/internal/loader/ClassLoaders JLA Ljdk/internal/access/JavaLangAccess; java/lang/System$2
staticfield jdk/internal/loader/ClassLoaders BOOT_LOADER Ljdk/internal/loader/ClassLoaders$BootClassLoader; jdk/internal/loader/ClassLoaders$BootClassLoader
staticfield jdk/internal/loader/ClassLoaders PLATFORM_LOADER Ljdk/internal/loader/ClassLoaders$PlatformClassLoader; jdk/internal/loader/ClassLoaders$PlatformClassLoader
staticfield jdk/internal/loader/ClassLoaders APP_LOADER Ljdk/internal/loader/ClassLoaders$AppClassLoader; jdk/internal/loader/ClassLoaders$AppClassLoader
instanceKlass jdk/internal/loader/ClassLoaders$BootClassLoader
instanceKlass jdk/internal/loader/ClassLoaders$PlatformClassLoader
instanceKlass jdk/internal/loader/ClassLoaders$AppClassLoader
ciInstanceKlass jdk/internal/loader/BuiltinClassLoader 1 1 737 9 7 12 1 1 1 10 7 12 1 1 1 10 7 12 1 1 1 9 12 1 1 9 12 1 1 7 1 10 12 1 9 12 1 10 12 1 9 12 1 10 7 12 1 1 1 10 7 12 1 1 1 10 7 12 1 1 1 11 7 12 1 1 1 7 1 7 1 10 10 12 1 1 8 1 10 12 1 10 12 7 1 10 12 1 10 12 1 1 11 7 12 1 1 1 11 7 12 1 1 1 11 12 1 1 7 1 8 1 8 1 10 9 12 1 1 10 7 12 1 1 11 12 1 1 10 12 1 1 10 12 1 1 10 12 1 1 10 7 12 1 1 1 10 12 1 10 7 12 1 1 1 10 12 1 1 11 7 12 1 1 1 10 7 12 1 1 7 1 10 7 12 1 1 1 10 12 1 100 1 8 1 10 12 1 1 10 8 1 10 12 1 1 10 12 1 1 10 12 1 1 11 7 12 1 1 11 12 1 7 1 10 11 12 1 1 11 10 12 1 1 7 1 10 12 1 10 7 12 1 10 12 1 7 1 10 12 1 10 7 12 1 1 1 100 1 10 12 1 1 11 12 1 7 1 100 1 10 12 1 10 12 1 1 100 1 100 1 10 12 1 10 12 1 18 12 1 1 10 12 1 10 12 1 1 18 100 1 10 7 12 1 1 1 7 1 10 10 12 1 1 10 12 1 1 10 12 1 1 10 12 1 9 12 1 1 100 1 10 10 12 1 1 10 12 1 1 10 12 1 10 12 10 12 1 1 10 12 1 1 10 12 1 1 10 12 1 10 12 1 1 18 12 1 7 1 10 12 1 1 10 12 1 10 12 1 1 10 12 1 100 1 10 12 1 7 1 10 12 1 10 7 12 1 1 1 10 12 1 11 12 1 7 1 10 12 1 7 1 100 1 10 12 1 10 12 1 11 12 1 1 10 12 1 1 10 12 1 1 10 12 1 1 10 12 1 1 10 12 1 10 12 1 10 12 1 10 12 1 8 1 10 12 1 1 10 7 12 1 1 10 12 1 100 1 8 1 8 1 10 10 12 1 8 1 8 1 10 7 12 1 1 1 11 7 12 1 1 1 9 7 12 1 1 1 10 7 12 1 1 1 9 12 1 9 12 1 9 12 1 9 12 1 9 12 1 9 12 1 10 7 12 1 1 1 8 1 10 12 1 7 1 10 12 1 1 10 12 1 7 1 10 11 12 1 1 10 12 10 12 1 10 12 1 100 1 10 12 1 10 12 1 10 10 12 1 10 7 12 1 1 8 1 10 7 12 1 1 10 12 1 1 1 1 1 1 1 1 1 1 1 1 1 1 1 1 1 1 1 1 1 1 1 1 1 1 1 1 1 1 1 1 1 1 1 1 1 1 1 1 1 1 1 1 1 1 1 1 1 1 1 1 1 1 1 1 7 1 1 1 1 1 1 1 1 1 1 1 1 1 1 1 1 1 1 7 1 7 1 1 1 1 1 1 1 1 1 1 1 1 1 1 1 1 1 1 1 1 1 1 1 1 1 1 1 1 1 1 1 1 1 1 1 1 1 1 1 1 1 1 1 1 1 1 1 1 1 1 1 100 1 1 16 15 10 12 16 15 10 12 16 15 10 12 16 1 15 10 100 12 1 1 1 1 1 100 1 1 1 1 1 100 1 100 1 1
staticfield jdk/internal/loader/BuiltinClassLoader packageToModule Ljava/util/Map; java/util/concurrent/ConcurrentHashMap
staticfield jdk/internal/loader/BuiltinClassLoader $assertionsDisabled Z 1
ciInstanceKlass jdk/internal/loader/ClassLoaders$AppClassLoader 1 1 119 8 1 10 7 12 1 1 1 10 7 12 1 1 1 10 7 12 1 1 1 10 12 1 1 10 7 12 1 1 1 10 12 1 1 10 12 1 1 7 1 8 1 10 12 10 7 12 1 1 1 10 7 12 1 1 10 12 1 1 10 12 1 1 10 7 12 1 1 1 7 1 10 12 1 1 1 1 1 1 1 1 1 1 1 1 1 1 1 1 1 1 1 1 1 7 1 1 1 1 1 1 1 1 1 1 1 1 1 1 1 1 1 1 1 7 1 1 1
ciInstanceKlass jdk/internal/loader/ClassLoaders$PlatformClassLoader 1 1 42 8 1 10 7 12 1 1 1 10 7 12 1 1 1 7 1 10 12 1 7 1 1 1 1 1 1 1 1 1 1 1 1 1 1 7 1 1 1 100 1 1
ciInstanceKlass java/lang/ArithmeticException 1 1 26 10 100 12 1 1 1 10 12 1 100 1 1 1 1 5 0 1 1 1 1 1 1 1 1 1
ciInstanceKlass java/lang/ArrayStoreException 1 1 26 10 100 12 1 1 1 10 12 1 100 1 1 1 1 5 0 1 1 1 1 1 1 1 1 1
ciInstanceKlass java/lang/ClassCastException 1 1 26 10 7 12 1 1 1 10 12 1 100 1 1 1 1 5 0 1 1 1 1 1 1 1 1 1
ciInstanceKlass java/lang/ClassNotFoundException 1 1 96 7 1 10 7 12 1 1 1 10 12 1 10 12 1 1 10 100 12 1 1 1 8 1 10 100 12 1 1 1 10 7 12 1 1 10 100 12 1 1 1 10 100 12 1 1 1 10 12 1 1 7 1 10 12 1 9 12 1 1 1 1 1 5 0 1 1 1 1 1 1 1 1 1 1 1 1 1 1 1 1 1 1 100 1 1 1 1 1 1 1 1 1 1 1 1
staticfield java/lang/ClassNotFoundException serialPersistentFields [Ljava/io/ObjectStreamField; 1 [Ljava/io/ObjectStreamField;
instanceKlass java/nio/file/ProviderMismatchException
instanceKlass java/nio/file/InvalidPathException
instanceKlass java/nio/charset/UnsupportedCharsetException
instanceKlass java/nio/charset/IllegalCharsetNameException
instanceKlass java/lang/NumberFormatException
ciInstanceKlass java/lang/IllegalArgumentException 1 1 35 10 7 12 1 1 1 10 12 1 10 12 1 10 12 1 100 1 1 1 1 5 0 1 1 1 1 1 1 1 1 1 1 1 1
ciInstanceKlass java/lang/IllegalMonitorStateException 1 1 26 10 100 12 1 1 1 10 12 1 100 1 1 1 1 5 0 1 1 1 1 1 1 1 1 1
ciInstanceKlass java/lang/BootstrapMethodError 0 0 45 10 100 12 1 1 1 10 12 1 10 12 1 10 100 12 1 1 1 10 100 12 1 1 1 1 1 1 5 0 1 1 1 1 1 1 1 1 1 1 1 100 1 1 1
instanceKlass java/lang/ExceptionInInitializerError
instanceKlass java/lang/ClassFormatError
instanceKlass java/lang/UnsatisfiedLinkError
instanceKlass java/lang/IncompatibleClassChangeError
instanceKlass java/lang/BootstrapMethodError
instanceKlass java/lang/NoClassDefFoundError
ciInstanceKlass java/lang/LinkageError 1 1 31 10 7 12 1 1 1 10 12 1 10 12 1 100 1 1 1 1 5 0 1 1 1 1 1 1 1 1 1 1 1
ciInstanceKlass java/lang/NullPointerException 1 1 52 10 7 12 1 1 1 10 12 1 9 7 12 1 1 1 10 12 1 1 9 12 1 1 10 12 1 1 10 12 1 1 1 1 5 0 1 1 1 1 1 1 1 1 100 1 100 1 100 1 1 1
ciInstanceKlass java/lang/NoClassDefFoundError 0 0 26 10 100 12 1 1 1 10 12 1 100 1 1 1 1 5 0 1 1 1 1 1 1 1 1 1
ciInstanceKlass java/lang/StackOverflowError 1 1 26 10 100 12 1 1 1 10 12 1 100 1 1 1 1 5 0 1 1 1 1 1 1 1 1 1
ciInstanceKlass java/lang/StackTraceElement 1 1 235 10 7 12 1 1 1 10 7 12 1 1 9 12 1 1 9 12 1 1 9 12 1 9 12 1 8 1 10 100 12 1 1 1 7 1 9 12 1 8 1 9 12 1 9 12 1 9 12 1 1 10 12 1 1 10 12 1 8 1 10 100 12 1 1 1 7 1 10 12 1 10 12 1 1 10 12 1 10 12 1 1 10 12 1 10 12 1 10 10 12 1 8 1 10 12 1 10 12 1 1 10 12 1 1 10 12 1 10 12 1 10 12 1 9 12 1 1 10 7 12 1 1 1 10 12 1 1 7 1 10 12 1 1 10 7 12 1 1 10 7 12 1 1 1 10 7 12 1 1 10 7 12 1 1 10 10 12 1 1 10 12 1 1 10 12 1 1 10 12 1 7 1 1 1 1 1 1 1 3 1 3 1 1 5 0 1 1 1 1 1 1 1 1 1 1 1 1 1 1 1 1 1 1 1 1 1 1 1 1 1 1 1 1 1 7 1 7 1 1 1 1 1 1 1 100 1 1 1 1 1 1 1 1 1
instanceKlass java/util/concurrent/locks/AbstractQueuedSynchronizer
ciInstanceKlass java/util/concurrent/locks/AbstractOwnableSynchronizer 1 1 32 10 7 12 1 1 1 9 7 12 1 1 1 100 1 1 1 1 5 0 1 1 1 1 1 1 1 1 1 1 1 1
ciInstanceKlass jdk/internal/vm/Continuation 0 0 549 9 100 12 1 1 1 9 12 1 9 12 1 100 1 7 1 10 12 1 1 8 1 10 12 1 1 10 12 1 10 12 1 1 10 12 1 9 7 12 1 1 1 11 100 12 1 1 1 10 7 1 9 12 1 1 9 12 1 1 10 8 1 10 12 1 9 12 1 1 10 11 12 1 1 100 1 10 100 12 1 1 1 10 12 1 1 10 12 1 10 12 1 1 11 12 1 1 9 12 1 1 10 12 1 1 18 12 1 1 10 7 12 1 1 1 100 1 10 12 1 11 100 12 1 1 1 10 12 1 9 12 1 10 12 1 1 100 1 8 1 10 12 1 10 12 1 1 9 12 1 1 11 12 1 1 9 12 1 1 8 1 10 11 12 1 1 11 12 1 1 10 12 1 1 10 12 1 1 9 12 1 10 12 1 10 10 12 1 8 1 10 12 1 8 1 8 1 10 7 12 1 1 1 10 7 12 1 1 1 10 12 1 9 12 1 11 12 1 7 1 10 12 1 10 12 1 1 9 12 1 1 7 1 10 12 1 1 9 12 1 1 10 12 1 10 12 1 11 7 12 1 1 10 7 1 10 12 1 8 1 9 12 1 10 12 1 1 9 12 1 1 10 7 12 1 1 8 1 8 1 8 1 8 1 10 12 1 1 10 12 1 10 12 1 10 12 1 10 12 1 1 10 12 1 1 8 1 10 12 1 1 9 12 1 1 10 12 1 1 9 12 1 8 1 10 7 12 1 1 1 10 12 1 8 1 100 1 8 1 10 9 12 1 1 8 1 10 7 12 1 1 10 100 12 1 1 8 1 8 1 10 12 10 100 12 1 1 1 10 7 1 10 7 12 1 1 1 18 11 100 12 1 1 1 18 12 1 11 12 1 1 7 1 10 7 12 1 1 10 12 1 1 8 10 12 1 1 10 100 12 1 1 1 10 100 12 1 1 10 12 1 8 1 10 12 1 7 1 7 1 10 12 1 1 1 1 1 1 1 1 1 1 1 1 1 1 1 1 1 1 1 1 1 1 1 1 1 1 1 1 1 1 1 1 1 1 1 1 1 1 1 1 1 1 1 1 1 1 1 1 1 1 1 1 1 1 1 1 1 1 1 1 1 1 1 1 1 1 1 1 1 1 1 1 1 1 1 100 1 1 16 1 15 10 12 16 15 11 7 12 1 1 1 16 1 16 1 15 10 12 16 15 10 100 12 1 1 1 1 1 1 1 1 100 1 100 1 1
ciInstanceKlass jdk/internal/misc/UnsafeConstants 1 1 34 10 100 12 1 1 1 9 7 12 1 1 1 9 12 1 9 12 1 1 9 12 1 9 12 1 1 1 1 1 1 1 1 1
staticfield jdk/internal/misc/UnsafeConstants ADDRESS_SIZE0 I 8
staticfield jdk/internal/misc/UnsafeConstants PAGE_SIZE I 4096
staticfield jdk/internal/misc/UnsafeConstants BIG_ENDIAN Z 0
staticfield jdk/internal/misc/UnsafeConstants UNALIGNED_ACCESS Z 1
staticfield jdk/internal/misc/UnsafeConstants DATA_CACHE_LINE_FLUSH_SIZE I 0
instanceKlass com/sun/jna/win32/W32APIOptions$2
instanceKlass com/sun/jna/win32/W32APIOptions$1
instanceKlass org/eclipse/jdt/ls/core/internal/preferences/Preferences$ReferencedLibraries$3
instanceKlass java/lang/ProcessEnvironment
instanceKlass java/util/LinkedHashMap
ciInstanceKlass java/util/HashMap 1 1 629 10 7 12 1 1 1 7 1 10 12 1 1 7 1 10 7 12 1 1 1 100 1 11 12 1 1 11 12 1 11 12 1 1 10 7 12 1 1 1 7 1 3 10 7 12 1 1 1 100 1 7 1 10 8 1 10 12 1 1 10 12 1 10 12 1 1 10 12 1 10 7 12 1 1 1 8 1 10 12 1 9 12 1 1 10 12 1 9 12 1 1 4 10 12 1 10 12 1 1 11 7 12 1 1 9 12 1 1 10 7 12 1 1 1 6 0 10 12 1 1 11 12 1 1 11 7 12 1 1 1 11 7 12 1 1 1 11 12 1 1 7 1 11 12 1 11 12 1 10 12 1 10 12 1 1 9 12 10 12 1 1 9 7 12 1 1 1 9 12 9 12 1 10 12 1 1 9 12 1 7 1 10 12 1 1 10 12 1 1 10 12 1 1 10 12 1 1 10 12 1 1 9 12 1 10 12 1 1 3 4 10 12 1 1 10 12 1 1 9 12 1 1 9 10 12 1 1 10 12 1 1 10 12 1 1 10 12 1 9 12 1 1 7 1 10 12 1 10 12 1 10 7 12 1 1 1 7 1 9 12 1 1 7 1 10 9 12 7 1 10 100 1 10 11 7 12 1 1 1 100 1 10 11 100 12 1 1 11 7 12 1 1 1 10 12 1 100 1 7 1 10 12 1 10 12 1 10 12 1 10 100 12 1 1 10 12 1 1 10 12 1 1 10 100 12 1 1 1 8 10 100 12 1 1 1 100 1 10 4 4 10 12 1 1 10 100 12 1 1 1 10 12 1 8 1 6 0 10 100 12 1 1 1 100 1 11 100 12 1 1 1 10 12 1 10 12 1 10 10 12 1 1 6 0 8 1 10 12 1 10 12 7 1 7 1 1 1 1 5 0 1 3 1 1 1 3 1 3 1 3 1 1 1 1 1 1 1 1 1 1 1 1 1 1 1 1 1 1 1 1 1 1 100 1 1 1 1 1 1 1 1 1 1 1 1 1 1 1 1 1 1 1 1 1 1 1 1 1 1 1 1 1 1 1 1 1 100 1 1 1 1 1 1 1 1 1 1 1 1 1 1 1 1 1 1 1 1 1 1 1 1 1 1 1 1 1 1 1 1 1 1 1 1 1 1 1 1 1 1 1 1 1 1 1 1 1 1 1 7 1 1 1 1 1 1 1 1 1 1 1 1 1 1 1 1 1 1 1 1 1 1 1 1 1 1 1 1 1 1 1 1 1 1 1 1 1 1 1 1 1 1 1 1 1 1 1 1 100 1 1 1 1 1 1 1 1 7 1 1 1 1 1 1 1 1 1 1 1 1 1 1 1 1 1 1 100 1 100 1 100 1 100 1 100 1 100 1 100 1 100 1 1 1 1 1 1 1 1 1 1 1 1 1 1 1 1 1 1
ciInstanceKlass java/lang/invoke/LambdaForm 1 1 1059 7 1 100 1 10 7 12 1 1 1 9 12 1 1 9 12 1 9 12 1 9 12 1 1 9 12 1 1 9 12 1 1 9 12 1 1 9 12 1 1 9 12 1 10 7 12 1 1 9 12 1 10 12 1 1 100 1 10 10 12 1 1 10 12 1 10 12 1 10 12 1 1 10 12 1 9 12 1 9 12 1 10 12 1 1 10 7 12 1 1 1 10 12 1 1 9 100 12 1 1 1 10 12 1 1 9 7 12 1 1 10 12 1 10 12 1 1 10 12 1 1 10 12 1 1 7 1 10 7 12 1 1 1 10 12 1 1 10 12 1 10 12 1 1 9 12 1 1 9 12 1 9 12 1 1 10 12 1 9 12 1 10 100 12 1 1 1 10 12 1 1 7 1 10 12 1 9 12 1 1 10 7 12 1 1 1 10 12 1 10 12 1 7 1 10 12 1 10 12 1 10 12 1 1 10 12 1 1 10 12 1 10 12 1 10 12 1 10 12 1 1 8 1 10 12 1 10 12 1 10 10 12 1 8 1 8 1 9 12 1 9 12 1 1 10 12 1 1 10 12 1 9 12 1 10 12 1 1 10 7 12 1 1 1 10 12 1 1 10 12 1 10 12 1 10 100 12 1 1 1 9 12 1 10 12 1 8 1 8 1 8 1 8 1 8 1 8 1 8 1 8 1 10 12 1 9 12 1 7 1 10 12 1 1 9 12 1 10 12 1 10 12 1 1 10 12 10 12 1 10 12 1 1 10 12 1 1 10 10 12 1 1 10 12 1 1 7 1 8 1 10 12 1 1 10 12 1 10 12 1 1 10 8 1 10 12 1 1 8 1 8 1 8 1 10 12 1 10 12 1 10 12 1 1 100 1 10 12 1 1 10 12 1 1 10 7 12 1 1 1 10 12 1 1 9 12 1 1 8 1 10 100 12 1 1 1 10 7 12 1 1 10 12 10 12 1 1 10 12 1 1 9 12 1 8 10 12 1 1 100 1 10 12 1 1 10 12 1 9 7 12 1 1 9 7 12 1 1 1 8 1 10 100 12 1 1 10 12 1 1 7 1 7 1 10 10 12 1 1 10 12 1 1 8 1 8 1 7 1 8 1 10 12 10 12 1 10 12 1 10 12 1 1 8 1 8 1 10 12 1 10 12 1 1 8 1 8 1 8 1 7 1 8 1 7 1 8 1 7 1 8 1 10 12 1 8 1 9 10 7 12 1 1 1 10 12 1 9 12 1 1 10 12 1 10 10 12 1 10 12 1 10 12 1 10 12 1 1 10 12 1 10 12 1 1 10 12 1 1 10 12 1 1 10 12 1 1 8 1 100 10 12 1 10 12 1 9 12 1 1 10 7 12 1 1 8 1 8 1 7 1 8 1 8 1 8 1 8 1 8 1 8 1 8 1 8 1 10 12 1 1 10 12 1 1 10 12 1 10 12 1 10 12 1 10 12 1 8 1 8 1 8 1 10 12 1 8 1 10 12 1 8 1 8 1 8 1 8 1 8 1 10 12 1 10 12 1 10 12 1 1 10 7 12 1 1 1 10 12 1 10 12 1 10 12 1 10 12 1 10 12 1 10 12 1 10 12 1 9 12 1 1 8 1 10 12 1 1 9 12 1 1 10 12 1 1 9 12 1 9 12 1 1 9 12 1 9 12 1 1 7 1 10 7 12 1 1 1 9 12 1 10 12 1 10 12 1 8 1 10 12 1 9 12 1 1 7 1 10 7 12 1 1 1 8 1 100 1 10 12 1 9 12 1 9 12 1 10 12 1 10 12 1 10 7 12 1 1 1 10 12 1 9 7 12 1 1 10 12 1 1 10 12 1 10 12 1 10 12 1 9 12 10 12 1 10 10 12 1 9 12 1 9 9 12 1 7 9 12 1 1 10 12 1 1 9 12 1 10 12 1 10 7 1 9 1 1 1 1 3 1 3 1 1 3 1 3 1 1 1 1 1 1 1 1 1 1 1 1 1 1 1 1 1 1 1 1 1 1 1 1 1 1 1 1 1 1 1 1 1 1 1 1 1 1 1 1 1 1 1 1 1 1 1 1 1 1 1 100 1 1 1 1 1 1 1 1 1 1 1 1 1 1 1 1 1 1 1 1 1 1 1 1 1 1 1 1 1 1 1 1 1 1 1 1 1 1 1 1 1 1 1 1 1 1 1 1 1 1 1 1 1 1 1 1 1 1 1 1 1 1 100 1 1 1 1 1 1 1 1 1 1 1 1 1 1 1 1 1 1 1 1 1 1 1 1 1 1 1 1 1 1 1 1 1 1 7 1 1 1 1 1 1 1 1 1 1 1 1 1 1 1 1 1 1 1 1 1 1 100 1 1 1 100 1 1 7 1 1 1 1 1 1 1 1 1 1 1
staticfield java/lang/invoke/LambdaForm DEFAULT_CUSTOMIZED Ljava/lang/invoke/MethodHandle; 
staticfield java/lang/invoke/LambdaForm DEFAULT_KIND Ljava/lang/invoke/LambdaForm$Kind; java/lang/invoke/LambdaForm$Kind
staticfield java/lang/invoke/LambdaForm COMPILE_THRESHOLD I 0
staticfield java/lang/invoke/LambdaForm INTERNED_ARGUMENTS [[Ljava/lang/invoke/LambdaForm$Name; 5 [[Ljava/lang/invoke/LambdaForm$Name;
staticfield java/lang/invoke/LambdaForm IMPL_NAMES Ljava/lang/invoke/MemberName$Factory; java/lang/invoke/MemberName$Factory
staticfield java/lang/invoke/LambdaForm LF_identity [Ljava/lang/invoke/LambdaForm; 6 [Ljava/lang/invoke/LambdaForm;
staticfield java/lang/invoke/LambdaForm LF_zero [Ljava/lang/invoke/LambdaForm; 6 [Ljava/lang/invoke/LambdaForm;
staticfield java/lang/invoke/LambdaForm NF_identity [Ljava/lang/invoke/LambdaForm$NamedFunction; 6 [Ljava/lang/invoke/LambdaForm$NamedFunction;
staticfield java/lang/invoke/LambdaForm NF_zero [Ljava/lang/invoke/LambdaForm$NamedFunction; 6 [Ljava/lang/invoke/LambdaForm$NamedFunction;
staticfield java/lang/invoke/LambdaForm createFormsLock Ljava/lang/Object; java/lang/Object
staticfield java/lang/invoke/LambdaForm DEBUG_NAME_COUNTERS Ljava/util/HashMap; 
staticfield java/lang/invoke/LambdaForm DEBUG_NAMES Ljava/util/HashMap; 
staticfield java/lang/invoke/LambdaForm TRACE_INTERPRETER Z 0
staticfield java/lang/invoke/LambdaForm $assertionsDisabled Z 1
ciInstanceKlass java/lang/invoke/MemberName 1 1 724 7 1 7 1 100 1 9 12 1 1 10 7 12 1 1 1 9 12 1 1 10 12 1 1 10 12 1 1 10 12 1 1 10 12 1 10 12 1 1 10 7 12 1 1 1 10 12 1 9 7 12 1 1 10 12 1 7 1 7 1 10 12 1 8 1 10 12 1 1 10 12 1 10 12 1 1 10 12 1 9 12 1 1 8 1 10 100 12 1 1 1 7 1 10 10 12 1 1 100 1 100 1 10 12 1 9 12 1 1 100 1 8 1 10 12 1 10 12 1 10 12 1 10 12 1 10 12 1 1 10 12 1 10 12 1 10 12 1 1 8 1 8 1 10 12 1 8 1 9 12 1 1 3 10 12 1 10 12 1 10 12 1 10 10 7 12 1 1 1 10 12 1 10 12 1 10 12 1 10 12 1 7 1 8 10 12 1 1 10 12 1 1 8 1 9 7 1 8 9 7 1 10 12 1 1 10 12 1 10 12 1 8 1 10 12 1 1 10 12 1 10 12 1 10 12 1 10 12 1 1 7 1 10 12 1 1 10 12 1 8 1 10 12 1 10 12 1 8 1 10 12 1 1 10 12 1 1 7 1 10 12 1 1 10 12 8 1 8 1 7 1 10 12 1 10 100 12 1 1 1 100 1 10 12 10 12 1 10 12 1 10 12 1 10 12 1 10 10 12 1 10 12 1 10 12 1 3 10 12 1 3 10 12 1 3 3 3 3 3 3 10 12 1 3 9 12 1 10 12 1 1 3 10 12 1 10 10 7 12 1 1 1 10 12 1 1 10 7 12 1 1 10 10 12 1 10 12 1 1 10 12 1 10 10 12 1 1 10 12 1 10 12 1 10 12 1 7 1 10 10 10 12 100 1 10 10 10 12 1 1 10 12 1 1 10 10 12 1 8 10 7 1 10 12 1 10 7 1 10 12 1 10 12 1 10 12 1 10 10 12 1 10 12 1 1 10 12 1 1 10 12 1 10 12 1 10 12 1 100 1 10 12 1 1 100 1 8 1 10 7 1 10 12 1 10 12 10 12 1 1 10 12 1 10 12 1 8 1 8 1 8 1 8 1 10 12 1 10 12 1 10 7 12 1 1 1 8 1 8 1 10 12 1 8 1 10 10 10 12 1 10 12 1 8 1 8 1 10 10 12 1 8 1 10 100 12 1 1 1 8 1 100 1 10 12 1 10 12 1 1 10 12 1 8 1 8 1 8 1 8 1 100 1 10 8 1 8 1 8 1 8 1 10 12 1 7 1 100 1 7 1 10 100 1 10 7 1 10 7 12 1 1 1 9 7 12 1 1 1 7 1 7 1 1 1 1 1 1 1 3 1 3 1 3 1 3 1 3 1 3 1 1 1 1 1 1 1 1 3 1 3 1 1 1 1 1 1 1 1 1 1 1 1 1 1 1 1 1 1 1 1 1 1 1 1 1 1 1 1 1 1 1 1 1 1 1 1 1 1 1 1 1 1 1 1 1 1 1 1 1 1 1 1 1 1 1 1 1 1 1 1 1 1 1 1 1 1 1 1 1 1 1 1 1 1 1 1 1 1 1 1 1 1 1 1 1 1 1 1 1 1 1 1 1 1 1 1 7 1 1 1 1 1 1 1 1 1 1 1 1 1 1 1
staticfield java/lang/invoke/MemberName $assertionsDisabled Z 1
instanceKlass java/lang/invoke/VarHandleLongs$FieldInstanceReadOnly
instanceKlass java/lang/invoke/VarHandleBooleans$FieldInstanceReadOnly
instanceKlass java/lang/invoke/VarHandleReferences$FieldInstanceReadOnly
instanceKlass java/lang/invoke/VarHandleByteArrayAsDoubles$ByteArrayViewVarHandle
instanceKlass java/lang/invoke/VarHandleByteArrayAsFloats$ByteArrayViewVarHandle
instanceKlass java/lang/invoke/VarHandleByteArrayAsChars$ByteArrayViewVarHandle
instanceKlass java/lang/invoke/VarHandleByteArrayAsShorts$ByteArrayViewVarHandle
instanceKlass java/lang/invoke/VarHandleInts$FieldInstanceReadOnly
instanceKlass java/lang/invoke/VarHandleByteArrayAsLongs$ByteArrayViewVarHandle
instanceKlass java/lang/invoke/VarHandleByteArrayAsInts$ByteArrayViewVarHandle
instanceKlass java/lang/invoke/VarHandleReferences$FieldStaticReadOnly
ciInstanceKlass java/lang/invoke/VarHandle 1 1 474 10 7 12 1 1 1 10 7 12 1 1 9 12 1 1 9 12 1 1 100 1 10 8 1 10 12 1 1 10 7 12 1 1 1 10 12 1 1 10 7 12 1 1 1 9 100 12 1 1 1 10 12 1 1 10 7 12 1 1 1 10 12 1 1 9 12 1 10 12 1 9 12 1 1 10 7 12 1 1 10 12 1 9 7 12 1 1 1 9 12 1 1 10 12 1 1 100 1 7 1 10 8 1 10 12 1 1 10 12 1 8 1 10 12 1 10 12 1 9 12 1 1 9 12 1 10 12 1 10 12 1 1 10 12 1 10 10 100 12 1 1 1 10 12 1 1 10 12 1 1 10 7 12 1 1 1 10 100 12 1 1 1 10 100 12 1 1 1 9 12 1 1 9 10 12 1 10 12 1 1 10 12 1 1 10 12 1 10 7 12 1 1 1 9 12 1 1 10 12 1 1 9 12 1 10 12 1 10 12 1 10 7 12 1 1 100 1 10 9 7 12 1 1 1 9 12 1 1 10 7 12 1 1 1 10 12 1 10 12 1 10 12 1 10 12 1 10 12 1 10 12 1 1 8 10 12 1 1 7 1 10 12 1 1 7 1 1 1 1 1 1 1 1 1 1 1 1 1 1 1 1 1 1 1 1 1 1 1 1 1 1 1 1 1 1 1 1 1 1 1 1 1 1 1 1 1 1 1 1 1 1 1 1 1 1 1 1 1 1 1 1 1 1 1 1 1 1 1 1 1 1 1 1 100 1 1 1 1 1 1 1 1 100 1 1 1 1 1 1 1 1 1 1 1 1 100 1 100 1 1 100 1 100 1 100 1 100 1 100 1 100 1 100 1 100 1 100 1 100 1 100 1 100 1 100 1 100 1 100 1 100 1 100 1 100 1 100 1 100 1 100 1 100 1 100 1 100 1 100 1 100 1 100 1 100 1 100 1 100 1 100 1 100 1 100 1 100 1 100 1 1 1 1 1 1 100 1 1 1 100 1 1 100 1 100 1 100 1 100 1 100 1 100 1 1 1 1 100 1 100 1 100 1 100 1 100 1 100 1 100 1 100 1
staticfield java/lang/invoke/VarHandle VFORM_OFFSET J 16
staticfield java/lang/invoke/VarHandle $assertionsDisabled Z 1
instanceKlass jdk/internal/reflect/FieldAccessorImpl
instanceKlass jdk/internal/reflect/ConstructorAccessorImpl
instanceKlass jdk/internal/reflect/MethodAccessorImpl
ciInstanceKlass jdk/internal/reflect/MagicAccessorImpl 1 1 16 10 7 12 1 1 1 100 1 1 1 1 1 1 1 1
instanceKlass jdk/internal/reflect/DirectMethodHandleAccessor
ciInstanceKlass jdk/internal/reflect/MethodAccessorImpl 1 1 38 10 7 12 1 1 1 10 100 12 1 1 1 100 1 1 1 1 1 1 1 100 1 100 1 1 1 1 1 1 1 1 1 1 1 1 1 1
ciInstanceKlass jdk/internal/reflect/MethodAccessor 1 0 17 100 1 100 1 1 1 1 100 1 100 1 1 1 1 1 1
instanceKlass jdk/internal/reflect/DirectConstructorHandleAccessor$NativeAccessor
instanceKlass jdk/internal/reflect/DirectConstructorHandleAccessor
instanceKlass jdk/internal/reflect/NativeConstructorAccessorImpl
ciInstanceKlass jdk/internal/reflect/ConstructorAccessorImpl 1 1 27 10 7 12 1 1 1 100 1 100 1 1 1 1 1 1 1 1 1 100 1 100 1 100 1 1 1
ciInstanceKlass jdk/internal/reflect/ConstructorAccessor 1 0 16 100 1 100 1 1 1 1 100 1 100 1 100 1 1 1
ciInstanceKlass jdk/internal/reflect/DelegatingClassLoader 0 0 18 10 100 12 1 1 1 100 1 1 1 1 1 1 1 1 1 1
ciInstanceKlass jdk/internal/reflect/CallerSensitive 1 0 17 100 1 100 1 100 1 1 1 1 1 1 1 1 1 1 1
ciInstanceKlass jdk/internal/reflect/NativeConstructorAccessorImpl 0 0 125 10 7 12 1 1 1 9 7 12 1 1 1 100 1 10 12 1 9 12 1 1 9 12 1 1 10 100 12 1 1 1 10 7 12 1 1 1 10 7 12 1 1 1 9 12 1 9 12 1 1 9 12 1 1 10 7 12 1 1 1 100 1 10 10 12 1 1 10 12 1 10 12 1 1 10 12 1 7 1 10 12 1 1 10 12 1 1 8 10 12 1 1 1 1 1 1 1 1 1 1 1 1 1 1 1 1 1 1 1 1 1 1 100 1 100 1 100 1 1 1 1 1 1 1
ciInstanceKlass jdk/internal/reflect/ConstantPool 1 1 142 10 7 12 1 1 1 9 7 12 1 1 1 10 12 1 1 10 12 1 1 10 12 1 10 12 1 1 10 12 1 1 10 12 1 10 12 1 1 10 12 1 10 12 1 1 10 12 1 10 12 1 10 12 1 10 12 1 1 10 12 1 1 10 12 1 1 10 12 1 1 10 12 1 10 12 1 1 10 100 12 1 1 1 8 11 7 12 1 1 1 10 7 12 1 1 1 1 1 1 1 1 1 1 1 1 1 1 1 1 1 1 1 1 1 1 1 1 1 1 1 1 1 1 1 1 1 1 1 1 1 1 1 1 1 1 1 1 1 1 1 1
ciInstanceKlass jdk/internal/reflect/UnsafeStaticFieldAccessorImpl 0 0 47 10 7 12 1 1 1 9 7 12 1 1 1 10 7 12 1 1 1 9 12 1 1 8 11 100 12 1 1 1 10 100 12 1 1 1 1 1 1 1 1 1 1 1 1 1 1
ciInstanceKlass jdk/internal/reflect/FieldAccessor 1 0 48 100 1 100 1 1 1 1 100 1 1 1 1 1 1 1 1 1 1 1 1 1 1 1 1 1 1 1 100 1 1 1 1 1 1 1 1 1 1 1 1 1 1 1 1 1 1 1
instanceKlass jdk/internal/reflect/MethodHandleFieldAccessorImpl
instanceKlass jdk/internal/reflect/UnsafeFieldAccessorImpl
ciInstanceKlass jdk/internal/reflect/FieldAccessorImpl 1 1 269 10 7 12 1 1 1 9 7 12 1 1 1 10 7 12 1 1 1 10 7 12 1 1 10 7 12 1 1 1 10 12 1 1 7 1 10 10 12 1 1 10 12 1 1 8 1 10 10 12 1 100 1 8 1 10 12 1 8 1 10 12 1 8 1 10 12 1 100 1 10 12 1 1 10 8 1 10 12 1 1 8 1 10 7 12 1 1 8 1 10 7 12 1 1 8 1 10 7 12 1 1 8 1 10 7 12 1 1 8 1 10 7 12 1 1 8 1 10 7 12 1 1 8 1 10 7 12 1 1 8 1 10 7 12 1 1 10 12 1 1 8 1 10 12 1 1 10 100 12 1 1 1 8 1 10 12 1 8 1 8 1 8 1 8 1 10 7 12 1 1 1 8 1 8 1 8 1 10 12 7 1 1 1 1 1 1 1 1 1 1 1 1 1 1 1 1 1 1 1 1 1 1 1 1 1 1 1 1 1 1 1 1 1 1 1 1 1 1 1 1 1 1 1 1 1 1 1 1 1 1 1 1 1 1 1 1 1 1 1 1 1 1 1 1 1 1 1 1 1 1 1 1 1 1 1 1 1 1 1 1 1 1 1 1 1 1 1 1
instanceKlass jdk/internal/reflect/UnsafeStaticFieldAccessorImpl
ciInstanceKlass jdk/internal/reflect/UnsafeFieldAccessorImpl 0 0 62 10 100 12 1 1 1 10 100 12 1 1 1 10 100 12 1 1 1 9 100 12 1 1 10 12 1 9 12 1 1 10 100 12 1 1 1 9 12 1 1 10 12 1 10 12 1 1 1 1 1 1 1 1 1 1 1 1 1 1 1 1
instanceKlass java/lang/invoke/VolatileCallSite
instanceKlass java/lang/invoke/MutableCallSite
instanceKlass java/lang/invoke/ConstantCallSite
ciInstanceKlass java/lang/invoke/CallSite 1 1 296 10 7 12 1 1 1 10 7 12 1 1 1 9 12 1 1 10 7 12 1 1 1 10 12 1 7 1 10 12 1 1 10 12 1 1 9 100 12 1 1 1 10 7 12 1 1 10 12 1 1 100 1 7 1 10 10 7 12 1 1 1 10 12 1 1 8 1 10 12 1 10 12 1 1 10 12 1 10 12 1 1 10 12 1 1 10 10 100 12 1 1 10 12 1 1 9 12 1 9 100 12 1 1 1 8 1 10 7 12 1 1 1 10 12 1 1 7 1 10 12 1 1 9 12 1 8 1 100 1 10 12 1 10 12 1 100 1 8 1 10 10 12 1 10 12 1 1 100 1 10 12 1 1 10 12 1 10 12 1 10 12 1 1 10 12 1 1 9 12 1 1 8 10 12 1 1 9 12 1 1 100 1 10 10 12 1 10 7 12 1 1 1 10 12 1 1 10 12 1 1 10 12 1 10 7 12 1 1 1 7 1 8 1 10 10 12 10 12 1 1 7 1 7 1 7 1 8 1 10 12 1 10 7 12 1 1 1 1 1 1 1 1 1 1 1 1 1 1 1 1 1 1 1 1 1 1 1 1 1 1 1 1 1 1 1 1 1 1 1 1 1 1 1 1 1 1 1 1 1 1 1 1 1 1 1 1 1 1 1 7 1 7 1 1 1
staticfield java/lang/invoke/CallSite $assertionsDisabled Z 1
ciInstanceKlass java/lang/invoke/ConstantCallSite 1 1 65 10 7 12 1 1 1 9 7 12 1 1 1 9 12 1 1 10 7 12 1 1 1 10 12 1 100 1 10 12 9 12 1 1 100 1 10 10 12 1 1 10 12 1 1 1 1 1 1 1 1 1 1 1 1 1 100 1 1 1 1 1 1 1 1
staticfield java/lang/invoke/ConstantCallSite UNSAFE Ljdk/internal/misc/Unsafe; jdk/internal/misc/Unsafe
instanceKlass java/lang/invoke/DirectMethodHandle$StaticAccessor
instanceKlass java/lang/invoke/DirectMethodHandle$Special
instanceKlass java/lang/invoke/DirectMethodHandle$Interface
instanceKlass java/lang/invoke/DirectMethodHandle$Constructor
instanceKlass java/lang/invoke/DirectMethodHandle$Accessor
ciInstanceKlass java/lang/invoke/DirectMethodHandle 1 1 923 7 1 7 1 100 1 7 1 7 1 10 7 12 1 1 1 10 7 12 1 1 1 7 1 10 12 1 10 12 1 1 10 7 12 1 1 10 12 1 1 10 12 1 10 12 1 7 1 10 12 1 1 10 12 1 1 10 12 1 10 12 1 1 10 7 12 1 1 1 10 12 1 9 12 1 1 100 1 10 9 12 1 1 9 12 1 10 12 1 10 12 1 10 12 1 1 10 12 1 10 12 1 10 12 1 10 7 12 1 1 1 10 12 1 10 12 1 1 8 1 10 12 1 1 7 1 10 12 1 7 1 10 10 12 1 10 12 1 10 12 1 10 7 12 1 1 1 10 12 1 1 7 1 10 12 1 10 12 1 7 1 10 12 1 10 12 1 1 10 12 1 1 10 12 1 8 10 7 12 1 1 1 10 12 1 10 12 1 10 12 1 1 10 12 1 9 7 12 1 1 1 7 1 10 12 1 10 7 12 1 1 1 10 12 1 10 12 1 1 9 12 1 1 7 1 10 8 1 10 12 1 1 10 12 1 1 8 1 10 12 1 10 12 1 10 10 12 1 10 12 1 10 12 1 10 12 1 10 12 1 1 10 12 1 10 12 1 1 10 12 1 10 12 1 1 10 10 7 12 1 1 1 10 12 1 10 12 1 1 10 12 1 10 12 1 1 8 1 9 7 12 1 1 1 8 1 9 12 1 9 12 1 8 1 9 12 1 9 12 1 8 1 9 12 1 9 12 1 8 1 10 12 1 10 12 1 1 9 12 1 1 7 1 10 12 1 1 7 1 10 7 12 1 1 1 10 12 1 1 10 12 1 10 12 1 1 7 1 10 12 1 1 10 12 1 10 12 1 1 7 1 10 12 1 1 10 12 1 10 7 12 1 1 1 10 12 1 10 12 1 1 10 12 1 9 12 1 1 10 7 1 9 12 9 12 1 10 7 12 1 1 1 10 12 1 7 1 7 1 7 1 9 12 1 1 10 7 12 1 1 1 10 12 10 12 1 7 1 10 12 1 10 12 1 1 8 1 9 12 1 9 12 1 10 12 1 1 9 12 1 1 10 7 12 1 1 1 9 12 1 1 9 12 1 1 10 12 1 10 12 1 10 12 1 10 12 1 1 10 12 1 9 12 1 10 12 1 10 12 1 10 12 1 10 12 1 1 10 12 1 1 9 12 1 1 10 12 1 1 9 7 12 1 1 1 9 12 1 9 12 1 9 12 1 9 12 1 9 12 1 9 12 1 9 12 1 9 12 1 9 12 1 9 12 1 9 12 1 9 12 1 9 12 1 9 12 1 9 12 1 9 12 1 9 12 1 9 12 1 9 12 1 9 12 1 9 12 1 9 12 1 9 12 1 9 12 1 9 12 1 9 12 1 9 12 1 9 12 1 9 12 1 9 12 1 9 12 1 9 12 1 9 12 1 9 12 1 9 12 1 9 12 1 8 1 9 12 1 1 9 12 1 1 10 12 1 10 12 1 1 9 7 1 10 12 1 9 12 1 1 10 12 10 12 1 10 12 1 10 12 1 10 12 1 10 8 1 8 1 8 1 8 1 10 12 1 1 9 12 1 1 10 12 1 10 100 12 1 1 1 8 9 12 1 1 10 12 1 1 8 1 8 8 9 12 1 8 1 8 8 8 8 8 1 8 10 12 1 7 1 10 12 1 8 1 8 1 10 12 1 10 12 1 10 12 1 10 12 1 1 7 1 1 1 1 3 1 3 1 3 1 3 1 3 1 3 1 3 1 3 1 3 1 3 1 1 1 1 1 1 1 1 1 1 3 1 3 1 1 1 1 3 1 1 1 1 1 1 1 1 1 1 1 1 1 1 1 1 1 1 1 1 1 1 1 1 1 1 1 1 1 1 1 1 1 1 1 1 1 1 1 1 1 1 1 1 1 1 1 1 1 1 1 1 1 1 1 1 1 100 1 1 1 1 1 1 1 1 1 100 1 1 1 1 1 1 1 1 1 1 1 1 1 1 1 1 1 1 1 1 1 1 1 1 1 1 1 1 1 1 1 1 1 1 1 1 1 1 1 1 1 1 1 1 1 1 1 1 1 1 1 1
staticfield java/lang/invoke/DirectMethodHandle IMPL_NAMES Ljava/lang/invoke/MemberName$Factory; java/lang/invoke/MemberName$Factory
staticfield java/lang/invoke/DirectMethodHandle FT_UNCHECKED_REF I 8
staticfield java/lang/invoke/DirectMethodHandle ACCESSOR_FORMS [Ljava/lang/invoke/LambdaForm; 132 [Ljava/lang/invoke/LambdaForm;
staticfield java/lang/invoke/DirectMethodHandle ALL_WRAPPERS [Lsun/invoke/util/Wrapper; 10 [Lsun/invoke/util/Wrapper;
staticfield java/lang/invoke/DirectMethodHandle NFS [Ljava/lang/invoke/LambdaForm$NamedFunction; 12 [Ljava/lang/invoke/LambdaForm$NamedFunction;
staticfield java/lang/invoke/DirectMethodHandle OBJ_OBJ_TYPE Ljava/lang/invoke/MethodType; java/lang/invoke/MethodType
staticfield java/lang/invoke/DirectMethodHandle LONG_OBJ_TYPE Ljava/lang/invoke/MethodType; java/lang/invoke/MethodType
staticfield java/lang/invoke/DirectMethodHandle $assertionsDisabled Z 1
ciInstanceKlass java/lang/invoke/MutableCallSite 0 0 63 10 100 12 1 1 1 10 12 1 9 100 12 1 1 1 10 12 1 10 12 1 1 9 12 1 1 10 100 12 1 1 1 10 100 12 1 1 1 10 12 1 1 1 1 1 1 1 1 1 1 1 1 1 1 1 1 1 1 100 1 1 1
ciInstanceKlass java/lang/invoke/VolatileCallSite 0 0 37 10 100 12 1 1 1 10 12 1 10 100 12 1 1 1 10 12 1 10 12 1 1 1 1 1 1 1 1 1 1 1 1 1 1 1 1
ciInstanceKlass java/lang/invoke/ResolvedMethodName 1 1 16 10 100 12 1 1 1 100 1 1 1 1 1 1 1 1
ciInstanceKlass java/lang/invoke/MethodHandleNatives 1 1 685 100 1 10 7 12 1 1 1 9 7 12 1 1 1 10 12 1 1 100 1 10 10 12 1 1 10 12 1 10 12 1 8 1 8 1 8 1 8 1 8 1 8 1 8 1 8 1 8 1 8 1 10 12 1 1 7 1 10 7 12 1 1 1 10 7 12 1 1 1 7 1 10 10 12 1 1 8 1 10 12 1 8 1 10 12 1 1 8 1 10 12 1 1 9 7 12 1 1 1 8 1 10 100 12 1 1 1 7 1 10 12 100 1 100 1 8 1 7 1 10 10 12 1 7 1 9 7 12 1 1 10 12 1 1 10 12 1 10 7 12 1 1 1 10 12 1 1 9 12 1 8 1 10 12 1 1 10 12 1 8 1 10 12 1 1 7 1 10 12 1 10 7 12 1 1 1 10 12 1 10 12 1 1 10 12 1 1 8 1 10 12 1 1 8 1 10 12 1 8 1 8 1 8 1 7 1 10 12 1 8 1 10 7 12 1 1 1 10 12 1 1 10 7 12 1 1 10 10 12 1 1 10 12 1 10 100 12 1 1 1 100 1 8 1 10 100 12 1 1 1 7 1 8 1 10 12 1 8 1 8 1 8 1 8 1 8 1 10 12 1 1 10 12 1 1 10 12 1 10 12 1 1 10 12 1 1 7 1 10 12 1 7 1 7 1 10 12 1 10 12 1 8 1 8 1 10 10 12 1 1 10 12 1 1 8 1 10 7 12 1 1 8 1 8 1 10 12 1 1 10 7 12 1 1 1 100 1 10 12 1 1 7 1 9 12 1 1 10 7 12 1 1 1 10 10 12 1 9 12 1 10 12 1 9 12 1 9 12 1 10 12 1 1 10 12 1 10 12 1 1 7 1 7 1 10 12 1 1 10 12 1 10 12 1 1 10 7 12 1 1 1 10 12 1 8 1 10 12 1 10 12 1 10 12 1 1 10 12 1 10 7 12 1 1 1 10 12 1 1 100 1 8 1 10 9 7 12 1 1 1 10 12 1 1 10 12 1 1 7 1 10 12 1 1 10 12 1 1 100 1 100 1 10 10 100 1 100 1 10 100 1 10 10 12 1 1 10 7 1 10 12 1 10 12 1 1 10 12 1 1 10 12 1 1 10 12 1 10 12 1 1 10 8 1 10 12 1 10 12 1 10 12 1 10 12 1 10 12 1 1 10 12 1 10 12 1 10 12 1 10 10 7 12 1 1 10 12 1 1 1 1 1 1 1 1 1 1 1 1 1 7 1 1 1 1 1 1 1 1 1 1 1 1 1 1 1 1 1 1 1 1 1 1 1 1 1 1 1 1 1 1 1 1 1 1 1 1 1 1 1 1 1 1 1 1 1 1 1 1 1 1 1 1 1 1 1 1 1 1 1 1 1 1 1 100 1 1 1 1 1 1 1 1 1 1 1 1 1 1 1 1 1 1 1 1 1 1 1 1 1 1 1 1 1 1 1 1 1 100 1 1 1 1 1 1 1 1 1 1 1 1 1 1 1 1 1 1 1 1 1 1 1 1 1 1 1 1 1 1 1 1 100 1 1
staticfield java/lang/invoke/MethodHandleNatives $assertionsDisabled Z 1
ciInstanceKlass jdk/internal/foreign/abi/NativeEntryPoint 0 0 194 10 7 12 1 1 1 9 7 12 1 1 1 9 12 1 1 100 1 8 1 10 12 1 10 12 1 1 100 1 10 100 12 1 1 1 10 12 1 9 12 1 1 18 12 1 1 10 100 12 1 1 1 10 7 12 1 1 1 9 7 12 1 1 1 7 1 10 8 1 10 12 1 1 10 12 1 10 12 1 1 8 1 10 12 1 1 7 1 8 1 10 12 1 10 12 1 1 10 12 1 9 12 1 1 18 12 1 1 10 100 12 1 1 1 10 12 1 1 10 12 1 10 100 12 1 1 1 10 1 1 1 1 1 1 1 1 1 1 1 1 1 1 1 1 1 1 1 1 1 1 1 1 1 1 1 1 1 1 1 1 1 1 1 1 1 16 1 15 10 12 16 1 16 15 10 12 15 10 100 12 1 1 1 1 1 100 1 1 100 1 100 1 1
ciInstanceKlass jdk/internal/foreign/abi/ABIDescriptor 0 0 55 10 100 12 1 1 1 9 100 12 1 1 1 9 12 1 1 9 12 1 9 12 1 9 12 1 1 9 12 1 9 12 1 1 9 12 1 9 12 1 9 12 1 9 12 1 1 1 1 1 1 1 1 1 1
ciInstanceKlass jdk/internal/foreign/abi/VMStorage 0 0 91 10 7 12 1 1 1 9 7 12 1 1 1 9 12 1 1 9 12 1 1 9 12 1 1 7 1 10 8 1 10 12 1 1 10 12 1 10 12 1 1 10 12 1 18 12 1 18 12 1 1 18 12 1 1 1 1 1 1 1 1 1 1 1 1 1 1 1 1 1 1 1 8 1 15 15 15 15 15 10 100 12 1 1 1 1 100 1 100 1 1
ciInstanceKlass jdk/internal/foreign/abi/UpcallLinker$CallRegs 0 0 66 10 7 12 1 1 1 9 7 12 1 1 1 9 12 1 18 12 1 1 18 12 1 1 18 12 1 1 1 1 1 1 1 1 1 1 1 1 1 1 1 1 1 1 100 1 1 1 8 1 15 15 15 10 100 12 1 1 1 1 1 100 1 100 1 1
ciInstanceKlass java/lang/StackWalker 1 1 271 9 7 12 1 1 1 7 1 10 7 12 1 1 1 10 12 1 1 10 7 12 1 1 1 10 12 1 1 10 12 1 11 7 12 1 1 1 10 12 1 1 10 12 1 1 10 12 1 1 100 1 8 1 10 12 1 10 12 1 10 12 1 10 7 12 1 1 9 12 1 1 9 12 1 1 9 12 1 1 9 12 1 1 10 12 1 1 9 12 1 1 9 12 1 1 9 12 1 1 10 7 12 1 1 1 11 12 1 1 100 1 8 1 10 10 7 12 1 1 9 12 1 1 10 12 1 1 10 7 12 1 1 1 10 7 12 1 1 1 18 12 1 1 100 1 8 1 10 8 1 10 12 1 1 10 100 12 1 1 1 10 12 1 1 9 7 12 1 1 11 100 12 1 1 1 10 12 1 1 1 1 1 1 1 1 1 1 1 1 1 1 1 1 1 1 1 1 1 1 1 1 1 1 1 1 1 1 1 1 1 1 1 1 1 1 1 1 1 1 1 1 1 1 1 1 1 1 1 1 1 1 1 1 1 1 1 1 1 1 1 1 1 1 7 1 1 16 15 10 12 16 1 15 10 100 12 1 1 1 1 1 1 1 1 1 100 1 100 1 1
staticfield java/lang/StackWalker DEFAULT_EMPTY_OPTION Ljava/util/EnumSet; java/util/RegularEnumSet
staticfield java/lang/StackWalker DEFAULT_WALKER Ljava/lang/StackWalker; java/lang/StackWalker
ciInstanceKlass java/lang/StackWalker$StackFrame 1 1 41 100 1 10 12 1 1 100 1 100 1 1 1 1 1 1 1 1 1 1 1 1 1 1 1 1 1 1 1 1 1 1 1 1 1 1 1 100 1 1 1
instanceKlass java/lang/LiveStackFrameInfo
ciInstanceKlass java/lang/StackFrameInfo 1 1 142 10 7 12 1 1 1 9 7 12 1 1 1 9 7 1 9 12 1 1 11 7 12 1 1 1 9 12 1 1 11 12 1 1 10 12 1 1 10 7 12 1 1 1 10 12 1 11 12 1 11 12 1 1 11 12 1 10 12 1 1 9 12 1 1 10 12 1 1 10 7 12 1 1 10 12 1 1 11 12 1 1 9 12 1 1 10 7 1 10 12 1 9 12 1 1 10 12 1 1 100 1 8 1 10 12 1 10 7 12 1 1 1 7 1 1 1 1 1 1 1 1 1 1 1 1 1 1 1 1 1 1 7 1 1 7 1 1 1 1 1 1
staticfield java/lang/StackFrameInfo JLIA Ljdk/internal/access/JavaLangInvokeAccess; java/lang/invoke/MethodHandleImpl$1
ciInstanceKlass java/lang/LiveStackFrameInfo 0 0 97 10 7 12 1 1 1 9 7 12 1 1 1 9 12 1 9 12 1 9 12 1 9 12 1 1 7 1 10 12 1 1 10 12 1 8 1 10 12 1 1 8 1 8 1 8 1 10 100 1 10 12 1 100 1 10 12 1 7 1 7 1 1 1 3 1 3 1 1 1 1 1 1 1 1 1 1 1 1 1 1 1 1 1 1 1 1 1 1 1 1 1 1 1 100 1 1
ciInstanceKlass java/lang/LiveStackFrame 0 0 135 100 1 10 100 12 1 1 1 11 7 12 1 1 1 11 12 1 10 7 12 1 1 1 100 1 8 1 10 12 1 1 10 7 12 1 1 1 9 100 12 1 1 1 10 7 12 1 1 1 10 7 12 1 1 1 11 12 1 10 12 1 7 1 7 1 1 1 1 1 1 1 1 1 1 1 1 1 1 1 1 1 1 1 1 1 1 1 1 1 1 1 1 100 1 1 1 1 1 1 1 100 1 8 1 1 12 10 1 1 1 8 1 1 1 8 1 1 1 8 1 1 1 8 1 1 8 1 1 1 8 1 1 8 1
instanceKlass java/lang/StackStreamFactory$StackFrameTraverser
ciInstanceKlass java/lang/StackStreamFactory$AbstractStackWalker 1 1 375 7 1 7 1 3 10 7 12 1 1 1 10 7 12 1 1 10 7 12 1 1 1 9 12 1 1 10 12 1 1 9 12 1 1 9 12 1 1 9 12 1 1 9 12 1 10 7 12 1 1 1 10 12 1 1 10 7 12 1 1 9 12 1 1 9 12 1 1 10 12 1 1 9 7 12 1 1 1 10 12 1 1 10 12 1 9 12 1 1 10 7 12 1 1 1 10 12 1 1 9 12 1 1 9 7 12 1 1 1 7 1 10 8 1 10 12 1 1 10 12 1 8 1 10 12 1 1 10 100 12 1 1 1 100 1 8 1 10 12 1 8 1 10 12 10 7 12 1 1 9 12 1 8 1 5 0 8 1 8 1 9 12 1 1 10 12 1 1 18 12 1 1 10 7 12 1 1 1 10 12 1 1 10 12 1 10 12 1 9 12 1 10 12 1 10 12 1 10 12 1 10 12 1 10 12 1 10 12 1 1 8 1 10 12 1 10 12 1 10 12 1 10 12 1 1 8 1 10 12 1 1 10 12 1 1 10 12 1 1 10 12 1 10 12 1 10 100 12 1 1 1 10 12 1 10 12 1 9 12 1 8 1 10 12 1 10 12 1 10 12 1 1 10 12 1 10 12 1 10 12 1 1 10 12 1 10 12 1 10 12 1 10 12 1 10 12 1 10 12 1 1 10 12 1 1 10 12 1 8 1 1 1 1 1 1 1 1 1 1 1 1 1 7 1 1 1 1 1 1 1 7 1 1 1 1 7 1 1 1 1 1 1 1 1 1 1 1 1 1 1 1 1 1 1 1 16 15 15 10 100 12 1 1 1 1 1 1 1 1 100 1 100 1 1
ciInstanceKlass jdk/internal/module/Modules 1 1 504 10 7 12 1 1 1 9 7 12 1 1 1 11 7 12 1 1 1 11 12 1 1 11 12 1 1 11 12 1 1 11 12 1 11 12 1 11 12 1 11 12 1 11 12 1 1 10 7 12 1 1 1 10 100 12 1 1 1 18 12 1 1 10 7 12 1 1 1 7 1 10 7 12 1 1 1 10 100 12 1 1 1 10 100 12 1 1 10 12 1 1 11 12 1 9 12 1 1 11 7 12 1 1 1 10 12 1 1 10 10 12 1 10 9 12 1 1 10 100 12 1 1 10 12 1 1 10 100 12 1 1 100 1 11 100 12 1 1 1 10 100 12 1 1 1 11 100 12 1 1 10 12 1 1 10 100 12 1 1 10 100 12 1 1 1 10 12 1 1 10 12 1 1 11 12 1 1 18 12 1 1 11 100 12 1 1 10 100 12 1 1 1 11 100 12 1 1 1 7 1 11 12 1 1 11 7 12 1 1 1 11 12 1 1 10 12 1 1 10 100 12 1 1 18 12 1 1 11 12 1 1 18 12 1 1 11 12 1 1 10 12 1 18 18 10 12 1 1 9 12 1 1 11 7 12 1 1 1 100 1 10 11 12 1 11 12 1 1 11 12 1 1 10 100 1 10 12 1 1 10 100 12 1 1 10 12 1 1 11 12 10 12 1 1 7 1 10 18 12 1 10 12 1 1 7 1 8 1 10 12 1 10 100 12 1 1 18 12 1 11 11 12 10 12 1 10 10 100 1 18 12 1 10 10 10 7 12 1 1 10 7 12 1 1 1 10 12 1 1 1 1 1 1 1 1 1 1 1 1 1 1 1 1 1 1 1 1 1 1 1 1 1 1 1 1 1 1 1 1 1 100 1 1 1 1 1 1 1 1 1 1 1 1 1 1 1 1 1 1 1 1 1 1 1 1 1 1 1 1 1 1 1 1 1 1 1 7 1 1 1 1 1 1 1 1 1 1 1 1 1 1 1 1 1 1 1 1 1 1 1 16 15 10 12 1 16 16 15 10 12 1 16 1 16 1 15 10 12 1 16 1 16 1 15 10 12 16 1 15 10 16 1 15 10 12 16 1 15 10 12 16 15 10 12 16 15 10 12 15 10 100 12 1 1 1 1 1 1 100 1 100 1 1
staticfield jdk/internal/module/Modules JLA Ljdk/internal/access/JavaLangAccess; java/lang/System$2
staticfield jdk/internal/module/Modules JLMA Ljdk/internal/access/JavaLangModuleAccess; java/lang/module/ModuleDescriptor$1
staticfield jdk/internal/module/Modules $assertionsDisabled Z 1
ciInstanceKlass java/util/ArrayList 1 1 509 10 7 12 1 1 1 7 1 9 7 12 1 1 1 9 12 1 100 1 7 1 10 8 1 10 12 1 1 10 12 1 10 12 1 1 10 12 1 9 12 1 11 7 12 1 1 1 9 12 1 1 11 12 1 1 7 10 7 12 1 1 1 9 12 1 10 12 1 10 12 1 1 10 7 12 1 1 1 10 7 12 1 1 1 10 12 1 1 10 12 1 1 10 12 1 1 10 12 1 10 12 1 1 100 1 7 1 10 12 1 10 10 7 12 1 1 1 10 7 12 1 1 10 12 1 100 1 10 10 12 10 12 1 1 10 12 1 1 10 12 1 10 12 10 12 1 1 7 1 10 12 1 1 10 12 1 1 10 12 1 100 1 10 11 12 1 1 11 7 12 1 1 1 11 12 1 10 12 1 10 12 1 10 12 1 1 100 1 10 12 1 1 10 10 12 1 1 10 12 1 8 1 8 1 8 1 8 1 10 12 1 1 10 12 1 1 11 12 1 7 1 10 100 12 1 1 10 12 1 10 12 1 1 10 100 12 1 1 10 12 1 10 100 12 1 1 1 11 100 12 1 1 1 10 12 1 100 1 8 1 10 7 1 10 12 1 7 1 10 12 1 10 12 1 1 7 1 10 12 1 10 12 1 1 11 7 12 1 1 7 1 10 12 1 10 12 1 1 11 100 12 1 1 10 12 1 1 10 12 1 1 10 12 1 1 10 12 1 1 11 100 12 1 1 10 12 1 1 7 1 7 1 7 1 1 1 1 5 0 1 3 1 1 1 1 1 1 1 1 1 1 1 1 1 1 1 1 1 1 1 1 1 1 1 1 1 1 1 1 1 1 1 1 1 1 1 1 1 1 1 1 1 1 1 1 1 1 1 1 1 1 1 1 1 1 1 1 1 1 1 1 1 1 1 1 1 1 1 1 1 1 1 1 1 1 1 1 1 1 1 1 1 1 1 1 1 1 1 1 1 1 1 1 1 1 1 1 1 1 1 1 1 1 1 1 100 1 1 1 1 7 1 1 1 1 1 1 1 1 1 1 1 1 1 1 1 1 1 1 1 1 1 1 1 1 1 1 1 1 1 100 1 1 1 1 1 1 1 1 1 1 1 1 1 1 1 1 1 1 100 1 100 1 1 1 1 1 1
staticfield java/util/ArrayList EMPTY_ELEMENTDATA [Ljava/lang/Object; 0 [Ljava/lang/Object;
staticfield java/util/ArrayList DEFAULTCAPACITY_EMPTY_ELEMENTDATA [Ljava/lang/Object; 0 [Ljava/lang/Object;
ciInstanceKlass java/util/RandomAccess 1 0 7 100 1 100 1 1 1
ciMethod java/util/ArrayList size ()I 260 0 130 0 0
ciMethod java/util/ArrayList add (Ljava/lang/Object;)Z 518 0 81880 0 1392
ciMethod java/util/ArrayList toArray ([Ljava/lang/Object;)[Ljava/lang/Object; 530 0 4082 0 0
ciMethod java/util/ArrayList <init> (I)V 514 0 5378 0 464
ciMethod java/util/ArrayList add (Ljava/lang/Object;[Ljava/lang/Object;I)V 518 0 81885 0 -1
ciInstanceKlass java/lang/annotation/Annotation 1 0 17 100 1 100 1 1 1 1 1 1 1 1 1 1 1 1 1
ciInstanceKlass java/lang/ThreadLocal$ThreadLocalMap 1 1 143 9 7 12 1 1 1 10 7 12 1 1 1 9 12 1 7 1 9 12 1 1 9 7 12 1 1 10 12 1 10 12 1 1 10 12 1 1 9 12 1 1 10 12 1 1 10 12 1 1 10 12 1 1 10 12 1 1 10 12 1 1 10 12 1 1 10 12 1 1 10 12 1 10 12 1 10 12 1 10 12 1 10 12 1 1 1 3 1 1 1 1 1 1 1 1 1 1 1 1 1 1 1 1 1 1 1 1 1 1 1 1 100 1 1 1 1 1 1 1 1 1 1 1 1 1 1 1 1 1 1 1 1 1 1 1 1 1 1 1 1 1 1
ciMethod java/lang/ThreadLocal$ThreadLocalMap set (Ljava/lang/ThreadLocal;Ljava/lang/Object;)V 30 0 5141 0 -1
ciMethod java/lang/ThreadLocal$ThreadLocalMap nextIndex (II)I 154 0 10572 0 -1
ciMethod java/lang/ThreadLocal$ThreadLocalMap getEntry (Ljava/lang/ThreadLocal;)Ljava/lang/ThreadLocal$ThreadLocalMap$Entry; 566 0 5300 0 0
ciMethod java/lang/ThreadLocal$ThreadLocalMap getEntryAfterMiss (Ljava/lang/ThreadLocal;ILjava/lang/ThreadLocal$ThreadLocalMap$Entry;)Ljava/lang/ThreadLocal$ThreadLocalMap$Entry; 36 0 5503 0 248
ciMethod java/lang/ThreadLocal$ThreadLocalMap expungeStaleEntry (I)I 42 26 692 0 -1
instanceKlass lombok/eclipse/agent/PatchDelegate$1
instanceKlass lombok/core/configuration/ConfigurationFile$1
instanceKlass lombok/patcher/Symbols$1
instanceKlass jdk/internal/jimage/ImageBufferCache$1
instanceKlass sun/nio/ch/Invoker$1
instanceKlass lombok/eclipse/agent/PatchDelegate$1
instanceKlass java/lang/ThreadLocal$SuppliedThreadLocal
instanceKlass com/sun/jna/Native$7
instanceKlass com/sun/jna/Structure$2
instanceKlass com/sun/jna/Structure$1
instanceKlass org/apache/felix/scr/impl/ComponentRegistry$1
instanceKlass java/util/concurrent/locks/ReentrantReadWriteLock$Sync$ThreadLocalHoldCounter
instanceKlass jdk/internal/jimage/ImageBufferCache$1
instanceKlass jdk/internal/math/FloatingDecimal$1
instanceKlass jdk/internal/misc/CarrierThreadLocal
ciInstanceKlass java/lang/ThreadLocal 1 1 332 9 7 12 1 1 1 3 10 7 12 1 1 1 7 1 10 12 1 1 10 7 12 1 1 10 12 1 9 12 1 1 10 7 12 1 1 1 10 12 1 1 9 12 1 1 100 1 100 1 10 10 12 1 10 12 1 1 10 7 12 1 1 1 9 7 12 1 1 1 10 12 1 10 12 1 1 10 12 1 1 10 12 1 1 10 12 1 1 7 1 10 12 1 1 9 12 1 10 12 1 10 12 10 12 1 1 10 12 1 9 12 1 1 10 12 10 12 1 100 1 10 8 1 10 7 12 1 1 1 10 7 12 1 1 1 10 7 12 1 1 1 7 1 9 100 12 1 1 1 18 12 1 1 10 7 12 1 1 1 7 1 18 12 1 1 10 12 1 1 7 1 7 1 10 12 1 9 7 12 1 1 1 10 100 12 1 1 1 11 12 1 1 11 7 12 1 1 11 12 1 7 1 8 1 11 12 1 1 10 12 1 1 11 100 12 1 1 1 10 100 12 1 1 1 11 12 1 1 10 7 12 1 1 10 12 1 10 1 1 1 1 1 1 1 1 1 1 1 1 1 1 1 1 1 1 1 1 1 1 1 1 1 1 1 1 1 1 1 1 1 1 1 1 1 1 1 1 1 1 1 1 1 1 1 1 1 1 1 1 1 1 1 1 1 1 1 1 1 1 1 1 1 1 1 16 15 10 12 16 16 15 10 12 15 10 100 12 1 1 1 1 1 1 1 1 1 100 1 100 1 1
staticfield java/lang/ThreadLocal TRACE_VTHREAD_LOCALS Z 0
staticfield java/lang/ThreadLocal nextHashCode Ljava/util/concurrent/atomic/AtomicInteger; java/util/concurrent/atomic/AtomicInteger
staticfield java/lang/ThreadLocal $assertionsDisabled Z 1
ciMethod java/lang/ThreadLocal get ()Ljava/lang/Object; 106 0 14428 0 264
ciMethod java/lang/ThreadLocal set (Ljava/lang/Object;)V 12 0 6159 0 -1
ciMethod java/lang/ThreadLocal initialValue ()Ljava/lang/Object; 256 0 128 0 -1
ciMethod java/lang/ThreadLocal getMap (Ljava/lang/Thread;)Ljava/lang/ThreadLocal$ThreadLocalMap; 354 0 13113 0 0
ciMethod java/lang/ThreadLocal createMap (Ljava/lang/Thread;Ljava/lang/Object;)V 2 0 35 0 -1
ciMethod java/lang/ThreadLocal get (Ljava/lang/Thread;)Ljava/lang/Object; 310 0 5303 0 264
ciMethod java/lang/ThreadLocal setInitialValue (Ljava/lang/Thread;)Ljava/lang/Object; 26 0 928 0 0
ciMethod java/lang/ThreadLocal dumpStackIfVirtualThread ()V 0 0 1 0 -1
instanceKlass sun/nio/ch/Util$1
instanceKlass sun/nio/fs/NativeBuffers$1
ciInstanceKlass jdk/internal/misc/TerminatingThreadLocal 1 1 86 10 7 12 1 1 1 10 12 1 1 10 7 12 1 1 1 10 12 1 10 12 1 9 12 1 1 10 12 1 1 7 1 11 12 1 1 11 100 12 1 1 1 11 12 1 10 12 1 10 10 12 1 11 12 1 1 11 12 7 1 10 1 1 1 1 1 1 1 1 1 1 1 1 1 1 1 1 1 1 1 1 1 1 1 1
staticfield jdk/internal/misc/TerminatingThreadLocal REGISTRY Ljdk/internal/misc/CarrierThreadLocal; jdk/internal/misc/TerminatingThreadLocal$1
ciMethod jdk/internal/misc/TerminatingThreadLocal register (Ljdk/internal/misc/TerminatingThreadLocal;)V 24 0 61 0 -1
ciInstanceKlass java/util/WeakHashMap$Entry 1 1 112 10 7 12 1 1 1 9 7 12 1 1 1 9 12 1 1 9 12 1 1 10 12 1 1 10 7 12 1 1 1 7 1 10 12 1 11 10 7 12 1 1 1 10 12 1 11 10 100 12 1 1 1 7 1 10 12 1 10 12 1 1 8 1 10 12 1 10 12 1 1 1 1 1 1 1 1 1 1 1 1 1 1 1 1 1 1 1 1 1 1 1 1 1 1 1 1 1 1 1 1 1 1 1 1 1 1 1 1 1 7 1
ciInstanceKlass java/lang/ThreadLocal$ThreadLocalMap$Entry 1 1 37 10 7 12 1 1 1 9 7 12 1 1 1 1 1 1 1 1 1 1 1 1 1 1 1 1 1 1 1 1 100 1 1 100 1 1 1
ciInstanceKlass sun/nio/fs/NativeBuffers$1 1 1 42 100 1 10 7 12 1 1 1 10 100 12 1 1 100 1 10 100 12 1 1 1 1 1 1 1 1 1 1 1 1 1 1 1 1 1 1 1 1 1 1 1
ciMethod java/util/HashMap <init> ()V 530 0 8972 0 -1
ciMethod java/lang/Integer valueOf (I)Ljava/lang/Integer; 152 0 10345 0 -1
ciMethod java/util/Arrays copyOfRange ([CII)[C 14 0 632 0 -1
ciMethod java/util/Arrays copyOf ([Ljava/lang/Object;ILjava/lang/Class;)[Ljava/lang/Object; 66 0 5688 0 -1
ciMethod java/util/Arrays equals ([C[C)Z 524 0 21821 0 -1
ciMethod java/lang/Thread currentThread ()Ljava/lang/Thread; 0 0 1 0 -1
ciMethod java/util/Map put (Ljava/lang/Object;Ljava/lang/Object;)Ljava/lang/Object; 0 0 1 0 -1
ciMethod java/util/Map get (Ljava/lang/Object;)Ljava/lang/Object; 0 0 1 0 -1
ciMethod java/util/Map remove (Ljava/lang/Object;)Ljava/lang/Object; 0 0 1 0 -1
ciMethod java/lang/Object getClass ()Ljava/lang/Class; 256 0 128 0 -1
ciMethod java/lang/Object <init> ()V 1024 0 944216 0 136
instanceKlass java/util/concurrent/CancellationException
instanceKlass java/nio/channels/NonWritableChannelException
instanceKlass java/nio/file/ClosedDirectoryStreamException
instanceKlass java/nio/file/ClosedFileSystemException
instanceKlass java/nio/channels/OverlappingFileLockException
ciInstanceKlass java/lang/IllegalStateException 1 0 35 10 100 12 1 1 1 10 12 1 10 12 1 10 12 1 100 1 1 1 1 5 0 1 1 1 1 1 1 1 1 1 1 1 1
ciInstanceKlass java/lang/ThreadLocal$SuppliedThreadLocal 1 1 44 10 7 12 1 1 1 10 7 12 1 1 1 7 1 9 7 12 1 1 1 11 12 1 1 1 1 1 1 1 1 1 1 1 1 1 1 1 1 1 1 1 1 1
ciInstanceKlass sun/nio/ch/Util$1 1 1 55 10 7 12 1 1 1 7 1 10 10 12 1 1 10 12 1 1 10 100 12 1 1 1 10 7 12 1 1 1 10 12 1 1 1 1 1 1 1 1 1 1 1 1 1 1 1 1 1 1 1 1 1 1 1
ciInstanceKlass org/eclipse/jdt/internal/compiler/impl/CompilerOptions 1 1 1810 7 1 7 1 1 1 1 8 1 1 8 1 1 8 1 1 8 1 1 8 1 1 8 1 1 8 1 1 8 1 1 8 1 1 8 1 1 8 1 1 8 1 1 8 1 1 8 1 1 8 1 1 8 1 1 8 1 1 8 1 1 8 1 1 8 1 1 8 1 1 8 1 1 8 1 1 8 1 1 8 1 1 8 1 1 8 1 1 8 1 1 8 1 1 8 1 1 8 1 1 8 1 1 8 1 1 8 1 1 8 1 1 8 1 1 8 1 1 8 1 1 8 1 1 8 1 1 8 1 1 8 1 1 8 1 1 8 1 1 8 1 1 8 1 1 8 1 1 8 1 1 8 1 1 8 1 1 8 1 1 8 1 1 8 1 1 8 1 1 8 1 1 8 1 1 8 1 1 8 1 1 8 1 1 8 1 1 8 1 1 8 1 1 8 1 1 8 1 1 8 1 1 8 1 1 8 1 1 8 1 1 8 1 1 8 1 1 8 1 1 8 1 1 8 1 1 8 1 1 8 1 1 8 1 1 8 1 1 8 1 1 8 1 1 8 1 1 8 1 1 8 1 1 8 1 1 8 1 1 8 1 1 8 1 1 8 1 1 8 1 1 8 1 1 8 1 1 8 1 1 8 1 1 8 1 1 8 1 1 8 1 1 8 1 1 8 1 1 8 1 1 8 1 1 8 1 1 8 1 1 8 1 1 8 1 1 8 1 1 8 1 1 8 1 1 8 1 1 8 1 1 8 1 1 8 1 1 8 1 1 8 1 1 8 1 1 8 1 1 8 1 1 8 1 1 8 1 1 8 1 1 8 1 1 8 1 1 8 1 1 8 1 1 8 1 1 8 1 1 1 1 1 8 1 1 8 1 1 8 1 1 8 1 1 8 1 1 8 1 1 8 1 1 8 1 1 8 1 1 8 1 1 8 1 1 8 1 1 1 1 1 8 1 1 8 1 1 8 1 1 8 1 1 8 1 1 8 1 1 8 1 1 8 1 1 8 1 1 8 1 1 8 1 1 8 1 1 8 1 1 8 1 1 8 1 1 8 1 1 8 1 1 8 1 1 8 1 1 8 1 1 8 1 1 8 1 1 8 1 1 8 1 1 8 1 1 8 1 1 8 1 1 8 1 1 8 1 1 8 1 1 8 1 1 8 1 1 8 1 1 8 1 1 8 1 1 8 1 1 8 1 1 8 1 1 8 1 1 8 1 1 8 1 1 8 1 1 8 1 1 8 1 1 8 1 1 8 1 1 8 1 1 8 1 1 8 1 1 8 1 1 8 1 1 8 1 1 1 1 1 1 8 1 1 8 1 1 8 1 1 8 1 1 8 1 1 8 1 1 8 1 1 8 1 1 8 1 1 8 1 1 8 1 1 8 1 1 8 1 1 1 1 1 3 1 3 1 3 1 3 1 3 1 3 1 3 1 3 1 3 1 3 1 3 1 3 1 3 1 3 1 3 1 3 1 3 1 3 1 3 1 3 1 3 1 3 1 3 1 3 1 3 1 3 1 3 1 3 1 3 1 3 1 3 1 3 1 3 1 3 1 3 1 3 1 3 1 3 1 3 1 3 1 3 1 3 1 3 1 3 1 3 1 3 1 3 1 3 1 3 1 3 1 3 1 3 1 3 1 3 1 3 1 3 1 3 1 3 1 3 1 3 1 3 1 3 1 3 1 3 1 3 1 3 1 3 1 3 1 3 1 3 1 3 1 3 1 3 1 3 1 3 1 3 1 3 1 3 1 3 1 3 1 3 1 3 1 3 1 3 1 3 1 3 1 3 1 3 1 3 1 3 1 3 1 3 1 1 1 1 1 1 1 1 1 1 1 1 1 1 1 1 1 1 1 1 1 1 1 1 1 1 1 1 1 1 1 1 1 1 1 1 1 1 1 1 1 1 1 1 1 1 1 1 1 1 1 1 1 1 1 1 1 1 1 1 1 1 1 1 1 1 1 1 1 1 1 1 1 1 1 1 1 1 1 1 1 1 1 1 1 1 1 1 8 1 10 7 1 12 1 1 10 7 1 12 1 1 9 12 8 1 9 12 8 1 9 12 8 1 9 12 8 1 9 12 11 7 1 12 1 1 9 12 9 12 8 1 8 1 8 1 8 1 8 1 8 1 8 1 8 1 8 1 8 1 8 1 8 1 8 1 8 1 8 1 8 1 8 1 8 1 8 1 8 1 8 1 8 1 8 1 8 1 8 1 8 1 8 1 8 1 8 1 9 12 1 1 7 1 100 1 1 10 12 1 1 1 1 10 12 9 12 9 12 9 12 9 12 9 12 10 12 1 10 12 1 1 1 1 1 1 7 1 1 1 1 9 12 1 1 1 1 100 1 5 0 1 1 1 1 1 1 5 0 5 0 5 0 5 0 5 0 5 0 5 0 5 0 5 0 18 12 1 9 7 1 12 1 1 1 1 1 10 12 1 1 10 7 1 12 1 1 10 12 1 1 10 12 1 1 10 12 1 1 10 12 1 1 10 12 1 1 10 12 1 1 5 0 100 1 1 1 1 1 1 1 1 1 1 9 12 1 9 12 1 9 12 1 9 12 1 9 12 1 9 12 1 9 12 1 9 12 1 9 12 1 9 12 1 9 12 1 9 12 1 9 12 1 9 12 1 9 12 1 9 12 1 9 12 1 9 12 1 9 12 1 9 12 1 9 12 1 9 12 1 9 12 1 9 12 1 9 12 1 9 12 1 9 12 1 9 12 1 9 12 1 1 1 1 1 7 1 10 12 1 9 12 11 12 1 1 9 12 9 12 9 12 9 12 10 12 1 9 12 9 12 9 12 9 12 10 12 1 9 12 9 12 9 12 9 12 9 12 9 12 9 12 9 12 9 12 9 12 9 12 9 12 9 12 9 12 9 12 10 12 9 12 9 12 9 12 9 12 9 12 9 12 10 12 1 1 10 12 1 9 12 9 12 9 12 9 12 9 12 9 12 9 12 10 12 1 9 12 9 12 9 12 9 12 9 12 9 12 9 12 9 12 9 12 10 12 1 9 12 9 12 9 12 9 12 9 12 10 12 1 1 9 12 9 12 9 12 9 12 9 12 9 12 9 12 9 12 1 1 9 12 10 12 1 1 3 9 12 9 12 100 1 100 1 1 1 1 10 12 1 1 1 1 10 12 1 1 1 1 1 1 1 1 100 9 12 1 10 12 1 9 12 1 9 12 1 10 12 9 7 1 12 1 9 12 9 12 9 12 9 12 9 12 9 12 9 12 9 12 9 12 1 11 12 1 1 10 12 9 12 7 1 7 1 10 12 1 10 12 1 10 12 1 10 12 1 1 10 12 10 12 1 10 12 1 10 12 1 1 9 12 100 1 1 1 1 1 8 1 10 12 1 10 12 1 100 8 1 10 12 1 10 12 1 1 1 1 100 1 8 1 10 12 1 8 1 10 12 1 1 8 1 8 1 8 1 8 1 8 1 8 1 8 1 8 1 8 1 8 1 8 1 8 1 8 1 8 1 8 1 8 1 8 1 8 1 8 1 8 1 8 1 8 1 8 1 8 1 8 1 8 1 8 1 8 1 8 1 8 1 8 1 8 1 8 1 8 1 8 1 8 1 8 1 8 1 8 1 8 1 8 1 8 1 8 1 8 1 8 1 8 1 8 1 8 1 8 1 8 1 8 1 18 12 1 18 18 8 1 8 1 8 1 8 1 8 1 8 1 8 1 8 1 8 1 8 1 8 1 8 1 8 1 8 1 8 1 8 1 8 1 8 1 8 1 8 1 8 1 8 1 8 1 8 1 8 1 8 1 8 1 8 1 8 1 8 1 8 1 8 1 8 1 8 1 8 1 8 1 8 1 8 1 8 1 8 1 8 1 8 1 8 1 8 1 8 1 8 1 8 1 8 1 8 1 8 1 8 1 8 1 8 1 8 1 8 1 8 1 8 1 8 1 8 1 8 1 8 1 8 1 8 1 8 1 8 1 8 1 8 1 8 1 8 1 8 1 10 12 1 1 1 1 1 1 10 100 1 12 1 1 1 1 10 7 1 12 1 15 8 1 8 1 8 1 8 1 1 100 1 100 1 1
staticfield org/eclipse/jdt/internal/compiler/impl/CompilerOptions DEFAULT_OWNING_ANNOTATION_NAME [[C 5 [[C
staticfield org/eclipse/jdt/internal/compiler/impl/CompilerOptions DEFAULT_NOTOWNING_ANNOTATION_NAME [[C 5 [[C
staticfield org/eclipse/jdt/internal/compiler/impl/CompilerOptions DEFAULT_NULLABLE_ANNOTATION_NAME [[C 5 [[C
staticfield org/eclipse/jdt/internal/compiler/impl/CompilerOptions DEFAULT_NONNULL_ANNOTATION_NAME [[C 5 [[C
staticfield org/eclipse/jdt/internal/compiler/impl/CompilerOptions DEFAULT_NONNULLBYDEFAULT_ANNOTATION_NAME [[C 5 [[C
staticfield org/eclipse/jdt/internal/compiler/impl/CompilerOptions NO_STRINGS [Ljava/lang/String; 0 [Ljava/lang/String;
staticfield org/eclipse/jdt/internal/compiler/impl/CompilerOptions warningTokens [Ljava/lang/String; 29 [Ljava/lang/String;
ciInstanceKlass org/eclipse/jdt/core/compiler/CharOperation 1 1 393 7 1 100 1 1 1 1 1 1 1 1 1 1 1 1 1 1 9 12 7 9 12 7 1 9 12 9 12 9 12 9 12 1 1 1 10 12 1 1 1 1 10 7 1 12 1 1 1 1 1 1 1 1 1 1 1 1 1 1 1 1 1 1 1 1 1 1 1 1 1 1 1 1 1 10 12 1 1 1 1 1 1 1 1 1 1 1 7 1 9 12 1 10 100 1 12 1 1 10 12 1 10 12 1 1 1 1 1 1 1 10 12 1 10 12 1 1 1 100 100 1 10 12 1 10 12 1 1 1 1 1 10 12 1 10 12 1 1 10 12 1 10 12 1 1 1 1 1 1 1 1 1 100 1 1 1 1 1 1 1 11 7 1 12 1 11 12 1 1 1 1 1 1 100 1 1 1 10 7 1 12 1 1 1 1 1 1 1 1 1 1 1 1 10 12 1 1 1 1 1 1 10 12 1 1 1 10 12 10 12 1 1 1 10 12 1 1 1 1 1 1 1 1 1 1 1 1 1 10 12 1 1 1 1 1 1 1 1 1 1 1 1 1 1 10 12 10 12 1 10 7 1 1 10 12 1 1 1 10 1 1 1 1 1 1 1 10 12 3 1 1 1 1 10 12 1 1 10 12 1 10 12 1 1 1 1 1 1 10 12 10 12 1 1 1 10 12 1 1 1 1 1 1 1 1 1 1 1 1 1 1 1 1 1 1 1 1 100 1 8 1 10 10 12 1 10 100 1 12 1 1 10 12 1 1 1 1 1 1 1 1 10 12 1 1 1 1 1 1 1 1 1 1 1 1 1 1 1 1 1 1 1 1 1 1 10 12 100 1 1 1 1 1 1 1 1 1 1 1 1 1 1 1 10 12 1 1 1 1 1 1 1
staticfield org/eclipse/jdt/core/compiler/CharOperation NO_CHAR [C 0
staticfield org/eclipse/jdt/core/compiler/CharOperation NO_CHAR_CHAR [[C 0 [[C
staticfield org/eclipse/jdt/core/compiler/CharOperation NO_STRINGS [Ljava/lang/String; 0 [Ljava/lang/String;
staticfield org/eclipse/jdt/core/compiler/CharOperation ALL_PREFIX [C 1
staticfield org/eclipse/jdt/core/compiler/CharOperation COMMA_SEPARATOR [C 1
staticfield org/eclipse/jdt/core/compiler/CharOperation EMPTY_REGIONS [I 0
ciInstanceKlass org/eclipse/jdt/internal/compiler/env/IDependent 1 0 13 100 1 100 1 1 1 1 3 1 1 1 1
ciInstanceKlass org/eclipse/jdt/internal/compiler/env/IElementInfo 1 0 7 100 1 100 1 1 1
ciInstanceKlass org/eclipse/jdt/internal/compiler/lookup/TypeConstants 1 1 1596 7 1 100 1 1 1 1 1 1 1 1 1 1 1 1 1 1 1 1 1 1 1 1 1 1 1 1 1 1 1 1 1 1 1 1 1 1 1 1 1 1 1 1 1 1 1 1 1 1 1 1 1 1 1 1 1 1 1 1 1 1 1 1 1 1 1 1 1 1 1 1 1 1 1 1 1 1 1 1 1 1 1 1 1 1 1 1 1 3 1 3 1 1 1 1 1 1 1 1 8 1 1 8 1 1 1 1 1 1 1 1 1 1 1 1 1 1 1 1 1 1 1 1 1 1 1 1 1 1 1 1 1 1 1 1 1 1 1 1 1 1 1 1 1 1 1 1 1 1 1 1 1 1 1 1 1 1 1 1 1 1 1 1 1 1 1 1 1 1 1 1 1 1 1 1 1 1 1 1 1 1 1 1 1 1 1 1 1 1 1 1 1 1 1 1 1 1 1 1 1 1 1 1 1 1 1 1 1 1 1 1 1 1 1 1 1 1 1 1 1 1 1 1 1 1 1 1 1 1 1 1 1 1 1 1 1 1 1 1 1 1 1 1 1 1 1 1 1 1 1 1 1 1 1 1 1 1 1 1 1 1 1 1 1 1 1 1 1 1 1 1 1 1 1 1 1 1 1 1 1 1 1 1 1 1 1 1 1 1 1 1 3 1 1 1 1 1 1 1 1 1 1 1 1 1 1 1 1 1 1 1 1 1 1 1 1 8 1 1 1 1 8 1 1 8 1 1 1 8 1 1 8 1 1 1 1 1 8 1 10 7 1 12 1 1 9 12 8 1 9 12 8 1 9 12 8 1 9 12 8 1 9 12 8 1 9 12 8 1 9 12 8 1 9 12 8 1 9 12 8 1 9 12 8 1 9 12 8 1 9 12 8 1 9 12 8 1 9 12 8 1 9 12 8 1 9 12 8 1 9 12 8 1 9 12 8 1 9 12 8 1 9 12 8 1 9 12 8 1 9 12 8 1 9 12 8 1 9 12 8 1 9 12 8 1 9 12 8 1 9 12 8 1 9 12 8 1 9 12 8 1 9 12 8 1 9 12 8 1 9 12 8 1 9 12 8 1 9 12 8 1 9 12 8 1 9 12 8 1 9 12 9 12 8 1 9 12 8 1 9 12 9 12 9 12 9 12 8 1 9 12 8 1 9 12 8 1 9 12 9 12 9 12 8 1 9 12 8 1 9 12 8 1 9 12 8 1 9 12 8 1 9 12 8 1 9 12 8 1 9 12 8 1 9 12 8 1 9 12 8 1 9 12 8 1 9 12 8 1 9 12 8 1 9 12 8 1 9 12 8 1 9 12 8 9 12 8 1 9 12 8 1 9 12 8 9 12 8 1 9 12 8 1 9 12 8 1 9 12 8 1 9 12 8 1 9 12 8 1 9 12 8 1 9 12 8 1 9 12 8 1 9 12 8 1 9 12 8 1 9 12 8 1 9 12 8 1 9 12 8 1 9 12 8 1 9 12 8 1 9 12 8 1 9 12 8 1 9 12 8 1 9 12 8 1 9 12 8 1 9 12 8 1 9 12 8 1 9 12 8 1 9 12 8 1 9 12 8 1 9 12 8 1 9 12 8 1 9 12 8 1 9 12 8 1 9 12 8 1 9 12 8 1 9 12 8 1 9 12 8 1 9 12 8 1 9 12 8 1 9 12 8 1 9 12 8 1 9 12 7 9 12 9 12 9 12 9 12 8 1 9 12 8 1 9 12 8 1 9 12 8 1 9 12 8 1 9 12 8 1 9 12 8 1 9 12 8 1 9 12 8 1 9 12 8 1 9 12 8 1 9 12 8 1 9 12 8 1 9 12 9 12 9 12 8 1 9 12 8 1 9 12 8 1 9 12 8 1 9 12 8 1 9 12 8 1 9 12 8 1 9 12 8 1 9 12 8 1 9 12 8 1 9 12 8 1 9 12 8 1 9 12 8 1 9 12 8 1 9 12 8 1 9 12 8 1 9 12 8 1 9 12 8 1 9 12 8 1 9 12 8 1 9 12 8 1 9 12 8 1 9 12 8 1 9 12 8 1 9 12 8 1 9 12 8 1 9 12 8 1 9 12 8 1 9 12 8 1 9 12 8 1 9 12 8 1 9 12 8 1 9 12 8 1 9 12 8 1 9 12 8 1 9 12 8 1 9 12 8 1 9 12 8 1 9 12 9 12 8 1 9 12 8 1 9 12 8 1 9 12 8 1 9 12 8 1 9 12 8 1 9 12 8 1 9 12 8 1 9 12 8 9 12 8 1 8 1 9 12 8 1 8 1 8 1 9 12 8 1 9 12 8 1 9 12 8 1 8 1 9 12 8 1 9 12 8 1 9 12 8 1 9 12 8 1 9 12 9 12 8 1 9 12 8 1 9 12 8 1 9 12 8 1 9 12 8 1 9 12 8 1 9 12 8 1 9 12 8 1 9 12 8 1 9 12 8 1 9 12 8 1 9 12 8 1 9 12 8 1 8 1 9 12 8 1 8 1 9 12 8 1 9 12 8 1 8 1 9 12 8 1 9 12 7 1 10 12 1 1 8 1 8 1 8 1 8 1 9 12 8 1 8 1 8 1 8 1 8 1 8 1 8 1 8 1 8 1 8 1 8 1 8 1 8 1 8 1 8 1 9 12 8 1 8 1 8 1 8 1 8 1 8 1 8 1 8 1 8 1 8 1 8 1 8 1 9 12 7 8 1 8 1 8 1 8 1 8 1 8 1 8 1 8 1 8 1 9 12 8 1 8 1 8 1 8 1 8 1 8 1 8 1 9 12 8 1 9 12 8 1 8 1 8 1 8 1 9 12 8 1 8 1 9 12 8 1 8 1 8 1 8 1 8 1 9 12 8 1 9 12 8 1 8 1 8 1 8 1 8 1 8 1 8 1 8 1 8 1 8 1 8 1 8 1 9 12 9 12 8 1 9 12 8 1 9 12 8 1 9 12 9 12 8 1 9 12 8 1 9 12 8 1 9 12 8 1 9 12 8 1 9 12 8 1 9 12 8 1 9 12 9 12 9 12 9 12 8 1 9 12 8 1 9 12 8 1 9 12 8 1 9 12 8 1 9 12 9 12 8 1 9 12 9 12 9 12 9 12 9 12 8 1 9 12 8 1 9 12 8 1 9 12 8 1 9 12 8 1 9 12 8 1 9 12 8 1 9 12 8 1 9 12 8 1 9 12 9 12 9 12 9 12 8 1 9 12 8 1 9 12 8 1 9 12 8 1 9 12 8 1 9 12 8 1 9 12 8 1 9 12 8 1 9 12 8 1 9 12 8 1 9 12 8 1 9 12 8 1 9 12 8 1 9 12 8 1 9 12 8 1 9 12 8 1 9 12 9 12 8 1 9 12 9 12 8 1 9 12 8 9 12 8 9 12 8 1 9 12 8 1 9 12 8 1 9 12 8 1 9 12 8 1 9 12 8 1 9 12 8 1 9 12 8 1 9 12 8 1 9 12 9 12 8 1 9 12 9 12 8 1 9 12 9 12 8 1 9 12 8 1 9 12 9 12 8 1 9 12 9 12 9 12 9 12 8 1 9 12 8 1 9 12 1 1 1 1 1 100 1 1 1 100 1 1 1
staticfield org/eclipse/jdt/internal/compiler/lookup/TypeConstants JAVA [C 4
staticfield org/eclipse/jdt/internal/compiler/lookup/TypeConstants JAVAC [C 5
staticfield org/eclipse/jdt/internal/compiler/lookup/TypeConstants JAVAX [C 5
staticfield org/eclipse/jdt/internal/compiler/lookup/TypeConstants JAKARTA [C 7
staticfield org/eclipse/jdt/internal/compiler/lookup/TypeConstants LANG [C 4
staticfield org/eclipse/jdt/internal/compiler/lookup/TypeConstants BASE [C 4
staticfield org/eclipse/jdt/internal/compiler/lookup/TypeConstants IO [C 2
staticfield org/eclipse/jdt/internal/compiler/lookup/TypeConstants NIO [C 3
staticfield org/eclipse/jdt/internal/compiler/lookup/TypeConstants UTIL [C 4
staticfield org/eclipse/jdt/internal/compiler/lookup/TypeConstants ZIP [C 3
staticfield org/eclipse/jdt/internal/compiler/lookup/TypeConstants JDK [C 3
staticfield org/eclipse/jdt/internal/compiler/lookup/TypeConstants ANNOTATION [C 10
staticfield org/eclipse/jdt/internal/compiler/lookup/TypeConstants REFLECT [C 7
staticfield org/eclipse/jdt/internal/compiler/lookup/TypeConstants LENGTH [C 6
staticfield org/eclipse/jdt/internal/compiler/lookup/TypeConstants CLONE [C 5
staticfield org/eclipse/jdt/internal/compiler/lookup/TypeConstants EQUALS [C 6
staticfield org/eclipse/jdt/internal/compiler/lookup/TypeConstants GETCLASS [C 8
staticfield org/eclipse/jdt/internal/compiler/lookup/TypeConstants HASHCODE [C 8
staticfield org/eclipse/jdt/internal/compiler/lookup/TypeConstants TOSTRING [C 8
staticfield org/eclipse/jdt/internal/compiler/lookup/TypeConstants OBJECT [C 6
staticfield org/eclipse/jdt/internal/compiler/lookup/TypeConstants MAIN [C 4
staticfield org/eclipse/jdt/internal/compiler/lookup/TypeConstants SERIALVERSIONUID [C 16
staticfield org/eclipse/jdt/internal/compiler/lookup/TypeConstants SERIALPERSISTENTFIELDS [C 22
staticfield org/eclipse/jdt/internal/compiler/lookup/TypeConstants READRESOLVE [C 11
staticfield org/eclipse/jdt/internal/compiler/lookup/TypeConstants WRITEREPLACE [C 12
staticfield org/eclipse/jdt/internal/compiler/lookup/TypeConstants READOBJECT [C 10
staticfield org/eclipse/jdt/internal/compiler/lookup/TypeConstants WRITEOBJECT [C 11
staticfield org/eclipse/jdt/internal/compiler/lookup/TypeConstants CharArray_JAVA_LANG_OBJECT [C 16
staticfield org/eclipse/jdt/internal/compiler/lookup/TypeConstants CharArray_JAVA_LANG_ENUM [C 14
staticfield org/eclipse/jdt/internal/compiler/lookup/TypeConstants CharArray_JAVA_LANG_RECORD [C 16
staticfield org/eclipse/jdt/internal/compiler/lookup/TypeConstants CharArray_JAVA_LANG_RECORD_SLASH [C 16
staticfield org/eclipse/jdt/internal/compiler/lookup/TypeConstants CharArray_JAVA_LANG_ANNOTATION_ANNOTATION [C 31
staticfield org/eclipse/jdt/internal/compiler/lookup/TypeConstants CharArray_JAVA_IO_OBJECTINPUTSTREAM [C 25
staticfield org/eclipse/jdt/internal/compiler/lookup/TypeConstants CharArray_JAVA_IO_OBJECTOUTPUTSTREAM [C 26
staticfield org/eclipse/jdt/internal/compiler/lookup/TypeConstants CharArray_JAVA_IO_OBJECTSTREAMFIELD [C 25
staticfield org/eclipse/jdt/internal/compiler/lookup/TypeConstants ANONYM_PREFIX [C 4
staticfield org/eclipse/jdt/internal/compiler/lookup/TypeConstants ANONYM_SUFFIX [C 4
staticfield org/eclipse/jdt/internal/compiler/lookup/TypeConstants WILDCARD_NAME [C 1
staticfield org/eclipse/jdt/internal/compiler/lookup/TypeConstants WILDCARD_SUPER [C 7
staticfield org/eclipse/jdt/internal/compiler/lookup/TypeConstants WILDCARD_EXTENDS [C 9
staticfield org/eclipse/jdt/internal/compiler/lookup/TypeConstants WILDCARD_MINUS [C 1
staticfield org/eclipse/jdt/internal/compiler/lookup/TypeConstants WILDCARD_STAR [C 1
staticfield org/eclipse/jdt/internal/compiler/lookup/TypeConstants WILDCARD_PLUS [C 1
staticfield org/eclipse/jdt/internal/compiler/lookup/TypeConstants WILDCARD_CAPTURE_NAME_PREFIX [C 8
staticfield org/eclipse/jdt/internal/compiler/lookup/TypeConstants WILDCARD_CAPTURE_NAME_SUFFIX [C 4
staticfield org/eclipse/jdt/internal/compiler/lookup/TypeConstants WILDCARD_CAPTURE_SIGNABLE_NAME_SUFFIX [C 11
staticfield org/eclipse/jdt/internal/compiler/lookup/TypeConstants WILDCARD_CAPTURE [C 1
staticfield org/eclipse/jdt/internal/compiler/lookup/TypeConstants CAPTURE18 [C 1
staticfield org/eclipse/jdt/internal/compiler/lookup/TypeConstants BYTE [C 4
staticfield org/eclipse/jdt/internal/compiler/lookup/TypeConstants SHORT [C 5
staticfield org/eclipse/jdt/internal/compiler/lookup/TypeConstants INT [C 3
staticfield org/eclipse/jdt/internal/compiler/lookup/TypeConstants LONG [C 4
staticfield org/eclipse/jdt/internal/compiler/lookup/TypeConstants FLOAT [C 5
staticfield org/eclipse/jdt/internal/compiler/lookup/TypeConstants DOUBLE [C 6
staticfield org/eclipse/jdt/internal/compiler/lookup/TypeConstants CHAR [C 4
staticfield org/eclipse/jdt/internal/compiler/lookup/TypeConstants BOOLEAN [C 7
staticfield org/eclipse/jdt/internal/compiler/lookup/TypeConstants NULL [C 4
staticfield org/eclipse/jdt/internal/compiler/lookup/TypeConstants VOID [C 4
staticfield org/eclipse/jdt/internal/compiler/lookup/TypeConstants VALUE [C 5
staticfield org/eclipse/jdt/internal/compiler/lookup/TypeConstants VALUES [C 6
staticfield org/eclipse/jdt/internal/compiler/lookup/TypeConstants VALUEOF [C 7
staticfield org/eclipse/jdt/internal/compiler/lookup/TypeConstants UPPER_SOURCE [C 6
staticfield org/eclipse/jdt/internal/compiler/lookup/TypeConstants UPPER_CLASS [C 5
staticfield org/eclipse/jdt/internal/compiler/lookup/TypeConstants UPPER_RUNTIME [C 7
staticfield org/eclipse/jdt/internal/compiler/lookup/TypeConstants ANNOTATION_PREFIX [C 1
staticfield org/eclipse/jdt/internal/compiler/lookup/TypeConstants ANNOTATION_SUFFIX [C 2
staticfield org/eclipse/jdt/internal/compiler/lookup/TypeConstants TYPE [C 4
staticfield org/eclipse/jdt/internal/compiler/lookup/TypeConstants UPPER_FIELD [C 5
staticfield org/eclipse/jdt/internal/compiler/lookup/TypeConstants UPPER_METHOD [C 6
staticfield org/eclipse/jdt/internal/compiler/lookup/TypeConstants UPPER_PARAMETER [C 9
staticfield org/eclipse/jdt/internal/compiler/lookup/TypeConstants UPPER_CONSTRUCTOR [C 11
staticfield org/eclipse/jdt/internal/compiler/lookup/TypeConstants UPPER_LOCAL_VARIABLE [C 14
staticfield org/eclipse/jdt/internal/compiler/lookup/TypeConstants UPPER_ANNOTATION_TYPE [C 15
staticfield org/eclipse/jdt/internal/compiler/lookup/TypeConstants UPPER_PACKAGE [C 7
staticfield org/eclipse/jdt/internal/compiler/lookup/TypeConstants ANONYMOUS_METHOD [C 7
staticfield org/eclipse/jdt/internal/compiler/lookup/TypeConstants DESERIALIZE_LAMBDA [C 19
staticfield org/eclipse/jdt/internal/compiler/lookup/TypeConstants LAMBDA_TYPE [C 8
staticfield org/eclipse/jdt/internal/compiler/lookup/TypeConstants UPPER_MODULE [C 6
staticfield org/eclipse/jdt/internal/compiler/lookup/TypeConstants UPPER_RECORD_COMPONENT [C 16
staticfield org/eclipse/jdt/internal/compiler/lookup/TypeConstants YIELD [C 5
staticfield org/eclipse/jdt/internal/compiler/lookup/TypeConstants VAR [C 3
staticfield org/eclipse/jdt/internal/compiler/lookup/TypeConstants RECORD_RESTRICTED_IDENTIFIER [C 6
staticfield org/eclipse/jdt/internal/compiler/lookup/TypeConstants RECORD_CLASS [C 6
staticfield org/eclipse/jdt/internal/compiler/lookup/TypeConstants PERMITS [C 7
staticfield org/eclipse/jdt/internal/compiler/lookup/TypeConstants SEALED [C 6
staticfield org/eclipse/jdt/internal/compiler/lookup/TypeConstants NON_SEALED [C 10
staticfield org/eclipse/jdt/internal/compiler/lookup/TypeConstants TYPE_USE_TARGET [C 8
staticfield org/eclipse/jdt/internal/compiler/lookup/TypeConstants TYPE_PARAMETER_TARGET [C 14
staticfield org/eclipse/jdt/internal/compiler/lookup/TypeConstants ORG [C 3
staticfield org/eclipse/jdt/internal/compiler/lookup/TypeConstants ECLIPSE [C 7
staticfield org/eclipse/jdt/internal/compiler/lookup/TypeConstants CORE [C 4
staticfield org/eclipse/jdt/internal/compiler/lookup/TypeConstants RUNTIME [C 7
staticfield org/eclipse/jdt/internal/compiler/lookup/TypeConstants APACHE [C 6
staticfield org/eclipse/jdt/internal/compiler/lookup/TypeConstants COMMONS [C 7
staticfield org/eclipse/jdt/internal/compiler/lookup/TypeConstants LANG3 [C 5
staticfield org/eclipse/jdt/internal/compiler/lookup/TypeConstants COM [C 3
staticfield org/eclipse/jdt/internal/compiler/lookup/TypeConstants GOOGLE [C 6
staticfield org/eclipse/jdt/internal/compiler/lookup/TypeConstants JDT [C 3
staticfield org/eclipse/jdt/internal/compiler/lookup/TypeConstants INTERNAL [C 8
staticfield org/eclipse/jdt/internal/compiler/lookup/TypeConstants COMPILER [C 8
staticfield org/eclipse/jdt/internal/compiler/lookup/TypeConstants LOOKUP [C 6
staticfield org/eclipse/jdt/internal/compiler/lookup/TypeConstants TYPEBINDING [C 11
staticfield org/eclipse/jdt/internal/compiler/lookup/TypeConstants DOM [C 3
staticfield org/eclipse/jdt/internal/compiler/lookup/TypeConstants ITYPEBINDING [C 12
staticfield org/eclipse/jdt/internal/compiler/lookup/TypeConstants SPRING [C 15
staticfield org/eclipse/jdt/internal/compiler/lookup/TypeConstants JAVA_BASE [[C 2 [[C
staticfield org/eclipse/jdt/internal/compiler/lookup/TypeConstants JAVA_LANG [[C 2 [[C
staticfield org/eclipse/jdt/internal/compiler/lookup/TypeConstants JAVA_IO [[C 2 [[C
staticfield org/eclipse/jdt/internal/compiler/lookup/TypeConstants JAVA_LANG_ANNOTATION [[C 3 [[C
staticfield org/eclipse/jdt/internal/compiler/lookup/TypeConstants JAVA_LANG_ANNOTATION_ANNOTATION [[C 4 [[C
staticfield org/eclipse/jdt/internal/compiler/lookup/TypeConstants JAVA_LANG_ASSERTIONERROR [[C 3 [[C
staticfield org/eclipse/jdt/internal/compiler/lookup/TypeConstants JAVA_LANG_CLASS [[C 3 [[C
staticfield org/eclipse/jdt/internal/compiler/lookup/TypeConstants JAVA_LANG_CLASSNOTFOUNDEXCEPTION [[C 3 [[C
staticfield org/eclipse/jdt/internal/compiler/lookup/TypeConstants JAVA_LANG_NOSUCHFIELDERROR [[C 3 [[C
staticfield org/eclipse/jdt/internal/compiler/lookup/TypeConstants JAVA_LANG_CLONEABLE [[C 3 [[C
staticfield org/eclipse/jdt/internal/compiler/lookup/TypeConstants JAVA_LANG_ENUM [[C 3 [[C
staticfield org/eclipse/jdt/internal/compiler/lookup/TypeConstants JAVA_LANG_EXCEPTION [[C 3 [[C
staticfield org/eclipse/jdt/internal/compiler/lookup/TypeConstants JAVA_LANG_ERROR [[C 3 [[C
staticfield org/eclipse/jdt/internal/compiler/lookup/TypeConstants JAVA_LANG_ILLEGALARGUMENTEXCEPTION [[C 3 [[C
staticfield org/eclipse/jdt/internal/compiler/lookup/TypeConstants JAVA_LANG_INCOMPATIBLECLASSCHANGEERROR [[C 3 [[C
staticfield org/eclipse/jdt/internal/compiler/lookup/TypeConstants JAVA_LANG_ITERABLE [[C 3 [[C
staticfield org/eclipse/jdt/internal/compiler/lookup/TypeConstants JAVA_LANG_NOCLASSDEFFOUNDERROR [[C 3 [[C
staticfield org/eclipse/jdt/internal/compiler/lookup/TypeConstants JAVA_LANG_OBJECT [[C 3 [[C
staticfield org/eclipse/jdt/internal/compiler/lookup/TypeConstants JAVA_LANG_RECORD [[C 3 [[C
staticfield org/eclipse/jdt/internal/compiler/lookup/TypeConstants JAVA_LANG_STRING [[C 3 [[C
staticfield org/eclipse/jdt/internal/compiler/lookup/TypeConstants JAVA_LANG_STRINGBUFFER [[C 3 [[C
staticfield org/eclipse/jdt/internal/compiler/lookup/TypeConstants JAVA_LANG_STRINGBUILDER [[C 3 [[C
staticfield org/eclipse/jdt/internal/compiler/lookup/TypeConstants JAVA_LANG_SYSTEM [[C 3 [[C
staticfield org/eclipse/jdt/internal/compiler/lookup/TypeConstants JAVA_LANG_RUNTIMEEXCEPTION [[C 3 [[C
staticfield org/eclipse/jdt/internal/compiler/lookup/TypeConstants JAVA_LANG_THROWABLE [[C 3 [[C
staticfield org/eclipse/jdt/internal/compiler/lookup/TypeConstants JAVA_LANG_REFLECT_CONSTRUCTOR [[C 4 [[C
staticfield org/eclipse/jdt/internal/compiler/lookup/TypeConstants JAVA_IO_PRINTSTREAM [[C 3 [[C
staticfield org/eclipse/jdt/internal/compiler/lookup/TypeConstants JAVA_IO_SERIALIZABLE [[C 3 [[C
staticfield org/eclipse/jdt/internal/compiler/lookup/TypeConstants JAVA_LANG_BYTE [[C 3 [[C
staticfield org/eclipse/jdt/internal/compiler/lookup/TypeConstants JAVA_LANG_SHORT [[C 3 [[C
staticfield org/eclipse/jdt/internal/compiler/lookup/TypeConstants JAVA_LANG_CHARACTER [[C 3 [[C
staticfield org/eclipse/jdt/internal/compiler/lookup/TypeConstants JAVA_LANG_INTEGER [[C 3 [[C
staticfield org/eclipse/jdt/internal/compiler/lookup/TypeConstants JAVA_LANG_LONG [[C 3 [[C
staticfield org/eclipse/jdt/internal/compiler/lookup/TypeConstants JAVA_LANG_FLOAT [[C 3 [[C
staticfield org/eclipse/jdt/internal/compiler/lookup/TypeConstants JAVA_LANG_DOUBLE [[C 3 [[C
staticfield org/eclipse/jdt/internal/compiler/lookup/TypeConstants JAVA_LANG_BOOLEAN [[C 3 [[C
staticfield org/eclipse/jdt/internal/compiler/lookup/TypeConstants JAVA_LANG_VOID [[C 3 [[C
staticfield org/eclipse/jdt/internal/compiler/lookup/TypeConstants JAVA_UTIL_COLLECTION [[C 3 [[C
staticfield org/eclipse/jdt/internal/compiler/lookup/TypeConstants JAVA_UTIL_ITERATOR [[C 3 [[C
staticfield org/eclipse/jdt/internal/compiler/lookup/TypeConstants NEXT [C 4
staticfield org/eclipse/jdt/internal/compiler/lookup/TypeConstants JAVA_UTIL_OBJECTS [[C 3 [[C
staticfield org/eclipse/jdt/internal/compiler/lookup/TypeConstants JAVA_UTIL_LIST [[C 3 [[C
staticfield org/eclipse/jdt/internal/compiler/lookup/TypeConstants JAVA_UTIL_ARRAYS [[C 3 [[C
staticfield org/eclipse/jdt/internal/compiler/lookup/TypeConstants JAVA_LANG_DEPRECATED [[C 3 [[C
staticfield org/eclipse/jdt/internal/compiler/lookup/TypeConstants FOR_REMOVAL [C 10
staticfield org/eclipse/jdt/internal/compiler/lookup/TypeConstants SINCE [C 5
staticfield org/eclipse/jdt/internal/compiler/lookup/TypeConstants JAVA_LANG_ANNOTATION_DOCUMENTED [[C 4 [[C
staticfield org/eclipse/jdt/internal/compiler/lookup/TypeConstants JAVA_LANG_ANNOTATION_INHERITED [[C 4 [[C
staticfield org/eclipse/jdt/internal/compiler/lookup/TypeConstants JAVA_LANG_ANNOTATION_REPEATABLE [[C 4 [[C
staticfield org/eclipse/jdt/internal/compiler/lookup/TypeConstants JAVA_LANG_OVERRIDE [[C 3 [[C
staticfield org/eclipse/jdt/internal/compiler/lookup/TypeConstants JAVA_LANG_FUNCTIONAL_INTERFACE [[C 3 [[C
staticfield org/eclipse/jdt/internal/compiler/lookup/TypeConstants JAVA_LANG_ANNOTATION_RETENTION [[C 4 [[C
staticfield org/eclipse/jdt/internal/compiler/lookup/TypeConstants JAVA_LANG_SUPPRESSWARNINGS [[C 3 [[C
staticfield org/eclipse/jdt/internal/compiler/lookup/TypeConstants JAVA_LANG_ANNOTATION_TARGET [[C 4 [[C
staticfield org/eclipse/jdt/internal/compiler/lookup/TypeConstants JAVA_LANG_ANNOTATION_RETENTIONPOLICY [[C 4 [[C
staticfield org/eclipse/jdt/internal/compiler/lookup/TypeConstants JAVA_LANG_ANNOTATION_ELEMENTTYPE [[C 4 [[C
staticfield org/eclipse/jdt/internal/compiler/lookup/TypeConstants JDK_INTERNAL_PREVIEW_FEATURE [[C 3 [[C
staticfield org/eclipse/jdt/internal/compiler/lookup/TypeConstants JDK_INTERNAL_JAVAC_PREVIEW_FEATURE [[C 4 [[C
staticfield org/eclipse/jdt/internal/compiler/lookup/TypeConstants JAVA_LANG_REFLECT_FIELD [[C 4 [[C
staticfield org/eclipse/jdt/internal/compiler/lookup/TypeConstants JAVA_LANG_REFLECT_METHOD [[C 4 [[C
staticfield org/eclipse/jdt/internal/compiler/lookup/TypeConstants JAVA_IO_CLOSEABLE [[C 3 [[C
staticfield org/eclipse/jdt/internal/compiler/lookup/TypeConstants JAVA_IO_OBJECTSTREAMEXCEPTION [[C 3 [[C
staticfield org/eclipse/jdt/internal/compiler/lookup/TypeConstants JAVA_IO_EXTERNALIZABLE [[C 3 [[C
staticfield org/eclipse/jdt/internal/compiler/lookup/TypeConstants JAVA_IO_IOEXCEPTION [[C 3 [[C
staticfield org/eclipse/jdt/internal/compiler/lookup/TypeConstants JAVA_IO_OBJECTOUTPUTSTREAM [[C 3 [[C
staticfield org/eclipse/jdt/internal/compiler/lookup/TypeConstants JAVA_IO_OBJECTINPUTSTREAM [[C 3 [[C
staticfield org/eclipse/jdt/internal/compiler/lookup/TypeConstants JAVA_IO_IO [[C 3 [[C
staticfield org/eclipse/jdt/internal/compiler/lookup/TypeConstants JAVA_NIO_FILE_FILES [[C 4 [[C
staticfield org/eclipse/jdt/internal/compiler/lookup/TypeConstants JAVAX_RMI_CORBA_STUB [[C 4 [[C
staticfield org/eclipse/jdt/internal/compiler/lookup/TypeConstants JAVA_LANG_SAFEVARARGS [[C 3 [[C
staticfield org/eclipse/jdt/internal/compiler/lookup/TypeConstants INVOKE [C 6
staticfield org/eclipse/jdt/internal/compiler/lookup/TypeConstants JAVA_LANG_INVOKE_METHODHANDLE_POLYMORPHICSIGNATURE [[C 5 [[C
staticfield org/eclipse/jdt/internal/compiler/lookup/TypeConstants JAVA_LANG_INVOKE_METHODHANDLE_$_POLYMORPHICSIGNATURE [[C 4 [[C
staticfield org/eclipse/jdt/internal/compiler/lookup/TypeConstants JAVA_LANG_INVOKE_LAMBDAMETAFACTORY [[C 4 [[C
staticfield org/eclipse/jdt/internal/compiler/lookup/TypeConstants JAVA_LANG_INVOKE_SERIALIZEDLAMBDA [[C 4 [[C
staticfield org/eclipse/jdt/internal/compiler/lookup/TypeConstants JAVA_LANG_INVOKE_METHODHANDLES [[C 4 [[C
staticfield org/eclipse/jdt/internal/compiler/lookup/TypeConstants JAVA_LANG_INVOKE_METHODHANDLE [[C 4 [[C
staticfield org/eclipse/jdt/internal/compiler/lookup/TypeConstants JAVA_LANG_INVOKE_VARHANDLE [[C 4 [[C
staticfield org/eclipse/jdt/internal/compiler/lookup/TypeConstants JAVA_LANG_INVOKE_STRING_CONCAT_FACTORY [[C 4 [[C
staticfield org/eclipse/jdt/internal/compiler/lookup/TypeConstants JAVA_LANG_AUTOCLOSEABLE [[C 3 [[C
staticfield org/eclipse/jdt/internal/compiler/lookup/TypeConstants CLOSE [C 5
staticfield org/eclipse/jdt/internal/compiler/lookup/TypeConstants JAVA_LANG_RUNTIME_OBJECTMETHODS [[C 4 [[C
staticfield org/eclipse/jdt/internal/compiler/lookup/TypeConstants JAVA_LANG_RUNTIME_SWITCHBOOTSTRAPS [[C 4 [[C
staticfield org/eclipse/jdt/internal/compiler/lookup/TypeConstants JAVA_LANG_INVOKE_CONSTANTBOOTSTRAP [[C 4 [[C
staticfield org/eclipse/jdt/internal/compiler/lookup/TypeConstants PRIMITIVE_CLASS [C 14
staticfield org/eclipse/jdt/internal/compiler/lookup/TypeConstants PRIMITIVE_CLASS__SIGNATURE [C 93
staticfield org/eclipse/jdt/internal/compiler/lookup/TypeConstants GET_STATIC_FINAL [C 14
staticfield org/eclipse/jdt/internal/compiler/lookup/TypeConstants GET_STATIC_FINAL__SIGNATURE [C 94
staticfield org/eclipse/jdt/internal/compiler/lookup/TypeConstants JAVA_LANG_ENUM_ENUMDESC [[C 3 [[C
staticfield org/eclipse/jdt/internal/compiler/lookup/TypeConstants JAVA_LANG_CONSTANT_CLASSDESC [[C 4 [[C
staticfield org/eclipse/jdt/internal/compiler/lookup/TypeConstants GUAVA_CLOSEABLES [[C 5 [[C
staticfield org/eclipse/jdt/internal/compiler/lookup/TypeConstants APACHE_IOUTILS [[C 5 [[C
staticfield org/eclipse/jdt/internal/compiler/lookup/TypeConstants APACHE_DBUTILS [[C 5 [[C
staticfield org/eclipse/jdt/internal/compiler/lookup/TypeConstants CLOSE_QUIETLY [C 12
staticfield org/eclipse/jdt/internal/compiler/lookup/TypeConstants closeMethods [Lorg/eclipse/jdt/internal/compiler/lookup/TypeConstants$CloseMethodRecord; 9 [Lorg/eclipse/jdt/internal/compiler/lookup/TypeConstants$CloseMethodRecord;
staticfield org/eclipse/jdt/internal/compiler/lookup/TypeConstants JAVA_IO_WRAPPER_CLOSEABLES [[C 18 [[C
staticfield org/eclipse/jdt/internal/compiler/lookup/TypeConstants JAVA_UTIL_ZIP_WRAPPER_CLOSEABLES [[C 12 [[C
staticfield org/eclipse/jdt/internal/compiler/lookup/TypeConstants OTHER_WRAPPER_CLOSEABLES [[[C 5 [[[C
staticfield org/eclipse/jdt/internal/compiler/lookup/TypeConstants JAVA_IO_RESOURCE_FREE_CLOSEABLES [[C 7 [[C
staticfield org/eclipse/jdt/internal/compiler/lookup/TypeConstants JAVA_UTIL_STREAM [[C 3 [[C
staticfield org/eclipse/jdt/internal/compiler/lookup/TypeConstants RESOURCE_FREE_CLOSEABLE_J_U_STREAMS [[C 4 [[C
staticfield org/eclipse/jdt/internal/compiler/lookup/TypeConstants ONE_UTIL_STREAMEX [[C 3 [[C
staticfield org/eclipse/jdt/internal/compiler/lookup/TypeConstants RESOURCE_FREE_CLOSEABLE_STREAMEX [[C 5 [[C
staticfield org/eclipse/jdt/internal/compiler/lookup/TypeConstants CHANNELS [C 8
staticfield org/eclipse/jdt/internal/compiler/lookup/TypeConstants FLUENT_RESOURCE_CLASSES [[[C 16 [[[C
staticfield org/eclipse/jdt/internal/compiler/lookup/TypeConstants JAVA_UTIL_STREAM__STREAM [[C 4 [[C
staticfield org/eclipse/jdt/internal/compiler/lookup/TypeConstants FILTER [C 6
staticfield org/eclipse/jdt/internal/compiler/lookup/TypeConstants ASSERT_CLASS [C 6
staticfield org/eclipse/jdt/internal/compiler/lookup/TypeConstants ASSERTIONS_CLASS [C 10
staticfield org/eclipse/jdt/internal/compiler/lookup/TypeConstants ORG_ECLIPSE_CORE_RUNTIME_ASSERT [[C 5 [[C
staticfield org/eclipse/jdt/internal/compiler/lookup/TypeConstants IS_NOTNULL [C 9
staticfield org/eclipse/jdt/internal/compiler/lookup/TypeConstants JUNIT [C 5
staticfield org/eclipse/jdt/internal/compiler/lookup/TypeConstants FRAMEWORK [C 9
staticfield org/eclipse/jdt/internal/compiler/lookup/TypeConstants JUPITER [C 7
staticfield org/eclipse/jdt/internal/compiler/lookup/TypeConstants PARAMS [C 6
staticfield org/eclipse/jdt/internal/compiler/lookup/TypeConstants PROVIDER [C 8
staticfield org/eclipse/jdt/internal/compiler/lookup/TypeConstants API [C 3
staticfield org/eclipse/jdt/internal/compiler/lookup/TypeConstants JUNIT_FRAMEWORK_ASSERT [[C 3 [[C
staticfield org/eclipse/jdt/internal/compiler/lookup/TypeConstants ORG_JUNIT_ASSERT [[C 3 [[C
staticfield org/eclipse/jdt/internal/compiler/lookup/TypeConstants ORG_JUNIT_JUPITER_API_ASSERTIONS [[C 5 [[C
staticfield org/eclipse/jdt/internal/compiler/lookup/TypeConstants ASSERT_NULL [C 10
staticfield org/eclipse/jdt/internal/compiler/lookup/TypeConstants ASSERT_NOTNULL [C 13
staticfield org/eclipse/jdt/internal/compiler/lookup/TypeConstants ASSERT_TRUE [C 10
staticfield org/eclipse/jdt/internal/compiler/lookup/TypeConstants ASSERT_FALSE [C 11
staticfield org/eclipse/jdt/internal/compiler/lookup/TypeConstants METHOD_SOURCE [C 12
staticfield org/eclipse/jdt/internal/compiler/lookup/TypeConstants ORG_JUNIT_METHOD_SOURCE [[C 6 [[C
staticfield org/eclipse/jdt/internal/compiler/lookup/TypeConstants VALIDATE_CLASS [C 8
staticfield org/eclipse/jdt/internal/compiler/lookup/TypeConstants ORG_APACHE_COMMONS_LANG_VALIDATE [[C 5 [[C
staticfield org/eclipse/jdt/internal/compiler/lookup/TypeConstants ORG_APACHE_COMMONS_LANG3_VALIDATE [[C 5 [[C
staticfield org/eclipse/jdt/internal/compiler/lookup/TypeConstants ORG_ECLIPSE_JDT_INTERNAL_COMPILER_LOOKUP_TYPEBINDING [[C 7 [[C
staticfield org/eclipse/jdt/internal/compiler/lookup/TypeConstants ORG_ECLIPSE_JDT_CORE_DOM_ITYPEBINDING [[C 6 [[C
staticfield org/eclipse/jdt/internal/compiler/lookup/TypeConstants IS_TRUE [C 6
staticfield org/eclipse/jdt/internal/compiler/lookup/TypeConstants NOT_NULL [C 7
staticfield org/eclipse/jdt/internal/compiler/lookup/TypeConstants COM_GOOGLE_COMMON_BASE_PRECONDITIONS [[C 5 [[C
staticfield org/eclipse/jdt/internal/compiler/lookup/TypeConstants CHECK_NOT_NULL [C 12
staticfield org/eclipse/jdt/internal/compiler/lookup/TypeConstants CHECK_ARGUMENT [C 13
staticfield org/eclipse/jdt/internal/compiler/lookup/TypeConstants CHECK_STATE [C 10
staticfield org/eclipse/jdt/internal/compiler/lookup/TypeConstants REQUIRE_NON_NULL [C 14
staticfield org/eclipse/jdt/internal/compiler/lookup/TypeConstants INJECT_PACKAGE [C 6
staticfield org/eclipse/jdt/internal/compiler/lookup/TypeConstants INJECT_TYPE [C 6
staticfield org/eclipse/jdt/internal/compiler/lookup/TypeConstants JAVAX_ANNOTATION_INJECT_INJECT [[C 3 [[C
staticfield org/eclipse/jdt/internal/compiler/lookup/TypeConstants JAKARTA_ANNOTATION_INJECT_INJECT [[C 3 [[C
staticfield org/eclipse/jdt/internal/compiler/lookup/TypeConstants COM_GOOGLE_INJECT_INJECT [[C 4 [[C
staticfield org/eclipse/jdt/internal/compiler/lookup/TypeConstants OPTIONAL [C 8
staticfield org/eclipse/jdt/internal/compiler/lookup/TypeConstants IS_INSTANCE [C 10
staticfield org/eclipse/jdt/internal/compiler/lookup/TypeConstants NON_NULL [C 7
staticfield org/eclipse/jdt/internal/compiler/lookup/TypeConstants IS_NULL [C 6
staticfield org/eclipse/jdt/internal/compiler/lookup/TypeConstants JAVA_UTIL_MAP [[C 3 [[C
staticfield org/eclipse/jdt/internal/compiler/lookup/TypeConstants GET [C 3
staticfield org/eclipse/jdt/internal/compiler/lookup/TypeConstants REMOVE [C 6
staticfield org/eclipse/jdt/internal/compiler/lookup/TypeConstants REMOVE_ALL [C 9
staticfield org/eclipse/jdt/internal/compiler/lookup/TypeConstants CONTAINS_ALL [C 11
staticfield org/eclipse/jdt/internal/compiler/lookup/TypeConstants RETAIN_ALL [C 9
staticfield org/eclipse/jdt/internal/compiler/lookup/TypeConstants CONTAINS_KEY [C 11
staticfield org/eclipse/jdt/internal/compiler/lookup/TypeConstants CONTAINS_VALUE [C 13
staticfield org/eclipse/jdt/internal/compiler/lookup/TypeConstants CONTAINS [C 8
staticfield org/eclipse/jdt/internal/compiler/lookup/TypeConstants INDEX_OF [C 7
staticfield org/eclipse/jdt/internal/compiler/lookup/TypeConstants LAST_INDEX_OF [C 11
staticfield org/eclipse/jdt/internal/compiler/lookup/TypeConstants AUTOWIRED [C 9
staticfield org/eclipse/jdt/internal/compiler/lookup/TypeConstants BEANS [C 5
staticfield org/eclipse/jdt/internal/compiler/lookup/TypeConstants FACTORY [C 7
staticfield org/eclipse/jdt/internal/compiler/lookup/TypeConstants ORG_SPRING_AUTOWIRED [[C 6 [[C
staticfield org/eclipse/jdt/internal/compiler/lookup/TypeConstants REQUIRED [C 8
staticfield org/eclipse/jdt/internal/compiler/lookup/TypeConstants INIT [C 6
staticfield org/eclipse/jdt/internal/compiler/lookup/TypeConstants CLINIT [C 8
staticfield org/eclipse/jdt/internal/compiler/lookup/TypeConstants SYNTHETIC_SWITCH_ENUM_TABLE [C 14
staticfield org/eclipse/jdt/internal/compiler/lookup/TypeConstants SYNTHETIC_ENUM_VALUES [C 11
staticfield org/eclipse/jdt/internal/compiler/lookup/TypeConstants SYNTHETIC_ASSERT_DISABLED [C 19
staticfield org/eclipse/jdt/internal/compiler/lookup/TypeConstants SYNTHETIC_CLASS [C 6
staticfield org/eclipse/jdt/internal/compiler/lookup/TypeConstants SYNTHETIC_OUTER_LOCAL_PREFIX [C 4
staticfield org/eclipse/jdt/internal/compiler/lookup/TypeConstants SYNTHETIC_ENCLOSING_INSTANCE_PREFIX [C 5
staticfield org/eclipse/jdt/internal/compiler/lookup/TypeConstants SYNTHETIC_ACCESS_METHOD_PREFIX [C 7
staticfield org/eclipse/jdt/internal/compiler/lookup/TypeConstants SYNTHETIC_ENUM_CONSTANT_INITIALIZATION_METHOD_PREFIX [C 30
staticfield org/eclipse/jdt/internal/compiler/lookup/TypeConstants SYNTHETIC_STATIC_FACTORY [C 9
staticfield org/eclipse/jdt/internal/compiler/lookup/TypeConstants DEFAULT_LOCATION__PARAMETER [C 9
staticfield org/eclipse/jdt/internal/compiler/lookup/TypeConstants DEFAULT_LOCATION__RETURN_TYPE [C 11
staticfield org/eclipse/jdt/internal/compiler/lookup/TypeConstants DEFAULT_LOCATION__FIELD [C 5
staticfield org/eclipse/jdt/internal/compiler/lookup/TypeConstants DEFAULT_LOCATION__TYPE_ARGUMENT [C 13
staticfield org/eclipse/jdt/internal/compiler/lookup/TypeConstants DEFAULT_LOCATION__TYPE_PARAMETER [C 14
staticfield org/eclipse/jdt/internal/compiler/lookup/TypeConstants DEFAULT_LOCATION__TYPE_BOUND [C 10
staticfield org/eclipse/jdt/internal/compiler/lookup/TypeConstants DEFAULT_LOCATION__ARRAY_CONTENTS [C 14
staticfield org/eclipse/jdt/internal/compiler/lookup/TypeConstants DEFAULT_LOCATION__RECORD_COMPONENT [C 16
staticfield org/eclipse/jdt/internal/compiler/lookup/TypeConstants PACKAGE_INFO_NAME [C 12
staticfield org/eclipse/jdt/internal/compiler/lookup/TypeConstants MODULE_INFO_NAME [C 11
staticfield org/eclipse/jdt/internal/compiler/lookup/TypeConstants MODULE_INFO_FILE_NAME [C 16
staticfield org/eclipse/jdt/internal/compiler/lookup/TypeConstants MODULE_INFO_CLASS_NAME [C 17
staticfield org/eclipse/jdt/internal/compiler/lookup/TypeConstants JAVA_DOT_BASE [C 9
staticfield org/eclipse/jdt/internal/compiler/lookup/TypeConstants JDK_INTERNAL_VALUEBASED [[C 3 [[C
instanceKlass org/eclipse/jdt/internal/compiler/lookup/ImportBinding
instanceKlass org/eclipse/jdt/internal/compiler/lookup/ProblemBinding
instanceKlass org/eclipse/jdt/internal/compiler/lookup/Scope$1
instanceKlass org/eclipse/jdt/internal/compiler/lookup/ModuleBinding
instanceKlass org/eclipse/jdt/internal/compiler/lookup/MethodBinding
instanceKlass org/eclipse/jdt/internal/compiler/lookup/PackageBinding
instanceKlass org/eclipse/jdt/internal/compiler/lookup/VariableBinding
instanceKlass org/eclipse/jdt/internal/compiler/lookup/TypeBinding
ciInstanceKlass org/eclipse/jdt/internal/compiler/lookup/Binding 1 1 249 7 1 7 1 1 1 1 3 1 3 1 3 1 3 1 3 1 3 1 3 1 3 1 3 1 3 1 3 1 3 1 3 1 3 1 3 1 3 1 3 1 3 1 3 1 3 1 3 1 1 1 1 1 1 1 1 1 1 1 1 1 1 1 1 1 1 1 1 1 1 1 1 1 1 1 1 1 1 1 1 1 1 1 1 1 1 1 1 3 1 1 1 1 1 1 3 1 3 1 3 1 3 1 3 1 3 1 1 1 1 1 1 7 1 9 12 7 1 9 12 7 1 9 12 7 1 9 12 7 1 9 12 9 12 9 12 9 12 7 1 9 12 7 1 9 12 9 12 9 12 9 12 7 1 9 12 7 1 9 12 9 12 7 1 9 12 7 1 9 12 7 1 9 12 9 12 9 12 9 12 9 12 7 1 9 12 7 1 9 12 1 1 100 1 1 10 12 9 12 1 1 1 1 1 1 10 12 1 1 1 1 1 1 1 1 1 10 12 1 1 1 1 10 12 1 1 1 1 1 100 1 1 1 10 12 1 1 1 1 10 12 1 1 1 1 1 1 1
staticfield org/eclipse/jdt/internal/compiler/lookup/Binding NO_MODULES [Lorg/eclipse/jdt/internal/compiler/lookup/ModuleBinding; 0 [Lorg/eclipse/jdt/internal/compiler/lookup/ModuleBinding;
staticfield org/eclipse/jdt/internal/compiler/lookup/Binding NO_PACKAGES [Lorg/eclipse/jdt/internal/compiler/lookup/PackageBinding; 0 [Lorg/eclipse/jdt/internal/compiler/lookup/PackageBinding;
staticfield org/eclipse/jdt/internal/compiler/lookup/Binding NO_PLAIN_PACKAGES [Lorg/eclipse/jdt/internal/compiler/lookup/PlainPackageBinding; 0 [Lorg/eclipse/jdt/internal/compiler/lookup/PlainPackageBinding;
staticfield org/eclipse/jdt/internal/compiler/lookup/Binding NO_TYPES [Lorg/eclipse/jdt/internal/compiler/lookup/TypeBinding; 0 [Lorg/eclipse/jdt/internal/compiler/lookup/TypeBinding;
staticfield org/eclipse/jdt/internal/compiler/lookup/Binding NO_REFERENCE_TYPES [Lorg/eclipse/jdt/internal/compiler/lookup/ReferenceBinding; 0 [Lorg/eclipse/jdt/internal/compiler/lookup/ReferenceBinding;
staticfield org/eclipse/jdt/internal/compiler/lookup/Binding NO_PARAMETERS [Lorg/eclipse/jdt/internal/compiler/lookup/TypeBinding; 0 [Lorg/eclipse/jdt/internal/compiler/lookup/TypeBinding;
staticfield org/eclipse/jdt/internal/compiler/lookup/Binding NO_EXCEPTIONS [Lorg/eclipse/jdt/internal/compiler/lookup/ReferenceBinding; 0 [Lorg/eclipse/jdt/internal/compiler/lookup/ReferenceBinding;
staticfield org/eclipse/jdt/internal/compiler/lookup/Binding ANY_EXCEPTION [Lorg/eclipse/jdt/internal/compiler/lookup/ReferenceBinding; 1 [Lorg/eclipse/jdt/internal/compiler/lookup/ReferenceBinding;
staticfield org/eclipse/jdt/internal/compiler/lookup/Binding NO_FIELDS [Lorg/eclipse/jdt/internal/compiler/lookup/FieldBinding; 0 [Lorg/eclipse/jdt/internal/compiler/lookup/FieldBinding;
staticfield org/eclipse/jdt/internal/compiler/lookup/Binding NO_METHODS [Lorg/eclipse/jdt/internal/compiler/lookup/MethodBinding; 0 [Lorg/eclipse/jdt/internal/compiler/lookup/MethodBinding;
staticfield org/eclipse/jdt/internal/compiler/lookup/Binding NO_PERMITTED_TYPES [Lorg/eclipse/jdt/internal/compiler/lookup/ReferenceBinding; 0 [Lorg/eclipse/jdt/internal/compiler/lookup/ReferenceBinding;
staticfield org/eclipse/jdt/internal/compiler/lookup/Binding NO_SUPERINTERFACES [Lorg/eclipse/jdt/internal/compiler/lookup/ReferenceBinding; 0 [Lorg/eclipse/jdt/internal/compiler/lookup/ReferenceBinding;
staticfield org/eclipse/jdt/internal/compiler/lookup/Binding NO_MEMBER_TYPES [Lorg/eclipse/jdt/internal/compiler/lookup/ReferenceBinding; 0 [Lorg/eclipse/jdt/internal/compiler/lookup/ReferenceBinding;
staticfield org/eclipse/jdt/internal/compiler/lookup/Binding NO_TYPE_VARIABLES [Lorg/eclipse/jdt/internal/compiler/lookup/TypeVariableBinding; 0 [Lorg/eclipse/jdt/internal/compiler/lookup/TypeVariableBinding;
staticfield org/eclipse/jdt/internal/compiler/lookup/Binding NO_ANNOTATIONS [Lorg/eclipse/jdt/internal/compiler/lookup/AnnotationBinding; 0 [Lorg/eclipse/jdt/internal/compiler/lookup/AnnotationBinding;
staticfield org/eclipse/jdt/internal/compiler/lookup/Binding AWAITED_ANNOTATIONS [Lorg/eclipse/jdt/internal/compiler/lookup/AnnotationBinding; 0 [Lorg/eclipse/jdt/internal/compiler/lookup/AnnotationBinding;
staticfield org/eclipse/jdt/internal/compiler/lookup/Binding NO_ELEMENT_VALUE_PAIRS [Lorg/eclipse/jdt/internal/compiler/lookup/ElementValuePair; 0 [Lorg/eclipse/jdt/internal/compiler/lookup/ElementValuePair;
staticfield org/eclipse/jdt/internal/compiler/lookup/Binding NO_PARAMETER_NAMES [[C 0 [[C
staticfield org/eclipse/jdt/internal/compiler/lookup/Binding NO_COMPONENTS [Lorg/eclipse/jdt/internal/compiler/lookup/RecordComponentBinding; 0 [Lorg/eclipse/jdt/internal/compiler/lookup/RecordComponentBinding;
staticfield org/eclipse/jdt/internal/compiler/lookup/Binding UNINITIALIZED_FIELDS [Lorg/eclipse/jdt/internal/compiler/lookup/FieldBinding; 0 [Lorg/eclipse/jdt/internal/compiler/lookup/FieldBinding;
staticfield org/eclipse/jdt/internal/compiler/lookup/Binding UNINITIALIZED_METHODS [Lorg/eclipse/jdt/internal/compiler/lookup/MethodBinding; 0 [Lorg/eclipse/jdt/internal/compiler/lookup/MethodBinding;
staticfield org/eclipse/jdt/internal/compiler/lookup/Binding UNINITIALIZED_COMPONENTS [Lorg/eclipse/jdt/internal/compiler/lookup/RecordComponentBinding; 0 [Lorg/eclipse/jdt/internal/compiler/lookup/RecordComponentBinding;
staticfield org/eclipse/jdt/internal/compiler/lookup/Binding UNINITIALIZED_REFERENCE_TYPES [Lorg/eclipse/jdt/internal/compiler/lookup/ReferenceBinding; 0 [Lorg/eclipse/jdt/internal/compiler/lookup/ReferenceBinding;
staticfield org/eclipse/jdt/internal/compiler/lookup/Binding NO_INFERENCE_VARIABLES [Lorg/eclipse/jdt/internal/compiler/lookup/InferenceVariable; 0 [Lorg/eclipse/jdt/internal/compiler/lookup/InferenceVariable;
staticfield org/eclipse/jdt/internal/compiler/lookup/Binding NO_TYPE_BOUNDS [Lorg/eclipse/jdt/internal/compiler/lookup/TypeBound; 0 [Lorg/eclipse/jdt/internal/compiler/lookup/TypeBound;
instanceKlass org/eclipse/jdt/internal/compiler/lookup/PolyTypeBinding
instanceKlass org/eclipse/jdt/internal/compiler/lookup/ArrayBinding
instanceKlass org/eclipse/jdt/internal/compiler/lookup/BaseTypeBinding
instanceKlass org/eclipse/jdt/internal/compiler/lookup/ReferenceBinding
ciInstanceKlass org/eclipse/jdt/internal/compiler/lookup/TypeBinding 1 1 816 7 1 7 1 1 1 1 1 1 1 1 1 1 1 1 1 1 1 1 1 1 1 1 1 1 1 1 1 1 1 10 7 1 12 1 1 9 12 7 1 10 12 1 9 12 7 1 100 1 9 7 1 12 1 10 12 1 9 12 9 12 9 12 9 12 9 12 9 12 9 12 9 12 9 12 9 12 9 12 9 12 9 12 9 12 9 12 7 1 10 9 12 7 1 10 9 12 9 12 1 1 1 10 3 9 12 9 12 1 9 12 1 1 1 9 12 1 1 5 0 1 1 1 10 7 1 12 1 1 10 12 1 10 12 1 1 1 1 1 1 100 1 8 1 10 12 1 1 1 1 1 10 12 1 100 1 10 12 1 10 12 10 12 1 1 10 12 1 10 12 1 1 9 12 1 8 1 10 12 1 10 12 1 1 10 12 1 10 12 1 1 1 1 1 1 100 1 1 1 1 1 1 1 10 12 1 1 1 1 1 1 1 1 1 1 1 1 1 1 1 1 1 1 100 1 8 1 10 12 1 1 1 10 12 1 100 1 10 12 1 10 12 1 1 1 1 1 1 1 1 9 100 1 12 1 1 1 1 9 12 1 1 1 1 1 10 12 1 1 10 12 100 1 1 1 7 1 9 10 12 1 10 10 12 1 10 12 1 1 9 12 1 1 10 7 1 12 1 1 10 12 1 1 1 1 1 1 1 1 1 1 1 1 1 100 10 12 1 100 1 10 12 9 12 10 12 1 9 12 10 12 10 12 1 1 10 100 1 12 1 1 10 12 1 7 1 9 12 1 10 12 1 100 1 10 12 1 10 1 1 1 1 1 1 1 1 1 1 1 1 1 100 1 10 100 1 10 12 1 10 100 1 12 1 1 11 100 1 12 1 9 12 1 1 11 12 1 7 1 11 12 1 1 100 1 1 1 1 10 12 1 1 1 10 12 1 1 10 9 12 10 12 9 12 7 1 10 9 9 10 1 1 1 1 1 1 1 1 1 1 1 1 100 1 5 0 1 5 0 1 1 10 12 1 1 1 1 1 1 10 12 10 12 1 1 1 1 1 10 12 1 1 1 1 10 10 12 1 1 1 1 10 12 1 1 1 5 0 1 1 1 1 5 0 1 5 0 1 5 0 1 1 1 5 0 1 1 1 7 1 9 12 1 1 10 12 1 10 12 1 10 10 12 10 12 1 1 1 1 1 1 1 1 1 1 1 1 1 1 10 12 10 12 1 10 12 1 10 10 12 1 10 12 1 10 12 1 9 5 0 10 12 10 12 10 12 1 1 1 1 1 1 9 12 9 12 10 7 1 9 9 12 1 9 12 1 9 10 12 1 1 10 12 1 1 1 1 1 1 1 1 1 1 1 1 1 1 1 1 10 10 12 10 10 12 7 1 9 12 1 10 100 1 10 1 1 1 1 1 1 10 12 9 12 1 9 12 1 100 1 10 12 1 1 9 12 10 9 12 10 12 1 10 12 1 10 12 1 9 12 1 10 12 9 9 12 10 12 10 12 10 10 12 1 1 1 1 1 1 1 1 1 1 10 10 1 1 1 10 12 1 1 1 1 10 12 1 1 5 0 1 9 12 1 100 1 1 1 10 12 9 100 1 12 1 1 9 100 1 12 1 9 12 1 10 1 1 100 1 1 1 10 100 1 12 1 1 9 100 1 12 1 10 12 1 1 5 0 5 0 1 1 1 1 10 12 1 9 1 1 1 9 12 1 1 1 1 1 1 1 1 1 1 1 1 1 1 1 1 10 12 1 1 1 1 1 1 1 9 12 1 1 1 1 1 9 12 1 9 12 1 1 1 1 1 1 1 1 1 1 1 1 1 1 1
staticfield org/eclipse/jdt/internal/compiler/lookup/TypeBinding TYPE_USE_BINDING Lorg/eclipse/jdt/internal/compiler/lookup/ReferenceBinding; org/eclipse/jdt/internal/compiler/lookup/TypeBinding$1
staticfield org/eclipse/jdt/internal/compiler/lookup/TypeBinding INT Lorg/eclipse/jdt/internal/compiler/lookup/BaseTypeBinding; org/eclipse/jdt/internal/compiler/lookup/BaseTypeBinding
staticfield org/eclipse/jdt/internal/compiler/lookup/TypeBinding BYTE Lorg/eclipse/jdt/internal/compiler/lookup/BaseTypeBinding; org/eclipse/jdt/internal/compiler/lookup/BaseTypeBinding
staticfield org/eclipse/jdt/internal/compiler/lookup/TypeBinding SHORT Lorg/eclipse/jdt/internal/compiler/lookup/BaseTypeBinding; org/eclipse/jdt/internal/compiler/lookup/BaseTypeBinding
staticfield org/eclipse/jdt/internal/compiler/lookup/TypeBinding CHAR Lorg/eclipse/jdt/internal/compiler/lookup/BaseTypeBinding; org/eclipse/jdt/internal/compiler/lookup/BaseTypeBinding
staticfield org/eclipse/jdt/internal/compiler/lookup/TypeBinding LONG Lorg/eclipse/jdt/internal/compiler/lookup/BaseTypeBinding; org/eclipse/jdt/internal/compiler/lookup/BaseTypeBinding
staticfield org/eclipse/jdt/internal/compiler/lookup/TypeBinding FLOAT Lorg/eclipse/jdt/internal/compiler/lookup/BaseTypeBinding; org/eclipse/jdt/internal/compiler/lookup/BaseTypeBinding
staticfield org/eclipse/jdt/internal/compiler/lookup/TypeBinding DOUBLE Lorg/eclipse/jdt/internal/compiler/lookup/BaseTypeBinding; org/eclipse/jdt/internal/compiler/lookup/BaseTypeBinding
staticfield org/eclipse/jdt/internal/compiler/lookup/TypeBinding BOOLEAN Lorg/eclipse/jdt/internal/compiler/lookup/BaseTypeBinding; org/eclipse/jdt/internal/compiler/lookup/BaseTypeBinding
staticfield org/eclipse/jdt/internal/compiler/lookup/TypeBinding NULL Lorg/eclipse/jdt/internal/compiler/lookup/NullTypeBinding; org/eclipse/jdt/internal/compiler/lookup/NullTypeBinding
staticfield org/eclipse/jdt/internal/compiler/lookup/TypeBinding VOID Lorg/eclipse/jdt/internal/compiler/lookup/VoidTypeBinding; org/eclipse/jdt/internal/compiler/lookup/VoidTypeBinding
staticfield org/eclipse/jdt/internal/compiler/lookup/TypeBinding NUMERIC_TYPES [Lorg/eclipse/jdt/internal/compiler/lookup/TypeBinding; 7 [Lorg/eclipse/jdt/internal/compiler/lookup/TypeBinding;
staticfield org/eclipse/jdt/internal/compiler/lookup/TypeBinding $assertionsDisabled Z 1
instanceKlass org/eclipse/jdt/internal/compiler/lookup/IntersectionTypeBinding18
instanceKlass org/eclipse/jdt/internal/compiler/lookup/UnresolvedReferenceBinding
instanceKlass org/eclipse/jdt/internal/compiler/lookup/BinaryTypeBinding
instanceKlass org/eclipse/jdt/internal/compiler/lookup/ParameterizedTypeBinding
instanceKlass org/eclipse/jdt/internal/compiler/lookup/ReferenceBinding$1
instanceKlass org/eclipse/jdt/internal/compiler/lookup/WildcardBinding
instanceKlass org/eclipse/jdt/internal/compiler/lookup/TypeBinding$1
instanceKlass org/eclipse/jdt/internal/compiler/lookup/TypeVariableBinding
instanceKlass org/eclipse/jdt/internal/compiler/lookup/ProblemReferenceBinding
instanceKlass org/eclipse/jdt/internal/compiler/lookup/SourceTypeBinding
ciInstanceKlass org/eclipse/jdt/internal/compiler/lookup/ReferenceBinding 1 1 1660 7 1 7 1 1 1 1 1 1 1 1 1 1 1 1 1 1 1 1 1 1 1 1 1 1 1 1 1 1 1 1 1 1 1 1 1 1 1 7 1 8 1 10 12 1 1 9 12 7 1 10 12 9 12 7 1 10 9 12 7 1 10 9 12 7 1 9 7 1 12 1 100 1 10 12 1 9 12 18 12 1 1 9 12 1 1 100 1 1 10 12 1 9 12 9 12 9 12 9 12 9 12 9 12 9 12 9 12 9 12 9 12 1 1 10 1 1 1 1 1 9 7 1 12 10 12 1 1 1 1 1 1 1 1 1 1 100 100 1 5 0 9 7 1 12 1 10 7 1 12 1 1 1 1 1 1 1 100 10 7 1 12 1 1 1 1 1 1 1 1 1 1 1 1 1 10 7 1 12 1 1 1 1 1 1 1 1 1 1 10 12 1 1 1 10 12 1 1 1 9 12 1 1 100 1 5 0 1 1 1 1 1 10 12 1 10 12 1 1 1 10 12 1 1 7 1 9 12 1 1 9 100 1 12 1 1 9 100 1 12 1 1 9 100 1 12 1 1 10 12 1 10 12 1 10 12 1 1 10 12 1 10 12 1 1 10 12 1 10 12 1 1 10 10 12 1 10 12 1 10 12 1 10 10 12 1 1 1 1 1 1 1 1 1 1 1 1 1 1 1 10 7 1 12 1 1 10 12 1 1 9 10 10 1 1 1 10 12 1 10 12 1 100 1 3 9 7 1 12 1 1 10 12 1 100 1 10 12 1 10 12 1 10 12 1 1 10 12 1 10 12 1 10 100 1 8 1 10 12 1 10 12 1 1 10 12 1 1 1 1 1 1 1 1 1 1 1 100 1 9 12 1 10 12 1 9 12 1 9 12 1 9 12 1 9 12 1 9 12 1 9 12 1 9 12 1 9 12 1 9 12 1 9 12 1 9 12 1 9 12 1 9 12 1 9 12 1 9 12 1 9 12 1 9 12 1 9 12 1 9 12 1 9 12 1 9 12 1 9 12 1 9 12 1 9 12 1 9 12 1 9 12 1 9 12 1 9 12 1 9 12 1 9 12 1 9 12 1 9 12 1 9 12 1 9 12 1 9 12 1 9 12 1 9 12 1 9 12 1 9 12 1 9 12 1 9 12 1 9 12 1 9 12 1 9 12 1 9 12 1 9 12 1 9 12 1 9 12 1 9 12 1 9 12 1 9 12 1 9 12 1 9 12 1 9 12 1 9 12 1 9 12 1 9 12 1 9 12 1 9 12 1 9 12 1 9 12 1 9 12 1 9 12 1 9 12 1 9 12 1 9 12 1 9 12 1 9 12 1 9 12 1 9 12 1 9 12 1 9 12 1 9 12 1 9 12 1 9 12 1 9 12 1 9 12 1 9 12 1 9 12 1 9 12 1 9 12 1 9 12 1 9 12 1 9 12 1 9 12 1 9 12 1 9 12 1 9 12 1 9 12 1 9 12 1 9 12 1 1 1 1 1 10 7 1 12 1 1 1 1 1 1 10 12 1 1 1 1 10 12 1 10 12 1 100 1 10 12 1 10 12 1 8 1 1 1 1 5 0 5 0 9 12 1 10 12 1 10 12 1 1 100 1 10 12 1 1 9 12 1 10 100 1 12 1 1 10 12 1 10 12 5 0 1 1 1 1 1 1 100 1 1 1 1 1 9 100 1 1 1 1 1 1 3 1 1 10 12 10 12 1 1 1 10 12 1 1 1 1 1 10 12 1 10 12 1 1 9 100 1 10 12 1 1 1 1 100 1 1 9 100 1 12 1 1 100 1 1 100 1 1 1 1 1 1 1 1 1 1 1 1 1 1 1 1 10 12 1 1 10 12 1 1 100 1 1 9 12 1 1 10 12 1 1 1 1 1 10 12 1 9 1 1 10 7 1 12 10 12 1 1 1 10 10 12 1 1 10 12 1 9 12 1 10 7 1 12 1 1 1 1 1 1 1 1 1 1 1 1 1 1 10 12 1 10 12 1 10 12 10 100 1 12 1 1 1 1 1 1 3 1 1 1 1 1 10 12 1 1 1 1 1 10 12 10 12 1 1 1 1 1 5 0 1 3 1 1 100 1 9 12 1 1 1 1 1 10 12 10 12 1 1 1 1 1 1 10 12 10 1 1 1 1 10 9 7 1 10 11 7 1 12 1 1 7 1 9 12 1 1 9 12 1 11 12 1 1 10 12 1 9 12 1 1 10 12 1 10 7 1 9 12 1 10 12 1 10 12 10 10 12 1 100 1 9 12 1 10 12 1 10 12 10 12 1 1 10 10 12 1 1 1 1 1 1 1 1 3 1 3 1 1 10 12 1 10 12 1 10 12 1 1 10 12 1 1 1 1 1 100 10 12 10 12 1 1 1 1 1 3 1 1 1 5 0 1 5 0 1 1 10 12 10 10 12 10 12 1 9 12 1 1 1 10 12 1 1 10 12 1 1 10 12 1 5 0 1 10 7 1 12 1 1 1 1 1 1 3 1 9 12 1 1 1 10 12 1 1 1 1 1 10 9 12 1 1 1 1 1 1 10 12 10 12 10 12 1 1 10 12 10 1 1 1 1 1 9 7 1 12 1 10 12 1 9 12 1 1 10 100 1 12 1 10 12 10 12 1 5 0 9 12 1 5 0 9 12 1 1 1 1 1 1 100 1 1 10 12 1 1 7 1 1 1 1 1 1 10 12 9 12 1 10 1 1 1 1 10 12 1 1 1 1 1 1 1 1 1 10 12 1 1 10 12 1 10 12 10 12 10 1 1 10 12 10 10 12 10 12 1 1 1 11 12 1 10 10 12 1 10 12 1 1 1 1 1 9 12 1 1 1 9 12 1 9 12 1 9 12 1 9 12 1 9 12 1 9 12 1 9 12 1 1 9 12 1 9 12 1 10 12 5 0 9 12 1 10 12 1 1 10 12 1 1 1 100 10 12 1 1 1 10 12 1 9 12 1 9 12 1 1 10 12 1 9 12 10 9 5 0 10 12 1 10 10 12 1 1 1 1 1 1 1 10 12 1 9 12 1 100 1 10 10 12 1 1 18 11 100 1 12 1 1 18 12 1 1 11 12 1 1 10 100 1 12 1 1 10 100 1 12 1 1 10 12 1 1 18 12 1 1 11 12 1 1 1 1 1 1 10 18 12 1 18 12 1 18 12 1 11 12 1 1 11 12 1 1 1 1 1 1 1 10 12 10 12 1 1 10 100 1 12 1 1 10 12 9 12 10 12 1 1 10 12 1 10 12 1 10 100 1 12 1 1 10 12 1 1 9 12 1 9 9 12 10 12 1 1 1 1 1 1 1 1 1 1 1 1 1 1 1 1 1 1 1 1 1 1 1 1 1 10 12 10 10 12 1 10 12 1 10 1 1 1 1 9 12 1 1 10 12 1 10 12 1 1 10 1 1 1 100 1 8 1 10 10 12 1 10 12 1 1 10 12 1 10 10 12 11 100 1 12 1 1 11 12 1 1 11 100 1 12 1 11 12 1 1 11 12 1 11 12 1 100 1 10 1 1 1 1 10 12 10 12 1 1 1 1 1 1 1 1 1 1 1 10 12 1 1 1 1 1 1 1 1 1 1 1 1 1 1 1 1 1 1 1 10 7 1 12 1 1 15 1 16 10 12 15 16 16 10 12 15 16 1 16 10 12 15 16 16 10 12 15 16 16 10 12 15 16 16 10 12 15 16 16 10 12 15 1 16 1 100 1 100 1 1 1 1
staticfield org/eclipse/jdt/internal/compiler/lookup/ReferenceBinding DYSFUNCTIONAL_INTERFACE_EXCEPTION Lorg/eclipse/jdt/internal/compiler/lookup/ReferenceBinding$DysfunctionalInterfaceException; org/eclipse/jdt/internal/compiler/lookup/ReferenceBinding$DysfunctionalInterfaceException
staticfield org/eclipse/jdt/internal/compiler/lookup/ReferenceBinding LUB_GENERIC Lorg/eclipse/jdt/internal/compiler/lookup/ReferenceBinding; org/eclipse/jdt/internal/compiler/lookup/ReferenceBinding$1
staticfield org/eclipse/jdt/internal/compiler/lookup/ReferenceBinding FIELD_COMPARATOR Ljava/util/Comparator; org/eclipse/jdt/internal/compiler/lookup/ReferenceBinding$2
staticfield org/eclipse/jdt/internal/compiler/lookup/ReferenceBinding METHOD_COMPARATOR Ljava/util/Comparator; org/eclipse/jdt/internal/compiler/lookup/ReferenceBinding$3
staticfield org/eclipse/jdt/internal/compiler/lookup/ReferenceBinding BASIC_MEMBER_TYPES_COMPARATOR Ljava/util/Comparator; org/eclipse/jdt/internal/compiler/lookup/ReferenceBinding$$Lambda+0x000001f081245a48
instanceKlass org/eclipse/jdt/internal/compiler/lookup/ArrayBinding$1
instanceKlass org/eclipse/jdt/internal/compiler/lookup/SyntheticFactoryMethodBinding
instanceKlass org/eclipse/jdt/internal/compiler/lookup/MostSpecificExceptionMethodBinding
instanceKlass org/eclipse/jdt/internal/compiler/lookup/PolymorphicMethodBinding
instanceKlass org/eclipse/jdt/internal/compiler/lookup/SyntheticMethodBinding
instanceKlass org/eclipse/jdt/internal/compiler/lookup/ProblemMethodBinding
instanceKlass org/eclipse/jdt/internal/compiler/lookup/ParameterizedMethodBinding
ciInstanceKlass org/eclipse/jdt/internal/compiler/lookup/MethodBinding 1 1 1096 7 1 7 1 1 1 1 1 1 1 1 1 1 1 1 1 1 1 1 1 1 1 1 1 1 1 1 1 1 1 1 1 1 1 1 1 1 1 1 9 12 9 12 9 12 9 12 9 12 9 12 1 1 1 1 100 1 5 0 5 0 5 0 5 0 1 1 1 1 10 12 9 12 1 9 12 9 12 1 9 12 9 12 1 9 12 1 1 1 9 12 9 12 9 12 9 12 1 9 12 9 12 1 9 12 9 12 10 7 1 12 1 1 10 12 1 10 12 1 100 1 100 7 1 100 100 1 9 7 1 12 1 9 12 1 1 10 12 1 10 12 1 1 10 12 1 1 1 1 1 10 12 1 1 10 12 1 1 1 1 1 1 1 1 10 12 1 10 12 1 1 7 1 10 12 1 1 1 1 1 1 1 1 1 10 100 1 1 100 1 1 10 12 1 1 10 100 1 12 1 1 1 1 10 12 1 1 10 12 1 10 12 1 10 12 1 1 10 12 1 1 10 12 1 1 100 1 10 12 1 1 1 1 1 1 1 1 1 1 1 10 12 1 10 7 1 12 1 1 10 12 1 10 12 1 9 7 1 12 1 1 9 11 100 1 12 1 10 12 1 10 12 1 10 1 1 1 1 1 1 1 1 1 1 10 12 1 1 1 1 10 12 1 10 12 1 11 12 1 11 12 1 10 12 1 10 12 1 1 11 12 1 1 10 10 12 1 10 12 1 10 10 1 1 1 1 1 1 1 1 100 1 1 1 1 1 9 12 1 5 0 10 12 1 10 1 1 1 1 1 1 1 1 1 1 1 100 1 1 1 10 12 1 1 1 1 100 1 1 1 10 12 10 12 1 1 10 12 10 100 1 12 1 1 10 10 7 1 12 1 1 1 1 1 1 1 1 1 1 1 1 1 1 1 1 100 1 1 1 10 7 1 12 1 9 12 11 100 1 12 1 1 10 12 1 9 12 1 9 100 1 12 1 9 100 1 9 12 1 10 100 1 12 1 1 10 100 1 12 1 1 5 0 5 0 1 1 1 1 1 1 1 1 1 10 12 1 10 12 1 1 11 12 1 10 12 1 9 10 12 1 9 12 1 10 12 1 1 100 1 10 12 1 1 10 12 1 1 100 1 9 100 1 12 1 1 10 12 1 1 1 1 1 10 12 1 1 1 1 1 1 1 1 100 100 1 3 7 1 10 12 10 12 1 1 10 10 12 1 10 12 1 9 10 10 12 10 12 1 1 1 1 1 1 1 3 1 1 10 12 1 1 1 1 1 9 12 1 100 1 9 12 1 9 7 1 12 1 1 10 7 1 12 1 1 9 12 1 1 10 7 1 12 1 1 10 12 1 1 9 7 1 12 1 9 12 9 12 1 10 12 1 1 10 12 1 1 1 1 1 1 1 1 1 1 1 5 0 10 12 1 10 12 1 10 12 1 1 10 7 1 12 1 1 1 1 100 1 1 1 10 12 100 10 12 1 1 9 10 12 10 12 1 1 1 1 1 1 100 1 1 9 12 1 10 12 1 1 1 1 1 10 12 1 1 1 1 1 1 1 1 1 1 1 3 1 1 3 1 3 1 3 1 1 3 1 9 12 1 10 12 1 10 12 1 9 12 1 100 1 1 1 1 3 1 10 12 1 1 1 3 1 1 1 1 1 1 10 12 10 12 8 1 10 12 1 10 10 12 1 1 10 100 1 12 1 1 1 1 1 1 1 10 12 1 1 1 1 10 12 1 1 1 1 1 1 1 10 12 10 1 1 9 12 1 10 12 10 1 10 12 1 1 10 12 1 9 100 1 12 1 9 12 1 1 10 100 1 10 12 1 10 10 12 1 9 5 0 10 100 1 12 1 1 100 1 9 12 1 10 10 12 1 1 9 100 1 1 1 1 1 1 1 1 1 1 1 1 1 1 1 100 1 100 1 10 12 9 12 10 12 9 12 1 1 9 12 100 1 1 1 1 1 10 12 9 12 3 8 1 10 12 1 1 10 12 1 8 1 8 1 10 12 8 1 8 1 8 1 8 1 8 1 8 1 10 8 1 8 1 1 9 10 12 1 1 1 1 1 10 12 1 1 10 12 1 10 12 1 10 10 100 1 12 1 1 10 100 1 12 1 1 1 1 1 1 1 1 1 1 1 100 9 10 12 1 1 10 10 12 1 10 12 100 1 10 12 1 9 12 1 9 12 1 1 1 1 1 1 1 1 1 1 1 100 10 12 1 1 10 12 1 3 10 12 1 1 1 1 9 12 1 9 12 1 9 12 1 10 12 1 1 1 1 1 5 0 10 12 1 10 12 1 1 9 12 1 9 10 12 1 1 1 10 1 1 1 1 1 1 9 100 1 12 1 1 9 12 1 1 1 1 10 7 1 12 1 1 10 12 10 10 12 1 1 10 12 1 1 1 1 9 12 1 10 12 1 1 1 1 9 1 1 1 10 10 10 1 1 1 1 100 1 1 1
instanceKlass org/eclipse/jdt/internal/compiler/lookup/NullTypeBinding
instanceKlass org/eclipse/jdt/internal/compiler/lookup/VoidTypeBinding
ciInstanceKlass org/eclipse/jdt/internal/compiler/lookup/BaseTypeBinding 1 1 168 7 1 7 1 1 1 1 1 1 3 1 3 1 3 1 3 1 1 1 1 1 1 10 12 1 1 9 12 1 1 100 1 1 1 1 1 1 1 1 1 1 1 10 12 1 1 1 1 1 1 1 1 1 10 12 9 12 1 1 100 1 5 0 9 12 1 9 12 9 12 1 1 1 10 12 1 1 1 1 1 10 12 1 1 1 1 1 1 10 12 1 1 9 9 12 1 1 10 12 1 1 1 1 1 1 10 12 1 1 1 1 1 10 12 1 9 12 1 9 12 1 9 12 1 9 12 1 9 12 1 9 12 1 9 12 1 9 12 1 100 1 10 1 1 1 1 1 100 1 1 1 1 1 1 1 10 12 1 100 1 10 12 10 12 1 1 1
staticfield org/eclipse/jdt/internal/compiler/lookup/BaseTypeBinding CONVERSIONS [I 256
instanceKlass org/eclipse/jdt/internal/compiler/lookup/CaptureBinding
instanceKlass org/eclipse/jdt/internal/compiler/lookup/InferenceVariable
ciInstanceKlass org/eclipse/jdt/internal/compiler/lookup/TypeVariableBinding 1 1 774 7 1 7 1 1 1 1 1 1 1 1 1 1 1 1 1 1 1 1 1 1 1 1 1 1 1 10 12 1 9 12 9 12 9 12 1 9 12 9 12 3 9 12 1 9 12 1 1 100 1 5 0 9 12 100 1 3 9 12 1 9 12 10 12 1 1 1 1 1 1 1 10 12 1 5 0 5 0 9 12 9 12 9 12 10 100 1 12 1 1 9 100 1 12 1 9 12 1 1 1 1 10 12 1 9 7 1 12 1 1 100 1 10 7 1 12 1 1 10 12 10 12 1 1 1 1 1 1 1 1 1 1 1 1 9 12 1 1 10 12 1 1 9 12 1 10 12 1 1 10 7 1 12 1 10 7 1 12 1 9 100 1 12 1 3 10 12 1 1 100 1 9 12 1 9 12 10 12 1 10 12 1 1 9 12 1 10 12 1 1 10 12 1 1 10 12 1 1 10 12 1 10 12 1 1 10 12 1 10 12 1 1 10 12 1 10 12 1 9 9 12 1 1 10 12 1 1 10 12 1 1 10 12 1 1 10 12 1 1 9 12 1 10 12 1 1 10 100 1 12 1 1 10 12 1 10 12 1 10 12 1 5 0 9 9 12 1 1 1 1 1 1 1 1 1 1 1 1 1 1 1 1 100 1 100 9 100 1 12 1 1 10 100 1 12 1 1 10 12 1 10 12 1 1 1 10 12 1 10 1 1 1 1 1 1 1 1 5 0 10 12 1 1 1 1 1 100 1 100 1 1 1 100 1 10 10 100 1 9 12 1 10 12 10 12 1 1 10 12 1 10 12 1 1 10 12 1 10 10 12 1 10 12 1 10 12 1 1 1 1 1 1 1 1 1 1 1 1 100 1 10 12 10 1 10 12 1 1 1 10 12 1 10 12 10 12 1 8 1 8 1 10 12 1 1 10 12 1 100 1 10 12 1 1 10 12 1 10 1 1 1 10 100 1 12 1 1 1 1 10 12 9 12 1 1 7 1 10 12 1 1 1 1 1 1 1 1 1 100 100 1 100 1 1 10 1 1 3 10 12 9 1 1 10 1 100 1 3 1 1 1 1 1 1 1 10 12 1 10 12 10 1 1 1 1 1 1 1 1 1 1 10 12 1 1 1 10 12 10 12 1 1 1 1 1 1 1 1 10 12 1 1 100 1 10 10 12 11 100 1 12 1 1 11 12 1 1 1 1 1 1 1 10 12 1 1 100 1 1 1 10 12 1 1 1 1 9 12 1 1 1 1 1 10 7 1 12 1 1 9 5 0 5 0 10 12 1 1 5 0 10 12 1 3 1 1 1 1 1 1 10 12 10 18 12 1 1 10 12 1 1 10 12 1 1 10 12 10 12 1 1 1 1 1 100 1 10 10 10 12 1 1 10 1 1 1 100 1 10 12 1 9 10 12 1 1 1 100 1 1 10 100 1 12 1 1 1 1 1 1 10 12 1 1 10 12 1 10 12 1 1 1 1 10 12 1 1 10 100 1 12 1 1 10 12 1 1 5 0 1 1 1 1 100 1 9 100 1 12 9 12 1 9 12 1 1 100 10 12 10 12 1 5 0 1 1 1 1 10 12 10 12 1 1 1 10 12 1 9 12 1 10 12 1 10 10 12 1 9 12 100 1 10 10 12 1 1 18 10 12 1 5 0 1 1 1 1 1 10 12 10 1 9 12 1 9 12 1 10 12 1 1 1 10 100 1 12 1 15 8 1 8 1 1 100 1 100 1 1 1 100 1 1
ciInstanceKlass org/eclipse/jdt/internal/compiler/lookup/WildcardBinding 1 1 617 7 1 7 1 100 1 1 1 1 1 1 1 1 1 1 1 1 1 1 1 1 1 1 1 1 1 1 1 1 1 1 10 12 1 9 12 9 12 9 12 9 12 3 9 12 1 9 12 10 12 1 1 7 1 10 12 1 1 9 12 1 100 1 5 0 100 1 3 9 12 1 1 1 1 1 1 7 1 100 7 1 1 9 12 1 1 9 12 10 100 1 12 1 1 10 12 1 1 100 1 100 1 1 1 100 100 1 1 1 5 0 9 12 1 1 10 12 1 1 1 1 10 12 1 1 10 12 1 9 100 1 5 0 5 0 5 0 1 1 1 1 1 1 1 9 100 1 12 1 10 12 1 1 5 0 5 0 10 100 1 12 1 1 10 100 1 12 1 1 10 100 1 12 1 1 10 12 1 1 9 9 12 1 10 100 1 10 12 1 9 12 1 10 12 1 1 1 1 1 1 1 1 1 100 100 1 1 1 9 12 1 1 1 100 1 1 1 10 12 1 1 1 1 1 1 1 1 1 5 0 10 12 1 1 1 1 1 1 10 12 10 100 1 12 1 1 18 12 1 1 10 12 1 1 9 100 1 12 1 9 12 1 10 10 100 1 12 1 1 9 12 1 10 12 1 1 1 1 1 100 1 10 12 1 10 12 1 1 10 12 1 1 1 100 1 10 12 1 10 12 1 1 10 12 1 1 10 12 1 9 12 1 10 12 1 10 12 1 9 12 1 10 12 10 12 1 8 1 9 12 1 1 1 1 10 10 10 9 12 1 1 1 9 12 10 12 1 10 12 1 9 12 3 10 12 9 9 12 1 1 10 12 1 1 9 12 1 1 5 0 5 0 1 1 1 1 1 1 10 12 9 1 1 1 1 10 12 1 1 1 1 1 10 12 10 1 100 1 1 1 10 12 10 12 1 1 10 12 1 1 10 12 1 1 1 1 1 1 1 100 1 1 1 1 10 12 10 12 10 12 1 1 1 1 1 10 12 1 1 10 12 1 1 1 100 1 1 5 0 10 7 1 12 1 1 5 0 5 0 10 12 1 1 10 12 1 9 12 10 12 10 1 10 12 10 12 1 9 12 1 9 12 1 1 10 12 1 1 1 1 9 12 10 12 9 12 1 1 1 1 10 12 1 1 1 1 1 10 12 1 10 10 12 1 10 12 10 12 1 1 10 12 10 12 10 100 1 12 1 1 10 12 10 12 1 1 1 1 10 12 1 10 12 1 10 12 1 1 10 12 1 1 1 1 10 12 10 12 1 1 1 1 1 1 10 12 1 1 1 100 1 1 1 10 12 10 1 1 1 1 1 10 12 10 1 9 12 1 10 12 1 1 10 12 1 1 1 1 1 1 1 1 10 100 1 12 1 15 8 1 1 100 1 100 1 1
ciInstanceKlass org/eclipse/jdt/internal/compiler/lookup/ArrayBinding 1 1 514 7 1 7 1 100 1 1 1 1 1 1 1 1 1 1 1 1 1 1 1 1 1 1 1 7 1 9 7 1 12 1 9 12 1 1 9 7 1 12 1 1 10 12 1 1 9 12 1 1 100 1 1 10 12 9 12 1 1 100 1 9 12 9 12 9 12 7 1 10 12 1 1 9 5 0 5 0 9 12 5 0 1 1 1 1 1 7 1 1 1 10 12 1 1 10 12 10 12 1 1 1 1 1 1 1 5 0 10 12 1 1 1 1 1 1 10 12 1 1 1 1 1 1 10 12 1 1 1 1 1 10 12 10 12 1 1 9 12 1 1 10 12 1 1 1 1 1 1 1 10 12 10 7 1 12 1 1 1 1 1 1 100 1 9 12 10 12 1 1 1 10 12 1 10 12 1 100 1 10 12 1 8 1 10 12 1 1 10 12 10 12 1 18 12 1 1 1 10 10 12 1 10 12 1 1 10 12 1 1 1 100 1 1 9 7 1 12 1 100 1 10 100 1 12 1 1 1 1 1 1 10 12 1 1 1 10 12 1 10 100 1 12 1 1 1 1 1 1 10 12 9 12 10 12 1 1 10 12 1 10 7 1 12 1 1 10 12 1 10 12 1 10 12 1 10 12 1 100 1 10 12 1 100 1 9 12 1 1 10 12 10 12 1 100 1 9 12 1 10 12 1 10 12 9 12 1 1 1 1 1 1 1 1 1 100 1 1 10 12 10 1 1 1 10 12 1 1 1 10 12 1 10 12 1 5 0 9 7 1 12 1 1 9 12 1 10 12 1 1 10 12 10 12 1 1 1 1 1 1 100 1 10 12 1 10 12 10 1 1 5 0 9 12 100 1 10 100 1 12 1 1 5 0 1 1 1 1 1 10 1 10 12 1 1 10 12 1 1 9 5 0 1 1 1 1 10 8 1 100 1 1 10 12 1 1 10 12 1 10 12 1 1 1 1 1 5 0 10 12 1 1 1 10 12 1 1 9 12 7 1 10 12 1 9 7 1 12 1 9 12 1 9 12 1 9 12 1 1 9 12 1 9 12 9 12 1 9 12 1 9 9 12 1 9 12 1 9 12 1 10 12 1 10 12 1 1 1 1 1 1 1 10 12 10 12 1 1 1 10 100 1 12 1 15 8 1 1 100 1 100 1 1 1
staticfield org/eclipse/jdt/internal/compiler/lookup/ArrayBinding ArrayLength Lorg/eclipse/jdt/internal/compiler/lookup/FieldBinding; org/eclipse/jdt/internal/compiler/lookup/FieldBinding
instanceKlass org/eclipse/jdt/internal/compiler/lookup/UnresolvedAnnotationBinding
ciInstanceKlass org/eclipse/jdt/internal/compiler/lookup/AnnotationBinding 1 1 377 7 1 7 1 1 1 1 1 1 1 1 100 1 5 0 10 12 1 1 9 7 1 12 1 1 100 1 5 0 5 0 5 0 5 0 5 0 5 0 5 0 5 0 5 0 10 100 1 12 1 1 10 12 1 1 10 12 1 9 100 1 12 1 1 10 100 1 12 1 1 10 12 1 1 9 12 1 9 12 1 9 12 1 9 12 1 9 12 1 10 12 1 9 12 1 1 1 1 1 1 1 1 1 1 1 1 1 1 1 1 1 1 1 100 10 12 1 1 10 12 1 1 100 1 9 12 1 9 100 1 12 1 10 12 1 1 1 1 1 9 12 1 10 12 1 1 9 12 1 1 10 12 1 1 5 0 9 12 1 5 0 9 12 1 9 12 1 100 1 9 12 1 10 12 1 1 1 1 1 1 9 12 1 5 0 10 12 1 5 0 5 0 5 0 5 0 5 0 5 0 5 0 5 0 5 0 5 0 5 0 5 0 9 12 1 10 12 9 12 1 9 12 1 9 12 1 9 12 1 9 12 1 9 12 1 9 12 1 9 12 1 9 12 1 9 12 1 9 12 1 1 1 1 1 100 10 12 1 9 12 9 12 1 1 9 100 1 12 1 1 10 12 1 1 1 1 1 1 10 12 1 1 1 1 1 1 1 1 10 12 1 1 10 12 1 1 10 12 1 1 1 1 1 1 1 1 1 100 1 10 12 1 10 12 1 1 9 12 1 10 12 1 10 100 1 12 1 1 9 12 10 12 1 8 1 10 12 1 10 12 1 1 1 1 1 10 12 10 12 10 100 1 12 1 1 1 9 12 1 1 10 12 1 10 12 1 1 1 1 1 1 1 1 100 1 1
ciInstanceKlass org/eclipse/jdt/internal/compiler/lookup/VoidTypeBinding 1 1 37 100 1 7 1 1 1 1 100 1 9 7 1 12 1 1 10 12 1 1 1 1 1 1 1 1 1 1 1 1 1 1 1 1 1 1 1
ciInstanceKlass org/eclipse/jdt/internal/compiler/env/IBinaryInfo 1 0 9 100 1 100 1 100 1 1 1
ciInstanceKlass org/eclipse/jdt/internal/compiler/env/IGenericType 1 0 13 100 1 100 1 100 1 1 1 1 1 1 1
instanceKlass org/eclipse/jdt/internal/compiler/SourceElementParser$1
instanceKlass org/eclipse/jdt/internal/codeassist/SelectionEngine$1
ciInstanceKlass org/eclipse/jdt/internal/compiler/problem/ProblemReporter 1 1 5360 7 1 7 1 1 1 1 1 1 1 1 3 1 3 1 3 1 1 1 1 1 1 1 1 1 1 1 1 1 1 1 1 1 1 1 10 7 1 12 1 1 9 12 8 1 9 12 8 1 9 12 8 1 9 12 8 1 9 12 8 1 9 12 8 1 9 12 8 1 9 12 7 1 10 12 1 9 12 11 7 1 12 1 1 1 1 1 1 10 12 1 1 1 1 1 1 1 1 1 1 1 1 1 1 1 7 1 3 3 3 3 3 3 3 3 3 3 3 3 3 3 3 3 3 3 3 3 3 3 3 3 3 3 3 3 3 3 3 3 3 3 3 3 3 3 3 3 3 3 3 3 3 3 3 3 3 3 3 3 3 3 3 3 3 3 3 3 3 3 3 3 3 3 3 3 3 3 3 3 3 3 3 3 1 1 1 100 1 10 12 100 1 100 1 3 3 1 1 1 1 10 12 1 1 7 1 9 7 1 12 1 9 12 1 10 12 1 1 1 1 1 1 100 1 1 3 1 1 1 1 3 1 1 1 3 1 1 3 10 7 1 12 1 1 10 12 1 9 7 1 12 1 1 10 7 1 12 1 10 10 7 1 12 1 1 10 12 1 10 10 12 1 10 12 10 12 1 1 1 1 1 1 1 10 12 1 10 12 1 10 12 1 9 12 1 1 10 100 1 12 1 1 9 100 1 12 1 1 10 7 1 12 1 1 9 7 1 12 1 1 9 100 1 12 1 3 9 9 3 1 1 1 1 1 1 1 3 10 10 3 1 3 9 10 12 1 1 3 10 10 1 1 3 1 1 3 9 12 1 10 12 1 1 10 12 1 1 1 1 3 1 1 1 10 12 1 1 3 1 1 1 1 10 7 1 12 1 1 3 10 10 9 7 1 9 3 1 1 1 1 1 1 1 3 9 100 1 9 1 1 1 3 1 1 3 9 7 1 9 1 1 1 1 3 9 7 1 9 1 1 1 3 1 1 3 1 1 1 1 3 9 7 1 9 1 1 1 1 1 1 1 3 1 3 1 1 3 3 1 1 3 1 1 9 7 1 3 1 1 1 1 3 9 12 1 1 3 1 1 3 10 12 1 9 100 1 9 9 12 1 1 1 1 1 9 100 1 9 1 1 1 3 9 100 1 9 1 1 1 1 3 1 1 9 12 10 12 1 10 12 1 3 3 1 1 1 1 1 3 1 3 1 1 9 100 1 12 9 12 1 3 10 10 1 1 1 1 3 9 12 1 10 12 1 3 10 12 1 1 3 1 3 1 9 100 1 9 10 12 1 1 1 1 1 1 3 9 8 1 10 10 10 12 1 1 10 12 1 1 1 9 7 1 12 1 1 100 1 5 0 3 5 0 3 3 10 1 1 1 1 3 1 1 3 9 100 1 9 1 1 1 1 3 1 1 1 10 12 1 1 3 1 1 1 1 1 1 9 7 1 12 1 1 10 12 1 1 3 9 9 10 12 1 1 1 1 1 3 1 1 1 3 10 9 7 1 9 1 1 1 1 1 9 7 1 12 1 9 7 1 12 1 9 100 1 12 1 1 100 1 9 12 1 8 1 10 100 1 12 1 1 3 9 12 1 1 10 100 1 12 1 1 10 100 1 12 1 1 10 100 1 12 1 1 10 12 1 1 10 100 1 12 1 18 12 1 1 3 1 1 1 1 1 1 1 1 10 100 1 3 3 3 1 1 1 1 1 3 1 3 1 3 1 3 1 3 1 1 3 1 1 1 1 3 10 12 1 1 9 10 100 1 10 1 1 3 1 3 1 1 3 9 100 1 10 1 1 1 3 1 3 9 12 1 1 1 10 12 1 3 3 1 1 1 1 1 1 3 1 1 1 1 3 1 1 3 1 3 1 1 1 1 3 1 1 3 1 3 1 3 1 1 9 3 1 1 3 1 1 1 3 1 1 1 1 3 1 9 12 1 9 12 1 9 12 1 8 1 9 12 1 8 1 3 9 12 1 1 1 3 9 100 1 9 1 1 1 1 3 1 1 10 100 1 12 1 3 9 9 1 1 1 1 1 3 10 12 1 1 1 1 1 1 3 1 1 3 1 18 12 1 1 10 12 1 1 9 5 0 3 3 3 3 1 1 1 1 10 7 1 10 12 1 10 12 1 7 1 9 12 1 9 18 12 1 18 3 3 3 3 3 3 3 3 1 1 1 1 1 1 1 1 100 1 3 10 12 1 10 12 1 1 10 12 1 18 12 1 1 10 12 1 1 7 1 9 12 1 1 18 12 1 9 3 3 10 12 1 3 3 1 1 1 1 1 1 18 12 1 9 100 1 10 12 3 3 9 100 1 9 3 3 1 1 1 1 1 1 9 12 1 100 1 5 0 9 12 11 7 1 12 1 7 1 10 7 1 12 1 1 9 12 1 100 1 10 12 1 1 10 7 1 12 9 7 1 12 1 10 12 1 9 12 1 7 1 10 12 1 1 1 1 1 1 1 1 1 1 7 1 100 1 1 1 3 1 1 1 3 9 100 1 9 9 1 1 1 3 1 1 3 1 1 9 100 1 3 9 9 1 1 1 3 1 1 3 9 7 1 9 1 1 1 3 1 1 3 1 1 3 9 1 1 3 1 1 10 12 1 3 10 12 1 3 10 12 1 1 9 12 1 1 10 12 1 3 1 1 1 1 3 1 10 12 1 3 3 1 3 1 3 1 1 3 3 1 1 1 3 9 9 1 1 1 3 1 3 1 1 3 3 1 1 1 9 3 1 1 3 1 1 10 7 1 12 1 1 3 1 1 1 3 9 100 1 9 9 1 1 1 1 10 12 1 3 10 12 1 1 1 3 1 3 10 10 1 1 1 3 1 3 1 3 1 1 7 1 10 8 1 10 12 1 1 10 12 1 3 3 9 10 12 9 9 1 1 1 1 1 1 1 1 1 100 1 100 1 10 12 1 8 1 8 3 1 3 1 3 1 100 1 9 12 1 9 12 1 3 1 1 1 1 9 12 9 12 1 10 12 1 10 12 1 10 12 1 9 12 1 1 9 12 10 12 1 1 9 12 1 10 12 1 9 12 1 3 3 1 1 1 1 1 7 1 1 3 1 1 3 9 100 1 9 1 1 1 3 10 10 1 1 3 10 100 1 1 1 1 1 10 12 10 12 1 1 1 1 11 100 1 11 1 1 1 1 3 10 12 1 1 1 3 10 10 1 9 12 9 12 1 1 9 100 1 9 12 3 11 10 12 1 1 1 1 1 1 1 9 12 1 1 1 1 3 1 1 1 3 3 1 1 3 1 3 3 1 1 9 12 1 10 12 1 9 12 3 1 1 3 1 3 1 1 1 3 1 1 3 1 10 12 1 10 12 1 10 12 1 10 12 1 10 10 12 1 1 10 12 1 8 1 3 3 1 1 1 1 1 1 1 10 12 1 1 9 12 1 3 3 3 10 12 1 3 1 3 1 3 1 3 1 3 1 1 3 1 3 1 3 1 3 1 3 1 1 9 100 1 12 1 3 10 10 1 1 1 3 1 3 1 3 1 1 3 1 3 1 3 1 1 3 3 1 1 1 3 1 3 1 3 1 3 1 3 3 1 10 12 1 1 10 3 3 3 1 1 3 1 3 10 12 1 1 1 3 1 1 9 10 12 1 3 9 9 100 1 3 1 1 1 9 10 12 1 1 3 1 1 3 9 9 1 3 1 1 3 9 100 1 9 1 1 1 1 3 9 12 1 9 1 3 1 3 9 1 3 1 3 1 3 1 3 1 3 1 3 1 3 1 1 9 3 3 10 12 100 1 3 3 3 3 10 7 1 9 12 1 3 9 7 1 9 3 10 12 1 1 1 1 1 1 9 100 1 12 1 1 11 100 1 12 1 1 18 12 1 1 11 100 1 12 1 1 18 12 1 1 11 12 1 1 11 12 1 10 100 1 12 1 1 11 12 1 1 9 3 1 1 1 1 1 1 18 1 1 1 1 1 1 1 18 3 1 1 1 1 10 12 1 10 12 1 3 3 3 1 3 3 100 1 9 12 100 1 9 12 1 1 9 10 12 1 7 1 9 1 1 1 1 100 1 1 10 12 1 3 10 12 1 1 1 3 9 12 1 1 3 1 1 1 3 1 3 1 9 12 3 1 1 1 1 3 1 1 1 1 10 12 1 10 10 1 1 3 1 1 1 1 1 1 1 3 1 1 1 3 1 1 3 9 100 1 1 1 1 1 3 10 1 1 3 1 1 3 9 9 12 9 1 1 3 1 1 10 12 1 9 12 1 9 12 1 3 10 7 1 9 12 1 5 0 10 12 1 3 3 3 3 3 3 3 3 3 100 1 10 9 10 12 1 1 3 10 12 1 1 9 12 1 9 12 1 3 3 3 9 12 3 3 3 9 8 1 10 12 1 10 12 1 1 1 1 1 1 1 1 1 1 1 1 1 1 3 1 1 10 10 12 9 3 10 3 3 18 18 1 1 3 1 3 1 3 1 3 1 1 9 7 1 12 1 9 10 9 9 12 9 12 1 10 12 1 1 3 3 3 1 1 1 1 7 1 9 10 12 1 7 1 9 9 10 12 1 1 1 1 1 1 3 10 12 1 1 9 9 1 3 1 1 3 1 1 3 9 10 12 1 10 12 1 10 12 1 3 3 3 3 3 3 3 10 12 3 3 3 3 3 9 12 1 1 9 100 1 12 1 10 12 1 3 18 12 18 10 12 1 1 3 3 1 1 1 1 1 1 1 1 1 100 1 1 3 1 1 3 10 100 1 12 1 18 18 9 9 1 1 1 1 1 1 1 1 10 100 1 18 18 9 9 1 1 1 10 100 1 9 9 1 1 3 1 3 9 10 12 1 100 1 9 12 100 1 10 12 1 1 11 100 1 12 1 1 11 100 1 12 1 11 12 1 3 3 3 3 9 12 1 9 9 7 1 9 9 7 1 9 9 12 1 100 1 9 12 1 9 9 5 0 1 1 1 1 1 1 1 1 1 1 1 1 3 1 3 1 3 1 3 1 3 1 9 12 1 1 3 9 9 1 1 3 1 3 1 1 3 1 1 1 3 1 3 1 10 12 1 100 1 10 12 1 3 1 1 11 100 1 11 3 3 9 12 1 10 12 1 1 3 1 1 1 1 1 1 1 1 9 100 1 12 1 1 1 10 100 1 12 9 7 1 12 1 1 1 1 1 1 3 9 12 1 10 12 1 1 10 1 1 3 1 1 3 3 1 10 12 1 3 10 12 1 9 3 1 1 3 1 3 1 3 1 1 3 1 1 1 3 1 3 1 1 3 9 100 1 12 1 1 1 3 3 1 1 10 12 1 9 12 1 9 12 1 10 12 1 1 1 1 3 3 3 3 3 3 3 3 1 1 1 3 3 3 9 9 1 3 1 3 1 1 3 9 10 12 1 1 1 3 3 3 3 3 3 3 3 3 1 3 1 3 1 3 1 3 3 1 3 1 3 1 3 1 3 1 3 1 3 1 3 1 3 1 3 1 3 1 3 1 3 1 1 3 3 3 3 3 3 3 1 3 1 3 1 3 1 3 1 3 10 12 1 9 12 1 9 12 1 10 12 1 1 1 1 1 8 1 1 3 1 3 1 3 1 3 9 12 1 9 12 1 1 3 1 1 3 1 3 1 3 1 3 1 1 1 3 1 3 1 3 1 3 1 3 1 3 1 3 1 3 100 1 1 8 1 8 1 8 1 8 1 1 1 3 3 9 9 12 1 10 12 1 3 3 9 9 1 1 3 10 12 1 9 12 1 9 3 1 1 3 1 1 5 0 5 0 3 10 12 1 1 10 12 1 10 12 100 1 9 3 3 9 100 1 100 1 10 12 1 10 3 3 10 12 1 1 9 100 1 12 1 1 3 3 3 3 100 1 100 1 100 1 100 1 9 3 3 1 1 1 1 1 3 9 100 1 9 1 1 1 9 12 1 10 12 1 3 1 3 3 1 1 10 100 1 12 1 1 1 1 1 1 10 12 1 1 10 12 3 10 1 1 1 10 12 1 1 9 12 1 9 12 1 18 12 3 1 1 1 1 100 1 1 10 3 1 3 1 10 12 1 9 12 1 9 10 12 1 3 1 1 9 12 1 1 1 1 1 10 12 1 10 12 10 12 1 5 0 10 12 1 3 3 1 1 3 1 3 1 3 3 1 3 1 3 1 3 1 1 1 3 1 3 1 9 3 9 9 1 3 1 3 1 3 1 3 1 3 1 3 1 3 1 1 9 12 1 10 12 1 1 9 9 10 12 1 1 1 3 3 3 3 1 1 3 3 3 1 1 1 3 1 3 1 3 1 3 1 3 1 3 1 3 10 12 1 100 1 18 10 12 11 12 1 9 12 1 3 1 1 10 18 3 3 9 12 3 18 1 1 1 3 1 1 1 3 1 1 3 9 100 1 12 1 1 1 3 3 1 1 3 10 3 1 10 12 1 3 1 3 1 1 9 12 9 12 1 1 1 1 100 9 1 1 100 1 3 3 1 3 1 3 1 3 1 3 1 1 3 1 10 12 1 3 1 3 1 3 3 9 10 3 3 1 1 1 1 1 3 100 1 10 12 1 1 3 100 1 1 1 1 3 1 3 1 3 1 3 1 1 1 18 3 3 3 3 1 1 1 1 3 1 3 1 1 9 12 3 1 9 12 1 1 11 7 1 12 1 8 1 9 3 1 1 3 9 12 1 9 12 9 12 1 1 8 1 1 1 1 3 1 1 10 12 1 3 3 3 10 10 12 3 1 1 1 1 1 1 1 1 1 1 3 10 12 1 1 1 1 1 3 1 1 3 1 1 3 1 1 3 1 1 1 3 1 3 1 3 1 3 1 3 1 1 3 1 10 12 1 1 3 1 9 12 1 9 12 1 9 12 1 9 12 1 3 1 1 3 1 3 1 3 1 1 3 10 1 3 1 1 3 9 1 3 1 1 3 1 1 3 1 1 1 1 3 9 9 1 1 1 1 3 1 1 3 1 1 1 1 3 1 1 3 1 1 3 1 1 1 1 3 1 1 1 3 1 3 1 1 3 1 1 9 12 1 3 1 1 10 3 10 12 1 1 11 12 1 9 12 9 12 1 10 12 1 9 12 1 10 12 1 10 12 1 10 12 1 10 12 1 9 12 1 10 12 1 1 9 12 1 100 1 1 1 1 1 1 1 9 12 1 1 9 100 1 12 1 8 1 3 8 1 3 8 1 3 8 1 3 8 1 3 8 1 3 8 1 3 9 12 8 1 3 8 1 3 8 1 3 8 1 3 8 1 3 8 1 3 8 1 8 1 3 8 1 3 8 1 3 9 12 1 1 1 1 1 1 3 1 10 12 1 3 3 1 1 3 1 10 3 3 1 1 3 1 1 3 1 1 3 1 3 1 1 3 1 3 1 1 3 1 1 3 1 1 11 12 1 10 12 1 1 1 10 12 9 12 1 8 1 9 12 1 8 1 10 12 1 1 8 1 8 1 8 1 8 1 8 1 8 1 8 1 1 3 1 1 1 1 3 1 3 1 3 1 3 1 1 3 9 9 1 1 3 1 1 1 1 1 1 3 1 3 1 1 3 1 1 3 9 12 1 3 1 1 1 3 1 1 1 3 1 1 3 1 1 1 1 1 1 3 1 1 1 10 12 1 1 10 12 1 10 12 1 8 1 10 12 1 1 1 1 3 1 1 9 100 1 12 1 3 9 9 1 1 1 3 1 1 1 3 1 1 1 1 3 1 3 1 9 12 1 3 3 1 9 12 9 3 10 1 9 12 10 3 1 3 3 1 3 3 1 1 10 12 1 1 3 3 9 12 1 10 100 1 12 1 9 12 1 9 12 1 1 1 3 1 1 1 3 9 1 1 1 3 1 1 3 1 1 3 9 9 9 1 1 1 1 3 1 1 3 3 1 1 1 9 3 10 12 10 12 3 1 1 3 1 9 12 1 3 1 1 1 9 3 3 1 1 3 9 1 1 3 1 3 1 1 3 10 1 1 3 3 1 1 3 3 1 1 3 10 10 1 1 3 9 12 1 10 12 1 1 1 3 1 3 1 3 1 1 1 3 3 1 3 1 1 3 9 100 1 9 9 12 1 1 1 3 1 3 1 1 3 9 9 1 3 9 12 1 10 12 1 1 9 1 1 3 9 1 3 9 12 1 1 9 12 1 9 12 1 9 12 1 9 12 1 9 9 12 1 9 12 1 9 10 12 1 1 1 1 3 9 1 3 1 3 1 1 1 1 9 12 1 3 1 1 11 100 1 12 1 11 100 1 12 1 100 1 10 12 10 12 1 10 12 1 1 10 12 1 10 100 1 12 1 1 10 12 1 10 12 1 1 10 12 1 9 100 1 12 1 10 12 1 9 12 1 11 9 12 1 100 1 10 12 1 11 12 1 1 3 3 9 100 1 12 1 1 10 12 1 1 1 1 1 1 1 1 1 1 1 1 1 1 100 1 10 7 1 12 1 1 10 12 1 10 12 1 1 10 12 1 10 12 1 10 12 1 1 10 12 1 1 1 1 1 1 1 1 1 100 1 1 3 3 3 10 1 1 1 3 1 3 1 1 3 3 3 1 1 1 1 3 10 10 11 11 3 1 1 1 1 3 1 1 1 3 1 3 1 3 1 1 1 9 100 1 3 9 9 1 1 1 3 1 1 3 1 3 1 1 3 9 9 1 3 1 3 1 3 1 3 1 3 1 3 1 3 1 3 1 3 1 1 3 1 1 3 1 1 1 10 12 1 100 1 9 12 1 100 1 3 3 1 1 1 1 1 1 3 1 1 3 1 3 1 1 9 10 3 1 1 3 1 3 1 3 1 3 1 1 1 3 100 1 10 12 1 10 100 1 12 1 1 9 12 1 9 12 1 10 100 1 12 1 18 1 1 1 1 1 1 10 100 1 12 1 1 9 12 1 3 9 9 3 1 1 1 10 12 1 3 3 3 3 1 1 1 9 3 1 9 12 1 3 1 3 1 3 1 1 3 1 3 1 3 1 10 12 1 1 3 1 1 100 1 10 12 1 10 12 1 1 10 12 1 1 9 10 12 1 10 12 1 9 100 1 12 1 1 10 12 1 1 10 12 1 10 12 1 9 12 1 10 12 1 1 1 1 1 1 3 10 12 1 100 1 9 12 1 10 12 1 1 10 12 1 1 1 3 10 12 1 3 3 3 1 1 3 10 12 1 1 9 10 3 3 1 100 1 3 1 3 1 1 3 1 1 1 1 3 1 1 1 9 3 3 1 1 1 1 1 10 12 1 3 3 8 1 9 100 1 9 1 1 1 1 1 3 3 1 3 1 1 3 1 3 1 1 100 1 9 12 1 10 12 1 1 10 12 1 1 18 18 3 1 1 1 3 1 1 1 10 12 1 1 9 12 1 9 3 9 1 9 9 1 1 1 9 12 1 3 3 3 3 3 3 3 1 1 1 10 12 1 3 10 12 1 1 3 3 1 1 3 1 1 1 3 1 1 3 1 1 1 1 1 3 1 1 1 1 10 12 1 1 1 1 1 1 1 1 10 12 1 1 3 3 1 3 9 1 3 1 1 1 1 3 1 1 1 3 9 12 1 1 1 1 9 12 10 12 1 9 12 1 9 12 1 10 12 1 3 3 3 10 12 1 1 10 12 1 1 1 1 1 1 1 1 1 3 1 1 1 1 1 1 3 10 12 9 12 3 1 1 1 1 10 12 3 1 1 10 12 1 1 1 3 1 3 1 3 1 3 1 3 1 1 1 1 3 1 1 1 1 1 1 1 1 3 1 1 1 3 1 1 1 3 1 1 3 1 1 1 3 3 1 3 1 1 1 3 1 1 1 3 1 3 1 1 10 12 1 1 1 1 8 1 10 12 1 8 1 8 1 9 12 1 9 100 1 12 1 10 10 12 1 10 12 1 1 3 9 9 1 1 1 1 1 1 1 100 1 3 1 3 1 1 1 1 3 1 1 1 3 9 100 1 9 1 1 1 9 100 1 12 1 10 9 12 1 1 1 1 9 3 1 1 1 1 1 1 1 1 1 1 3 10 9 9 1 1 3 1 1 1 10 12 1 1 3 9 100 1 12 1 9 3 1 1 1 1 1 9 100 1 12 1 1 1 1 3 1 3 1 1 9 12 10 3 1 1 3 1 3 1 1 3 1 1 1 1 1 1 3 1 1 1 1 3 1 3 1 3 1 1 9 12 1 3 1 1 3 1 3 1 3 1 3 1 3 1 3 1 3 1 3 1 3 1 3 1 3 1 3 1 3 1 1 3 1 3 1 3 1 1 1 3 1 1 3 1 1 3 1 1 3 9 3 1 3 1 3 1 3 1 3 1 3 1 3 1 3 1 3 1 3 1 9 3 1 3 1 3 1 1 3 9 100 1 1 1 1 3 1 3 1 3 1 3 1 3 1 3 1 1 10 12 1 3 3 1 1 3 3 1 10 3 8 1 10 12 8 1 3 1 1 1 3 1 1 3 1 1 5 0 9 3 1 1 3 1 1 1 1 1 1 9 12 1 3 1 1 3 1 3 1 3 1 3 1 3 1 3 1 3 1 3 1 3 1 3 1 1 3 1 3 1 3 1 3 1 3 1 3 1 3 1 3 1 1 10 100 1 3 9 9 1 1 1 3 1 3 1 10 9 12 1 3 3 1 1 1 1 3 1 3 1 1 1 3 10 100 1 10 1 1 3 1 3 1 3 1 3 1 10 3 1 3 1 3 1 1 3 18 12 1 10 12 1 1 1 1 1 100 1 9 12 10 12 1 9 12 1 9 12 1 9 12 1 9 12 1 9 12 1 9 12 1 9 12 1 9 12 1 9 12 1 9 12 1 9 12 1 9 12 1 9 12 1 9 12 1 9 12 1 9 12 1 9 12 1 9 12 1 9 12 1 9 12 1 9 12 1 9 12 1 9 12 1 9 12 1 9 12 1 9 12 1 9 12 1 9 12 1 9 12 1 9 12 1 9 12 1 9 12 1 9 12 1 9 12 1 9 12 1 9 12 1 9 12 1 9 12 1 9 12 1 9 12 1 9 12 1 9 12 1 9 12 1 9 12 1 9 12 1 9 12 1 9 12 1 9 12 1 9 12 1 9 12 1 9 12 1 9 12 1 9 12 1 9 12 1 9 12 1 9 12 1 9 12 1 9 12 1 9 12 1 9 12 1 9 12 1 9 12 1 9 12 1 9 12 1 9 12 1 9 12 1 9 12 1 9 12 1 9 12 1 9 12 1 9 12 1 9 12 1 9 12 1 9 12 1 9 12 1 9 12 1 9 12 1 9 12 1 9 12 1 9 12 1 9 12 1 9 12 1 9 12 1 9 12 1 9 12 1 9 12 1 9 12 1 9 12 1 9 12 1 9 12 1 9 12 1 9 12 1 9 12 1 9 12 1 9 12 1 9 12 1 9 12 1 9 12 1 9 12 1 9 12 1 9 12 1 9 12 1 9 12 1 9 12 1 9 12 1 9 12 1 9 12 1 9 12 1 9 12 1 9 12 1 9 12 1 9 12 1 9 12 1 9 12 1 9 12 1 9 12 1 9 12 1 9 12 1 9 12 1 9 12 1 9 12 1 9 12 1 9 12 1 9 12 1 9 12 1 9 12 1 9 12 1 9 12 1 9 12 1 9 12 1 9 12 1 9 12 1 9 12 1 9 12 1 9 12 1 9 12 1 9 12 1 9 12 1 9 12 1 9 12 1 9 12 1 100 1 100 1 1 1 1 1 10 1 1 1 100 1 5 0 10 12 1 1 1 10 1 1 9 100 1 1 1 1 1 1 1 1 11 12 1 1 1 1 10 100 1 12 1 15 8 1 10 7 1 12 1 1 15 16 10 12 15 16 16 10 12 15 16 16 10 12 15 16 16 10 12 15 16 16 10 12 15 16 16 10 12 15 16 16 10 12 1 1 15 1 16 16 10 12 15 16 16 10 12 15 16 16 10 12 15 16 8 1 8 1 8 1 8 1 8 1 8 1 8 1 16 10 12 15 16 16 10 15 1 16 8 1 16 10 12 15 16 1 100 1 100 1 1 1 1 1 1 1 12 10 1 12 10 1 100 1 8 1 12 10 1 100 10 1
staticfield org/eclipse/jdt/internal/compiler/problem/ProblemReporter $assertionsDisabled Z 1
ciInstanceKlass org/eclipse/jdt/internal/compiler/env/IBinaryType 1 1 108 7 1 100 1 100 1 100 1 1 1 1 1 1 1 1 1 1 1 1 9 7 1 12 1 9 12 7 1 9 12 7 1 9 12 7 1 9 12 1 1 1 1 1 1 1 1 1 1 1 1 1 1 1 1 1 1 1 1 1 1 1 1 1 1 1 1 1 1 1 1 1 1 1 1 1 1 1 1 1 1 1 1 1 1 100 1 100 1 1 1 100 1 8 1 1 12 10 1 1 1 8 1 1 1 8 1 1
staticfield org/eclipse/jdt/internal/compiler/env/IBinaryType NoInterface [[C 0 [[C
staticfield org/eclipse/jdt/internal/compiler/env/IBinaryType NoNestedType [Lorg/eclipse/jdt/internal/compiler/env/IBinaryNestedType; 0 [Lorg/eclipse/jdt/internal/compiler/env/IBinaryNestedType;
staticfield org/eclipse/jdt/internal/compiler/env/IBinaryType NoField [Lorg/eclipse/jdt/internal/compiler/env/IBinaryField; 0 [Lorg/eclipse/jdt/internal/compiler/env/IBinaryField;
staticfield org/eclipse/jdt/internal/compiler/env/IBinaryType NoMethod [Lorg/eclipse/jdt/internal/compiler/env/IBinaryMethod; 0 [Lorg/eclipse/jdt/internal/compiler/env/IBinaryMethod;
ciInstanceKlass sun/nio/ch/Invoker$1 1 1 31 10 7 12 1 1 1 10 7 12 1 1 1 1 1 1 1 1 1 1 1 1 1 1 100 1 1 1 100 1 1
ciInstanceKlass org/eclipse/jdt/internal/compiler/util/CharDeduplication 1 1 140 7 1 7 1 1 1 1 1 1 1 1 3 1 3 1 1 1 1 1 1 1 1 1 1 9 12 7 9 12 18 12 1 1 10 7 1 12 1 1 9 12 1 1 1 1 1 1 10 12 1 7 1 10 10 12 1 10 12 1 10 12 1 1 1 10 9 12 9 12 1 1 1 1 1 10 7 1 12 1 1 10 12 1 1 1 10 12 10 12 1 1 1 10 12 1 1 10 12 1 1 10 12 1 1 1 1 1 1 1 1 1 1 1 1 1 1 1 1 1 1 1 10 7 1 12 1 1 15 16 10 12 15 16 1 100 1 100 1 1
staticfield org/eclipse/jdt/internal/compiler/util/CharDeduplication CHAR_ARRAY0 [C 0
staticfield org/eclipse/jdt/internal/compiler/util/CharDeduplication ASCII_CHARS [[C 128 [[C
staticfield org/eclipse/jdt/internal/compiler/util/CharDeduplication mutableCache Ljava/lang/ThreadLocal; java/lang/ThreadLocal$SuppliedThreadLocal
instanceKlass org/eclipse/jdt/internal/compiler/classfmt/FieldInfo
instanceKlass org/eclipse/jdt/internal/compiler/classfmt/MethodInfo
instanceKlass org/eclipse/jdt/internal/compiler/classfmt/AnnotationInfo
instanceKlass org/eclipse/jdt/internal/compiler/classfmt/InnerClassInfo
instanceKlass org/eclipse/jdt/internal/compiler/classfmt/ModuleInfo
instanceKlass org/eclipse/jdt/internal/compiler/classfmt/ClassFileReader
ciInstanceKlass org/eclipse/jdt/internal/compiler/classfmt/ClassFileStruct 1 1 78 7 1 7 1 1 1 1 1 1 1 1 1 1 10 12 1 9 12 9 12 9 12 1 1 1 1 1 1 1 1 1 10 12 1 1 10 7 1 12 1 1 1 1 1 10 12 1 1 10 7 1 12 1 1 1 1 1 1 1 1 10 7 1 12 1 1 1 1 1 1 1 1 1 1 100 1 1
ciInstanceKlass org/eclipse/jdt/internal/compiler/classfmt/ClassFileReader 1 1 1066 7 1 7 1 100 1 1 1 1 1 1 1 1 1 1 1 1 1 1 1 1 1 1 1 1 1 1 1 1 1 1 1 1 1 1 1 1 1 1 1 1 1 1 1 1 1 1 1 1 1 1 1 1 1 1 1 1 100 1 10 12 1 1 100 1 10 12 1 100 1 8 1 10 12 1 1 8 1 8 1 8 1 8 1 8 1 100 1 3 8 1 10 12 1 10 12 1 1 1 1 1 1 1 1 1 1 1 1 100 1 100 1 10 12 1 1 1 10 100 1 12 1 1 10 100 1 12 1 1 10 12 1 10 100 1 12 1 1 10 12 1 10 12 1 1 1 1 1 1 1 100 100 1 1 10 12 1 1 10 12 1 1 1 1 1 10 12 1 10 12 1 1 10 12 1 1 1 1 1 1 11 100 1 12 1 10 12 1 10 100 1 12 1 1 1 1 1 1 1 1 1 10 12 1 1 1 1 10 100 1 12 1 1 10 12 1 1 10 12 1 10 12 1 1 10 12 1 18 12 1 1 10 12 1 10 100 1 12 1 10 100 1 12 1 1 1 1 100 1 9 12 1 1 10 12 1 1 8 1 10 12 1 1 18 12 1 8 10 12 1 100 1 10 12 100 1 1 1 1 1 1 10 12 1 10 12 10 12 1 1 9 12 9 12 9 7 1 100 10 12 1 10 12 1 9 12 10 12 1 1 9 12 9 12 9 12 1 1 10 12 1 9 12 100 1 8 1 10 10 12 1 1 10 7 1 12 1 1 9 12 9 12 9 7 1 12 1 10 7 1 12 1 1 3 9 12 9 12 9 12 7 1 9 12 9 12 1 10 12 1 1 10 12 1 1 9 12 7 1 9 12 10 7 1 12 1 1 10 12 1 10 10 12 1 1 10 12 1 9 7 1 12 1 9 12 9 12 1 3 9 12 1 7 1 9 12 10 9 12 1 9 12 10 12 1 9 12 1 9 12 100 1 5 0 9 12 1 9 12 1 9 12 1 9 12 1 10 12 1 1 9 12 1 9 12 1 10 12 1 9 12 1 9 12 1 10 12 1 1 9 12 1 100 9 12 10 12 1 1 9 12 1 10 12 1 1 10 9 12 9 12 1 9 12 9 12 9 12 10 12 1 1 9 12 9 12 9 12 9 12 10 12 1 100 1 1 1 1 1 1 1 1 1 1 1 1 1 1 1 1 1 1 1 1 1 1 1 1 1 1 100 9 12 9 12 100 1 9 12 10 12 1 1 10 1 1 1 1 9 7 1 12 1 1 1 1 1 1 1 1 1 1 7 1 10 12 1 9 12 9 12 1 5 0 5 0 5 0 10 7 1 12 1 1 1 1 1 1 1 1 1 1 1 100 100 1 10 9 9 12 1 100 1 1 1 1 1 1 1 1 9 12 100 1 10 10 12 1 1 10 1 1 1 1 1 1 1 1 1 1 1 10 12 1 1 1 1 1 1 7 1 9 12 1 9 12 1 1 1 1 1 1 100 100 1 1 1 1 1 10 12 9 12 10 12 10 12 10 12 1 1 10 12 1 1 10 12 1 1 1 1 1 1 1 1 1 1 10 12 1 10 12 1 1 1 1 1 1 1 1 1 1 10 10 12 1 10 12 1 1 1 1 1 1 1 1 10 12 1 1 10 5 0 10 12 10 12 10 12 1 1 5 0 10 12 10 12 1 1 10 12 10 12 10 12 10 12 10 12 11 11 10 12 100 10 100 1 12 1 1 10 12 10 12 10 12 10 12 10 12 1 1 1 1 1 1 1 1 1 1 1 1 1 1 1 1 1 1 1 1 100 10 12 1 1 10 100 1 12 1 1 1 1 1 1 1 1 11 100 1 12 1 10 12 1 1 11 12 1 1 9 12 1 11 100 1 11 12 1 1 100 1 10 100 1 12 1 9 12 1 1 1 1 1 1 1 1 1 1 1 1 1 1 100 10 10 10 10 10 10 10 10 12 1 10 12 1 1 10 100 1 12 1 10 12 1 1 10 12 1 10 12 1 1 10 12 1 1 10 12 1 1 10 12 1 10 12 1 1 10 12 1 1 10 10 12 1 10 1 1 1 1 1 10 10 10 10 10 12 1 10 12 1 1 10 10 12 1 10 12 1 10 12 1 1 1 1 1 1 1 1 1 1 100 1 10 12 1 1 11 12 1 1 1 1 1 1 1 100 11 12 1 100 1 1 1 10 10 10 10 10 12 10 12 1 10 12 1 1 1 1 1 1 1 1 1 1 100 1 10 10 12 1 10 100 1 18 10 12 1 18 8 1 18 18 10 12 10 12 18 12 1 10 1 1 1 1 1 1 10 10 1 1 1 1 1 10 100 1 12 1 15 8 1 8 1 8 1 8 1 8 1 8 1 8 1 1 100 1 100 1 1 100 1 1
ciInstanceKlass org/eclipse/jdt/internal/compiler/env/IGenericMethod 1 0 13 100 1 100 1 1 1 1 1 1 1 1 1
ciInstanceKlass org/eclipse/jdt/internal/compiler/env/IBinaryMethod 1 1 80 100 1 100 1 100 1 100 1 1 1 1 1 1 1 1 1 1 1 1 1 1 1 1 1 1 1 1 1 1 1 11 12 100 1 10 100 1 12 1 1 10 12 1 1 100 1 1 1 1 1 1 1 1 1 1 1 1 1 100 1 1 1 100 1 8 1 1 12 10 1 1 1 8 1 1 1 8 1 1
ciInstanceKlass org/eclipse/jdt/internal/compiler/env/IBinaryAnnotation 1 1 21 100 1 100 1 100 1 1 1 1 1 1 1 1 1 1 1 1 1 1 1
ciInstanceKlass org/eclipse/jdt/internal/compiler/env/IBinaryTypeAnnotation 0 0 27 100 1 100 1 1 1 1 1 1 9 12 1 1 1 1 1 1 1 1 1 1 1 1 1 1 1
ciInstanceKlass org/eclipse/jdt/internal/compiler/codegen/AttributeNamesConstants 1 1 174 7 1 100 1 1 1 1 1 1 1 1 1 1 1 1 1 1 1 1 1 1 1 1 1 1 1 1 1 1 1 1 1 1 1 1 1 1 1 1 1 1 8 1 10 7 1 12 1 1 9 12 8 1 9 12 8 1 9 12 8 1 9 12 8 1 9 12 8 9 12 8 1 9 12 8 1 9 12 8 1 9 12 8 1 9 12 8 1 9 12 8 1 9 12 8 1 9 12 8 9 12 8 9 12 8 1 9 12 8 1 9 12 8 1 9 12 8 1 9 12 8 1 9 12 8 1 9 12 8 9 12 8 1 9 12 8 1 9 12 8 1 9 12 8 1 9 12 8 1 9 12 8 1 9 12 8 1 9 12 8 9 12 8 9 12 8 1 9 12 8 9 12 1
staticfield org/eclipse/jdt/internal/compiler/codegen/AttributeNamesConstants SyntheticName [C 9
staticfield org/eclipse/jdt/internal/compiler/codegen/AttributeNamesConstants ConstantValueName [C 13
staticfield org/eclipse/jdt/internal/compiler/codegen/AttributeNamesConstants LineNumberTableName [C 15
staticfield org/eclipse/jdt/internal/compiler/codegen/AttributeNamesConstants LocalVariableTableName [C 18
staticfield org/eclipse/jdt/internal/compiler/codegen/AttributeNamesConstants InnerClassName [C 12
staticfield org/eclipse/jdt/internal/compiler/codegen/AttributeNamesConstants CodeName [C 4
staticfield org/eclipse/jdt/internal/compiler/codegen/AttributeNamesConstants ExceptionsName [C 10
staticfield org/eclipse/jdt/internal/compiler/codegen/AttributeNamesConstants SourceName [C 10
staticfield org/eclipse/jdt/internal/compiler/codegen/AttributeNamesConstants DeprecatedName [C 10
staticfield org/eclipse/jdt/internal/compiler/codegen/AttributeNamesConstants SignatureName [C 9
staticfield org/eclipse/jdt/internal/compiler/codegen/AttributeNamesConstants LocalVariableTypeTableName [C 22
staticfield org/eclipse/jdt/internal/compiler/codegen/AttributeNamesConstants EnclosingMethodName [C 15
staticfield org/eclipse/jdt/internal/compiler/codegen/AttributeNamesConstants ModuleName [C 6
staticfield org/eclipse/jdt/internal/compiler/codegen/AttributeNamesConstants ModuleMainClass [C 15
staticfield org/eclipse/jdt/internal/compiler/codegen/AttributeNamesConstants ModulePackages [C 14
staticfield org/eclipse/jdt/internal/compiler/codegen/AttributeNamesConstants AnnotationDefaultName [C 17
staticfield org/eclipse/jdt/internal/compiler/codegen/AttributeNamesConstants RuntimeInvisibleAnnotationsName [C 27
staticfield org/eclipse/jdt/internal/compiler/codegen/AttributeNamesConstants RuntimeVisibleAnnotationsName [C 25
staticfield org/eclipse/jdt/internal/compiler/codegen/AttributeNamesConstants RuntimeInvisibleParameterAnnotationsName [C 36
staticfield org/eclipse/jdt/internal/compiler/codegen/AttributeNamesConstants RuntimeVisibleParameterAnnotationsName [C 34
staticfield org/eclipse/jdt/internal/compiler/codegen/AttributeNamesConstants StackMapTableName [C 13
staticfield org/eclipse/jdt/internal/compiler/codegen/AttributeNamesConstants InconsistentHierarchy [C 21
staticfield org/eclipse/jdt/internal/compiler/codegen/AttributeNamesConstants VarargsName [C 7
staticfield org/eclipse/jdt/internal/compiler/codegen/AttributeNamesConstants StackMapName [C 8
staticfield org/eclipse/jdt/internal/compiler/codegen/AttributeNamesConstants MissingTypesName [C 12
staticfield org/eclipse/jdt/internal/compiler/codegen/AttributeNamesConstants BootstrapMethodsName [C 16
staticfield org/eclipse/jdt/internal/compiler/codegen/AttributeNamesConstants RuntimeVisibleTypeAnnotationsName [C 29
staticfield org/eclipse/jdt/internal/compiler/codegen/AttributeNamesConstants RuntimeInvisibleTypeAnnotationsName [C 31
staticfield org/eclipse/jdt/internal/compiler/codegen/AttributeNamesConstants MethodParametersName [C 16
staticfield org/eclipse/jdt/internal/compiler/codegen/AttributeNamesConstants NestHost [C 8
staticfield org/eclipse/jdt/internal/compiler/codegen/AttributeNamesConstants NestMembers [C 11
staticfield org/eclipse/jdt/internal/compiler/codegen/AttributeNamesConstants RecordClass [C 6
staticfield org/eclipse/jdt/internal/compiler/codegen/AttributeNamesConstants PermittedSubclasses [C 19
ciInstanceKlass org/eclipse/jdt/internal/compiler/classfmt/AnnotationInfo 1 1 407 7 1 7 1 100 1 1 1 1 1 1 1 1 1 1 1 1 1 1 1 1 7 1 9 12 1 1 1 1 10 12 9 12 9 12 1 1 1 1 1 1 1 1 10 10 12 1 10 12 1 1 1 1 1 1 100 100 9 12 1 10 12 1 1 9 12 1 10 12 1 1 10 7 1 12 1 1 9 12 9 7 1 12 1 10 12 1 1 10 12 1 9 12 10 12 1 1 100 1 10 100 1 12 1 1 10 12 1 8 1 10 12 1 1 10 12 1 8 1 10 12 1 8 1 8 1 10 12 1 9 12 1 10 100 1 12 1 1 100 1 10 12 1 10 12 1 1 1 1 1 1 1 1 1 1 1 100 10 100 1 12 1 1 1 1 1 1 1 10 12 1 10 12 1 10 7 1 12 1 1 10 100 1 12 1 10 100 1 12 1 10 100 1 12 1 10 100 1 12 1 10 12 1 1 10 100 1 12 1 10 12 1 1 10 100 1 12 1 10 12 1 1 10 100 1 12 1 10 7 1 12 1 1 10 7 1 12 1 100 1 10 12 1 100 1 10 12 1 10 12 8 1 18 12 1 1 18 12 1 10 1 1 1 1 1 1 1 1 1 100 1 1 10 12 1 1 1 1 1 5 0 1 1 9 7 1 12 1 10 7 1 12 1 1 10 7 1 12 1 1 10 12 1 10 12 1 100 1 9 12 1 10 12 1 100 1 5 0 10 12 9 12 1 5 0 9 12 1 5 0 9 12 1 9 12 1 10 12 9 12 1 5 0 9 12 1 5 0 9 12 1 5 0 1 1 5 0 1 10 100 1 12 1 1 1 1 10 100 1 12 1 10 12 1 1 1 1 10 12 1 1 10 12 1 10 1 1 1 1 1 10 100 1 12 1 15 8 1 8 1 1 100 1 100 1 1
ciInstanceKlass org/eclipse/jdt/internal/compiler/codegen/ConstantPool 1 1 1825 7 1 7 1 100 1 100 1 1 1 1 3 1 3 1 3 1 1 1 1 1 1 1 1 1 1 1 1 1 1 1 1 1 1 1 1 1 1 1 1 1 1 1 1 1 1 1 1 1 1 1 1 1 1 1 1 1 1 1 1 1 1 1 1 1 1 1 1 1 1 1 1 1 1 1 1 1 1 1 1 1 1 1 1 1 1 1 1 1 1 1 1 1 1 1 1 1 1 1 1 1 1 1 1 1 1 1 1 1 1 1 1 1 1 1 1 1 1 1 1 1 1 1 1 1 1 1 1 1 1 1 1 1 1 1 1 1 1 1 1 1 1 1 1 1 1 1 1 1 1 1 1 1 1 1 1 1 1 1 1 1 1 1 1 1 1 1 1 1 1 1 1 1 1 1 1 1 1 1 1 1 1 1 1 1 1 1 1 1 1 1 1 1 1 1 1 1 1 1 1 1 1 1 1 1 1 1 1 1 1 1 1 1 1 1 1 1 1 1 1 1 1 1 1 1 1 1 1 1 1 1 1 1 1 1 1 1 1 1 1 1 1 1 1 1 1 1 1 1 1 1 1 1 1 1 1 1 1 1 1 1 1 1 1 1 1 1 1 1 1 1 1 1 1 1 1 1 1 1 1 1 1 1 1 1 1 1 1 1 1 1 1 1 1 1 1 1 1 1 1 1 1 1 1 1 1 1 1 1 1 1 1 1 1 1 1 1 1 1 1 1 1 1 1 1 1 1 1 1 1 1 1 1 1 1 1 1 1 1 1 1 1 1 1 1 1 1 1 1 1 1 10 7 1 12 1 1 9 12 8 1 10 7 1 12 1 1 9 12 8 1 9 12 8 1 9 12 8 1 9 12 8 1 9 12 8 1 9 12 8 1 9 12 8 1 9 12 8 1 9 12 8 1 9 12 8 9 12 8 1 9 12 8 1 9 12 8 1 9 12 8 1 9 12 8 1 9 12 8 1 9 12 8 1 9 12 8 1 9 12 8 9 12 8 9 12 9 12 8 1 9 12 9 12 8 9 12 9 12 8 1 9 12 8 1 9 12 8 1 9 12 8 1 9 12 8 1 9 12 8 1 9 12 8 1 9 12 8 1 9 12 8 1 9 12 8 1 9 12 8 1 9 12 8 1 9 12 8 1 9 12 8 1 9 12 8 1 9 12 8 1 9 12 8 1 9 12 8 1 9 12 8 1 9 12 8 1 9 12 8 1 9 12 8 1 9 12 8 1 9 12 8 1 9 12 8 1 9 12 8 1 9 12 8 1 9 12 8 1 9 12 8 1 9 12 8 1 9 12 8 1 9 12 8 1 9 12 8 1 9 12 8 1 9 12 8 1 9 12 9 12 8 1 9 12 8 1 9 12 8 1 9 12 9 12 8 1 9 12 8 1 9 12 8 1 9 12 8 1 9 12 8 1 9 12 8 1 9 12 8 1 9 12 9 12 8 1 9 12 9 12 8 1 9 12 8 1 9 12 8 1 9 12 9 12 8 1 9 12 8 1 9 12 8 1 9 12 8 1 9 12 8 1 9 12 7 9 7 1 12 1 9 12 1 9 12 1 8 1 9 12 8 1 9 12 8 1 9 12 8 1 9 12 8 1 9 12 8 1 9 12 8 1 9 12 8 1 9 12 8 1 9 12 8 9 12 8 1 9 12 8 1 9 12 8 1 9 12 8 1 9 12 8 1 9 12 8 1 9 12 8 1 9 12 8 1 9 12 8 1 9 12 8 1 9 12 8 1 9 12 8 1 9 12 8 1 9 12 8 1 9 12 8 9 12 8 1 9 12 8 1 9 12 8 1 9 12 8 1 9 12 8 1 9 12 8 1 9 12 8 1 9 12 8 1 9 12 8 1 9 12 8 9 12 8 1 9 12 8 1 9 12 8 1 9 12 8 1 9 12 8 1 9 12 8 1 9 12 8 1 9 12 8 1 9 12 8 1 9 12 8 1 9 12 8 1 9 12 8 1 9 12 8 1 9 12 9 12 9 12 8 1 9 12 8 1 9 12 8 1 9 12 9 12 8 1 9 12 9 12 8 1 9 12 8 1 9 12 9 12 8 1 9 12 8 1 9 12 8 1 9 12 8 1 9 12 8 1 9 12 8 1 9 12 8 1 9 12 8 1 9 12 8 1 9 12 8 1 9 12 8 1 9 12 8 1 9 12 8 1 9 12 8 1 9 12 8 1 9 12 8 1 9 12 8 1 9 12 8 1 9 12 8 1 9 12 9 12 8 1 9 12 8 1 9 12 8 1 9 12 8 1 9 12 8 1 9 12 8 1 9 12 8 1 9 12 8 1 9 12 8 1 9 12 8 1 9 12 8 1 9 12 8 1 9 12 8 1 9 12 8 1 9 12 8 1 9 12 8 1 9 12 8 1 9 12 8 1 9 12 8 1 9 12 8 1 9 12 9 12 8 1 9 12 8 1 9 12 9 12 8 9 12 8 1 9 12 8 1 9 12 8 1 9 12 8 1 9 12 8 1 9 12 8 1 9 12 8 1 9 12 8 1 9 12 8 1 9 12 8 1 9 12 8 1 9 12 8 1 9 12 8 1 9 12 8 1 9 12 8 1 9 12 8 1 9 12 8 1 9 12 8 1 9 12 8 1 9 12 8 1 9 12 8 1 9 12 8 1 9 12 8 1 9 12 8 1 9 12 8 1 9 12 9 12 8 1 9 12 9 12 8 1 9 12 9 12 8 1 9 12 9 12 8 1 9 12 9 12 8 1 9 12 9 12 8 1 9 12 9 12 8 1 9 12 8 1 9 12 8 1 9 12 8 1 9 12 9 12 8 1 9 12 9 12 8 1 9 12 8 1 9 12 8 1 9 12 9 12 8 1 9 12 8 1 9 12 8 1 9 12 8 1 9 12 8 1 9 12 8 1 9 12 8 1 9 12 8 1 9 12 9 12 8 1 9 12 8 1 9 12 8 1 9 12 8 1 9 12 8 1 9 12 8 1 9 12 8 1 9 12 8 1 9 12 8 1 9 12 8 1 9 12 8 9 12 8 1 9 12 8 9 12 8 1 9 12 8 9 12 9 12 8 9 12 8 1 9 12 8 9 12 8 1 9 12 8 9 12 9 12 8 9 12 9 12 8 9 12 9 12 8 9 12 9 12 8 9 12 9 12 8 9 12 8 1 9 12 8 9 12 9 12 8 9 12 9 12 8 9 12 9 12 8 9 12 9 12 8 9 12 9 12 8 9 12 9 12 8 9 12 9 12 8 9 12 9 12 8 9 12 9 12 8 9 12 9 12 8 9 12 9 12 1 1 1 1 10 12 9 12 7 1 10 9 12 9 12 7 1 10 12 9 12 9 12 9 12 9 12 9 12 7 1 10 9 12 9 12 10 12 1 1 9 7 1 12 1 9 12 9 12 1 9 12 9 12 1 1 1 10 7 12 1 1 10 12 1 1 3 9 12 1 1 9 100 1 12 1 1 10 100 1 12 1 1 10 12 1 1 10 100 1 12 1 1 10 12 1 10 12 1 1 1 1 1 1 1 10 7 1 12 1 1 9 12 1 1 100 1 5 0 10 100 1 12 1 1 10 12 1 10 12 1 1 1 1 10 12 1 1 1 1 1 1 10 12 1 1 1 9 12 100 1 10 10 12 1 10 100 12 1 1 1 1 1 1 9 12 100 1 10 10 12 1 10 100 12 1 1 1 9 12 7 1 10 10 12 1 1 9 12 100 1 10 10 12 1 1 1 1 1 1 1 1 1 1 1 10 12 10 12 1 1 10 12 1 1 10 12 1 1 1 1 1 1 1 1 1 10 12 10 12 1 1 1 1 1 9 100 1 12 1 10 100 1 12 10 12 1 10 12 1 10 12 1 9 12 10 10 12 1 1 1 10 12 10 12 1 1 1 1 100 10 10 12 1 1 1 1 1 1 1 1 10 12 1 1 1 1 1 10 12 1 1 10 12 1 1 1 1 10 12 1 7 1 10 12 1 10 12 1 1 9 12 10 7 1 12 1 9 12 1 1 1 1 1 1 1 1 10 12 10 10 12 1 1 1 1 1 1 9 100 1 12 1 10 12 1 1 1 1 1 10 12 1 10 10 10 10 10 10 1 1
staticfield org/eclipse/jdt/internal/compiler/codegen/ConstantPool Append [C 6
staticfield org/eclipse/jdt/internal/compiler/codegen/ConstantPool ARRAY_NEWINSTANCE_NAME [C 11
staticfield org/eclipse/jdt/internal/compiler/codegen/ConstantPool ARRAY_NEWINSTANCE_SIGNATURE [C 39
staticfield org/eclipse/jdt/internal/compiler/codegen/ConstantPool ArrayCopy [C 9
staticfield org/eclipse/jdt/internal/compiler/codegen/ConstantPool ArrayCopySignature [C 42
staticfield org/eclipse/jdt/internal/compiler/codegen/ConstantPool ArrayJavaLangClassConstantPoolName [C 18
staticfield org/eclipse/jdt/internal/compiler/codegen/ConstantPool ArrayJavaLangObjectConstantPoolName [C 19
staticfield org/eclipse/jdt/internal/compiler/codegen/ConstantPool booleanBooleanSignature [C 22
staticfield org/eclipse/jdt/internal/compiler/codegen/ConstantPool BooleanConstrSignature [C 4
staticfield org/eclipse/jdt/internal/compiler/codegen/ConstantPool BOOLEANVALUE_BOOLEAN_METHOD_NAME [C 12
staticfield org/eclipse/jdt/internal/compiler/codegen/ConstantPool BOOLEANVALUE_BOOLEAN_METHOD_SIGNATURE [C 3
staticfield org/eclipse/jdt/internal/compiler/codegen/ConstantPool byteByteSignature [C 19
staticfield org/eclipse/jdt/internal/compiler/codegen/ConstantPool ByteConstrSignature [C 4
staticfield org/eclipse/jdt/internal/compiler/codegen/ConstantPool BYTEVALUE_BYTE_METHOD_NAME [C 9
staticfield org/eclipse/jdt/internal/compiler/codegen/ConstantPool BYTEVALUE_BYTE_METHOD_SIGNATURE [C 3
staticfield org/eclipse/jdt/internal/compiler/codegen/ConstantPool charCharacterSignature [C 24
staticfield org/eclipse/jdt/internal/compiler/codegen/ConstantPool CharConstrSignature [C 4
staticfield org/eclipse/jdt/internal/compiler/codegen/ConstantPool CHARVALUE_CHARACTER_METHOD_NAME [C 9
staticfield org/eclipse/jdt/internal/compiler/codegen/ConstantPool CHARVALUE_CHARACTER_METHOD_SIGNATURE [C 3
staticfield org/eclipse/jdt/internal/compiler/codegen/ConstantPool Clinit [C 8
staticfield org/eclipse/jdt/internal/compiler/codegen/ConstantPool DefaultConstructorSignature [C 3
staticfield org/eclipse/jdt/internal/compiler/codegen/ConstantPool ClinitSignature [C 3
staticfield org/eclipse/jdt/internal/compiler/codegen/ConstantPool Close [C 5
staticfield org/eclipse/jdt/internal/compiler/codegen/ConstantPool CloseSignature [C 3
staticfield org/eclipse/jdt/internal/compiler/codegen/ConstantPool DesiredAssertionStatus [C 22
staticfield org/eclipse/jdt/internal/compiler/codegen/ConstantPool DesiredAssertionStatusSignature [C 3
staticfield org/eclipse/jdt/internal/compiler/codegen/ConstantPool DoubleConstrSignature [C 4
staticfield org/eclipse/jdt/internal/compiler/codegen/ConstantPool doubleDoubleSignature [C 21
staticfield org/eclipse/jdt/internal/compiler/codegen/ConstantPool DOUBLEVALUE_DOUBLE_METHOD_NAME [C 11
staticfield org/eclipse/jdt/internal/compiler/codegen/ConstantPool DOUBLEVALUE_DOUBLE_METHOD_SIGNATURE [C 3
staticfield org/eclipse/jdt/internal/compiler/codegen/ConstantPool EnumName [C 10
staticfield org/eclipse/jdt/internal/compiler/codegen/ConstantPool EnumOrdinal [C 13
staticfield org/eclipse/jdt/internal/compiler/codegen/ConstantPool Exit [C 4
staticfield org/eclipse/jdt/internal/compiler/codegen/ConstantPool ExitIntSignature [C 4
staticfield org/eclipse/jdt/internal/compiler/codegen/ConstantPool FloatConstrSignature [C 4
staticfield org/eclipse/jdt/internal/compiler/codegen/ConstantPool floatFloatSignature [C 20
staticfield org/eclipse/jdt/internal/compiler/codegen/ConstantPool FLOATVALUE_FLOAT_METHOD_NAME [C 10
staticfield org/eclipse/jdt/internal/compiler/codegen/ConstantPool FLOATVALUE_FLOAT_METHOD_SIGNATURE [C 3
staticfield org/eclipse/jdt/internal/compiler/codegen/ConstantPool ForName [C 7
staticfield org/eclipse/jdt/internal/compiler/codegen/ConstantPool ForNameSignature [C 37
staticfield org/eclipse/jdt/internal/compiler/codegen/ConstantPool GET_BOOLEAN_METHOD_NAME [C 10
staticfield org/eclipse/jdt/internal/compiler/codegen/ConstantPool GET_BOOLEAN_METHOD_SIGNATURE [C 21
staticfield org/eclipse/jdt/internal/compiler/codegen/ConstantPool GET_BYTE_METHOD_NAME [C 7
staticfield org/eclipse/jdt/internal/compiler/codegen/ConstantPool GET_BYTE_METHOD_SIGNATURE [C 21
staticfield org/eclipse/jdt/internal/compiler/codegen/ConstantPool GET_CHAR_METHOD_NAME [C 7
staticfield org/eclipse/jdt/internal/compiler/codegen/ConstantPool GET_CHAR_METHOD_SIGNATURE [C 21
staticfield org/eclipse/jdt/internal/compiler/codegen/ConstantPool GET_DOUBLE_METHOD_NAME [C 9
staticfield org/eclipse/jdt/internal/compiler/codegen/ConstantPool GET_DOUBLE_METHOD_SIGNATURE [C 21
staticfield org/eclipse/jdt/internal/compiler/codegen/ConstantPool GET_FLOAT_METHOD_NAME [C 8
staticfield org/eclipse/jdt/internal/compiler/codegen/ConstantPool GET_FLOAT_METHOD_SIGNATURE [C 21
staticfield org/eclipse/jdt/internal/compiler/codegen/ConstantPool GET_INT_METHOD_NAME [C 6
staticfield org/eclipse/jdt/internal/compiler/codegen/ConstantPool GET_INT_METHOD_SIGNATURE [C 21
staticfield org/eclipse/jdt/internal/compiler/codegen/ConstantPool GET_LONG_METHOD_NAME [C 7
staticfield org/eclipse/jdt/internal/compiler/codegen/ConstantPool GET_LONG_METHOD_SIGNATURE [C 21
staticfield org/eclipse/jdt/internal/compiler/codegen/ConstantPool GET_OBJECT_METHOD_NAME [C 3
staticfield org/eclipse/jdt/internal/compiler/codegen/ConstantPool GET_OBJECT_METHOD_SIGNATURE [C 38
staticfield org/eclipse/jdt/internal/compiler/codegen/ConstantPool GET_SHORT_METHOD_NAME [C 8
staticfield org/eclipse/jdt/internal/compiler/codegen/ConstantPool GET_SHORT_METHOD_SIGNATURE [C 21
staticfield org/eclipse/jdt/internal/compiler/codegen/ConstantPool GetClass [C 8
staticfield org/eclipse/jdt/internal/compiler/codegen/ConstantPool GetClassSignature [C 19
staticfield org/eclipse/jdt/internal/compiler/codegen/ConstantPool GetComponentType [C 16
staticfield org/eclipse/jdt/internal/compiler/codegen/ConstantPool GetComponentTypeSignature [C 19
staticfield org/eclipse/jdt/internal/compiler/codegen/ConstantPool GetConstructor [C 14
staticfield org/eclipse/jdt/internal/compiler/codegen/ConstantPool GetConstructorSignature [C 51
staticfield org/eclipse/jdt/internal/compiler/codegen/ConstantPool GETDECLAREDCONSTRUCTOR_NAME [C 22
staticfield org/eclipse/jdt/internal/compiler/codegen/ConstantPool GETDECLAREDCONSTRUCTOR_SIGNATURE [C 51
staticfield org/eclipse/jdt/internal/compiler/codegen/ConstantPool GETDECLAREDFIELD_NAME [C 16
staticfield org/eclipse/jdt/internal/compiler/codegen/ConstantPool GETDECLAREDFIELD_SIGNATURE [C 45
staticfield org/eclipse/jdt/internal/compiler/codegen/ConstantPool GETDECLAREDMETHOD_NAME [C 17
staticfield org/eclipse/jdt/internal/compiler/codegen/ConstantPool GETDECLAREDMETHOD_SIGNATURE [C 64
staticfield org/eclipse/jdt/internal/compiler/codegen/ConstantPool GetMessage [C 10
staticfield org/eclipse/jdt/internal/compiler/codegen/ConstantPool GetMessageSignature [C 20
staticfield org/eclipse/jdt/internal/compiler/codegen/ConstantPool HasNext [C 7
staticfield org/eclipse/jdt/internal/compiler/codegen/ConstantPool HasNextSignature [C 3
staticfield org/eclipse/jdt/internal/compiler/codegen/ConstantPool Init [C 6
staticfield org/eclipse/jdt/internal/compiler/codegen/ConstantPool IntConstrSignature [C 4
staticfield org/eclipse/jdt/internal/compiler/codegen/ConstantPool ITERATOR_NAME [C 8
staticfield org/eclipse/jdt/internal/compiler/codegen/ConstantPool ITERATOR_SIGNATURE [C 22
staticfield org/eclipse/jdt/internal/compiler/codegen/ConstantPool Intern [C 6
staticfield org/eclipse/jdt/internal/compiler/codegen/ConstantPool InternSignature [C 20
staticfield org/eclipse/jdt/internal/compiler/codegen/ConstantPool IntIntegerSignature [C 22
staticfield org/eclipse/jdt/internal/compiler/codegen/ConstantPool INTVALUE_INTEGER_METHOD_NAME [C 8
staticfield org/eclipse/jdt/internal/compiler/codegen/ConstantPool INTVALUE_INTEGER_METHOD_SIGNATURE [C 3
staticfield org/eclipse/jdt/internal/compiler/codegen/ConstantPool INVOKE_METHOD_METHOD_NAME [C 6
staticfield org/eclipse/jdt/internal/compiler/codegen/ConstantPool INVOKE_METHOD_METHOD_SIGNATURE [C 57
staticfield org/eclipse/jdt/internal/compiler/codegen/ConstantPool JAVA_LANG_REFLECT_ACCESSIBLEOBJECT [[C 4 [[C
staticfield org/eclipse/jdt/internal/compiler/codegen/ConstantPool JAVA_LANG_REFLECT_ARRAY [[C 4 [[C
staticfield org/eclipse/jdt/internal/compiler/codegen/ConstantPool IllegalArgumentExceptionConstructorSignature [C 21
staticfield org/eclipse/jdt/internal/compiler/codegen/ConstantPool JavaIoPrintStreamSignature [C 21
staticfield org/eclipse/jdt/internal/compiler/codegen/ConstantPool JavaLangAssertionErrorConstantPoolName [C 24
staticfield org/eclipse/jdt/internal/compiler/codegen/ConstantPool JavaLangBooleanConstantPoolName [C 17
staticfield org/eclipse/jdt/internal/compiler/codegen/ConstantPool JavaLangBooleanSignature [C 19
staticfield org/eclipse/jdt/internal/compiler/codegen/ConstantPool JavaLangByteConstantPoolName [C 14
staticfield org/eclipse/jdt/internal/compiler/codegen/ConstantPool JavaLangCharacterConstantPoolName [C 19
staticfield org/eclipse/jdt/internal/compiler/codegen/ConstantPool JavaLangClassConstantPoolName [C 15
staticfield org/eclipse/jdt/internal/compiler/codegen/ConstantPool JavaLangClassNotFoundExceptionConstantPoolName [C 32
staticfield org/eclipse/jdt/internal/compiler/codegen/ConstantPool JavaLangClassSignature [C 17
staticfield org/eclipse/jdt/internal/compiler/codegen/ConstantPool JavaLangDoubleConstantPoolName [C 16
staticfield org/eclipse/jdt/internal/compiler/codegen/ConstantPool JavaLangEnumConstantPoolName [C 14
staticfield org/eclipse/jdt/internal/compiler/codegen/ConstantPool JavaLangErrorConstantPoolName [C 15
staticfield org/eclipse/jdt/internal/compiler/codegen/ConstantPool JavaLangIncompatibleClassChangeErrorConstantPoolName [C 38
staticfield org/eclipse/jdt/internal/compiler/codegen/ConstantPool JavaLangMatchExceptionConstantPoolName [C 24
staticfield org/eclipse/jdt/internal/compiler/codegen/ConstantPool JavaLangMatchExceptionNewInstanceSignature [C 42
staticfield org/eclipse/jdt/internal/compiler/codegen/ConstantPool JavaLangExceptionConstantPoolName [C 19
staticfield org/eclipse/jdt/internal/compiler/codegen/ConstantPool JavaLangFloatConstantPoolName [C 15
staticfield org/eclipse/jdt/internal/compiler/codegen/ConstantPool JavaLangIntegerConstantPoolName [C 17
staticfield org/eclipse/jdt/internal/compiler/codegen/ConstantPool JavaLangLongConstantPoolName [C 14
staticfield org/eclipse/jdt/internal/compiler/codegen/ConstantPool JavaLangNoClassDefFoundErrorConstantPoolName [C 30
staticfield org/eclipse/jdt/internal/compiler/codegen/ConstantPool JavaLangNoSuchFieldErrorConstantPoolName [C 26
staticfield org/eclipse/jdt/internal/compiler/codegen/ConstantPool JavaLangObjectConstantPoolName [C 16
staticfield org/eclipse/jdt/internal/compiler/codegen/ConstantPool JAVALANGREFLECTACCESSIBLEOBJECT_CONSTANTPOOLNAME [C 34
staticfield org/eclipse/jdt/internal/compiler/codegen/ConstantPool JAVALANGREFLECTARRAY_CONSTANTPOOLNAME [C 23
staticfield org/eclipse/jdt/internal/compiler/codegen/ConstantPool JavaLangReflectConstructorConstantPoolName [C 29
staticfield org/eclipse/jdt/internal/compiler/codegen/ConstantPool JavaLangReflectConstructorNewInstanceSignature [C 39
staticfield org/eclipse/jdt/internal/compiler/codegen/ConstantPool JAVALANGREFLECTFIELD_CONSTANTPOOLNAME [C 23
staticfield org/eclipse/jdt/internal/compiler/codegen/ConstantPool JAVALANGREFLECTMETHOD_CONSTANTPOOLNAME [C 24
staticfield org/eclipse/jdt/internal/compiler/codegen/ConstantPool JavaLangShortConstantPoolName [C 15
staticfield org/eclipse/jdt/internal/compiler/codegen/ConstantPool JavaLangStringBufferConstantPoolName [C 22
staticfield org/eclipse/jdt/internal/compiler/codegen/ConstantPool JavaLangStringBuilderConstantPoolName [C 23
staticfield org/eclipse/jdt/internal/compiler/codegen/ConstantPool JavaLangStringConstantPoolName [C 16
staticfield org/eclipse/jdt/internal/compiler/codegen/ConstantPool JavaLangStringSignature [C 18
staticfield org/eclipse/jdt/internal/compiler/codegen/ConstantPool JavaLangObjectSignature [C 18
staticfield org/eclipse/jdt/internal/compiler/codegen/ConstantPool JavaLangSystemConstantPoolName [C 16
staticfield org/eclipse/jdt/internal/compiler/codegen/ConstantPool JavaLangThrowableConstantPoolName [C 19
staticfield org/eclipse/jdt/internal/compiler/codegen/ConstantPool JavaLangIllegalArgumentExceptionConstantPoolName [C 34
staticfield org/eclipse/jdt/internal/compiler/codegen/ConstantPool JavaLangVoidConstantPoolName [C 14
staticfield org/eclipse/jdt/internal/compiler/codegen/ConstantPool JavaUtilIteratorConstantPoolName [C 18
staticfield org/eclipse/jdt/internal/compiler/codegen/ConstantPool JavaUtilObjectsConstantPoolName [C 17
staticfield org/eclipse/jdt/internal/compiler/codegen/ConstantPool LongConstrSignature [C 4
staticfield org/eclipse/jdt/internal/compiler/codegen/ConstantPool longLongSignature [C 19
staticfield org/eclipse/jdt/internal/compiler/codegen/ConstantPool LONGVALUE_LONG_METHOD_NAME [C 9
staticfield org/eclipse/jdt/internal/compiler/codegen/ConstantPool LONGVALUE_LONG_METHOD_SIGNATURE [C 3
staticfield org/eclipse/jdt/internal/compiler/codegen/ConstantPool Name [C 4
staticfield org/eclipse/jdt/internal/compiler/codegen/ConstantPool NewInstance [C 11
staticfield org/eclipse/jdt/internal/compiler/codegen/ConstantPool NewInstanceSignature [C 39
staticfield org/eclipse/jdt/internal/compiler/codegen/ConstantPool Next [C 4
staticfield org/eclipse/jdt/internal/compiler/codegen/ConstantPool NextSignature [C 20
staticfield org/eclipse/jdt/internal/compiler/codegen/ConstantPool ObjectConstrSignature [C 21
staticfield org/eclipse/jdt/internal/compiler/codegen/ConstantPool ObjectSignature [C 18
staticfield org/eclipse/jdt/internal/compiler/codegen/ConstantPool Ordinal [C 7
staticfield org/eclipse/jdt/internal/compiler/codegen/ConstantPool OrdinalSignature [C 3
staticfield org/eclipse/jdt/internal/compiler/codegen/ConstantPool Out [C 3
staticfield org/eclipse/jdt/internal/compiler/codegen/ConstantPool RequireNonNull [C 14
staticfield org/eclipse/jdt/internal/compiler/codegen/ConstantPool RequireNonNullSignature [C 38
staticfield org/eclipse/jdt/internal/compiler/codegen/ConstantPool SET_BOOLEAN_METHOD_NAME [C 10
staticfield org/eclipse/jdt/internal/compiler/codegen/ConstantPool SET_BOOLEAN_METHOD_SIGNATURE [C 22
staticfield org/eclipse/jdt/internal/compiler/codegen/ConstantPool SET_BYTE_METHOD_NAME [C 7
staticfield org/eclipse/jdt/internal/compiler/codegen/ConstantPool SET_BYTE_METHOD_SIGNATURE [C 22
staticfield org/eclipse/jdt/internal/compiler/codegen/ConstantPool SET_CHAR_METHOD_NAME [C 7
staticfield org/eclipse/jdt/internal/compiler/codegen/ConstantPool SET_CHAR_METHOD_SIGNATURE [C 22
staticfield org/eclipse/jdt/internal/compiler/codegen/ConstantPool SET_DOUBLE_METHOD_NAME [C 9
staticfield org/eclipse/jdt/internal/compiler/codegen/ConstantPool SET_DOUBLE_METHOD_SIGNATURE [C 22
staticfield org/eclipse/jdt/internal/compiler/codegen/ConstantPool SET_FLOAT_METHOD_NAME [C 8
staticfield org/eclipse/jdt/internal/compiler/codegen/ConstantPool SET_FLOAT_METHOD_SIGNATURE [C 22
staticfield org/eclipse/jdt/internal/compiler/codegen/ConstantPool SET_INT_METHOD_NAME [C 6
staticfield org/eclipse/jdt/internal/compiler/codegen/ConstantPool SET_INT_METHOD_SIGNATURE [C 22
staticfield org/eclipse/jdt/internal/compiler/codegen/ConstantPool SET_LONG_METHOD_NAME [C 7
staticfield org/eclipse/jdt/internal/compiler/codegen/ConstantPool SET_LONG_METHOD_SIGNATURE [C 22
staticfield org/eclipse/jdt/internal/compiler/codegen/ConstantPool SET_OBJECT_METHOD_NAME [C 3
staticfield org/eclipse/jdt/internal/compiler/codegen/ConstantPool SET_OBJECT_METHOD_SIGNATURE [C 39
staticfield org/eclipse/jdt/internal/compiler/codegen/ConstantPool SET_SHORT_METHOD_NAME [C 8
staticfield org/eclipse/jdt/internal/compiler/codegen/ConstantPool SET_SHORT_METHOD_SIGNATURE [C 22
staticfield org/eclipse/jdt/internal/compiler/codegen/ConstantPool SETACCESSIBLE_NAME [C 13
staticfield org/eclipse/jdt/internal/compiler/codegen/ConstantPool SETACCESSIBLE_SIGNATURE [C 4
staticfield org/eclipse/jdt/internal/compiler/codegen/ConstantPool ShortConstrSignature [C 4
staticfield org/eclipse/jdt/internal/compiler/codegen/ConstantPool shortShortSignature [C 20
staticfield org/eclipse/jdt/internal/compiler/codegen/ConstantPool SHORTVALUE_SHORT_METHOD_NAME [C 10
staticfield org/eclipse/jdt/internal/compiler/codegen/ConstantPool SHORTVALUE_SHORT_METHOD_SIGNATURE [C 3
staticfield org/eclipse/jdt/internal/compiler/codegen/ConstantPool StringBufferAppendBooleanSignature [C 27
staticfield org/eclipse/jdt/internal/compiler/codegen/ConstantPool StringBufferAppendCharSignature [C 27
staticfield org/eclipse/jdt/internal/compiler/codegen/ConstantPool StringBufferAppendDoubleSignature [C 27
staticfield org/eclipse/jdt/internal/compiler/codegen/ConstantPool StringBufferAppendFloatSignature [C 27
staticfield org/eclipse/jdt/internal/compiler/codegen/ConstantPool StringBufferAppendIntSignature [C 27
staticfield org/eclipse/jdt/internal/compiler/codegen/ConstantPool StringBufferAppendLongSignature [C 27
staticfield org/eclipse/jdt/internal/compiler/codegen/ConstantPool StringBufferAppendObjectSignature [C 44
staticfield org/eclipse/jdt/internal/compiler/codegen/ConstantPool StringBufferAppendStringSignature [C 44
staticfield org/eclipse/jdt/internal/compiler/codegen/ConstantPool StringBuilderAppendBooleanSignature [C 28
staticfield org/eclipse/jdt/internal/compiler/codegen/ConstantPool StringBuilderAppendCharSignature [C 28
staticfield org/eclipse/jdt/internal/compiler/codegen/ConstantPool StringBuilderAppendDoubleSignature [C 28
staticfield org/eclipse/jdt/internal/compiler/codegen/ConstantPool StringBuilderAppendFloatSignature [C 28
staticfield org/eclipse/jdt/internal/compiler/codegen/ConstantPool StringBuilderAppendIntSignature [C 28
staticfield org/eclipse/jdt/internal/compiler/codegen/ConstantPool StringBuilderAppendLongSignature [C 28
staticfield org/eclipse/jdt/internal/compiler/codegen/ConstantPool StringBuilderAppendObjectSignature [C 45
staticfield org/eclipse/jdt/internal/compiler/codegen/ConstantPool StringBuilderAppendStringSignature [C 45
staticfield org/eclipse/jdt/internal/compiler/codegen/ConstantPool StringConstructorSignature [C 21
staticfield org/eclipse/jdt/internal/compiler/codegen/ConstantPool This [C 4
staticfield org/eclipse/jdt/internal/compiler/codegen/ConstantPool ToString [C 8
staticfield org/eclipse/jdt/internal/compiler/codegen/ConstantPool ToStringSignature [C 20
staticfield org/eclipse/jdt/internal/compiler/codegen/ConstantPool TYPE [C 4
staticfield org/eclipse/jdt/internal/compiler/codegen/ConstantPool ValueOf [C 7
staticfield org/eclipse/jdt/internal/compiler/codegen/ConstantPool ValueOfBooleanSignature [C 21
staticfield org/eclipse/jdt/internal/compiler/codegen/ConstantPool ValueOfCharSignature [C 21
staticfield org/eclipse/jdt/internal/compiler/codegen/ConstantPool ValueOfDoubleSignature [C 21
staticfield org/eclipse/jdt/internal/compiler/codegen/ConstantPool ValueOfFloatSignature [C 21
staticfield org/eclipse/jdt/internal/compiler/codegen/ConstantPool ValueOfIntSignature [C 21
staticfield org/eclipse/jdt/internal/compiler/codegen/ConstantPool ValueOfLongSignature [C 21
staticfield org/eclipse/jdt/internal/compiler/codegen/ConstantPool ValueOfObjectSignature [C 38
staticfield org/eclipse/jdt/internal/compiler/codegen/ConstantPool ValueOfStringClassSignature [C 53
staticfield org/eclipse/jdt/internal/compiler/codegen/ConstantPool JAVA_LANG_ANNOTATION_DOCUMENTED [C 33
staticfield org/eclipse/jdt/internal/compiler/codegen/ConstantPool JAVA_LANG_ANNOTATION_ELEMENTTYPE [C 34
staticfield org/eclipse/jdt/internal/compiler/codegen/ConstantPool JAVA_LANG_ANNOTATION_RETENTION [C 32
staticfield org/eclipse/jdt/internal/compiler/codegen/ConstantPool JAVA_LANG_ANNOTATION_RETENTIONPOLICY [C 38
staticfield org/eclipse/jdt/internal/compiler/codegen/ConstantPool JAVA_LANG_ANNOTATION_TARGET [C 29
staticfield org/eclipse/jdt/internal/compiler/codegen/ConstantPool JAVA_LANG_DEPRECATED [C 22
staticfield org/eclipse/jdt/internal/compiler/codegen/ConstantPool JAVA_LANG_ANNOTATION_INHERITED [C 32
staticfield org/eclipse/jdt/internal/compiler/codegen/ConstantPool JAVA_LANG_SAFEVARARGS [C 23
staticfield org/eclipse/jdt/internal/compiler/codegen/ConstantPool JAVA_LANG_INVOKE_METHODHANDLE_POLYMORPHICSIGNATURE [C 52
staticfield org/eclipse/jdt/internal/compiler/codegen/ConstantPool METAFACTORY [C 11
staticfield org/eclipse/jdt/internal/compiler/codegen/ConstantPool JAVA_LANG_INVOKE_LAMBDAMETAFACTORY_METAFACTORY_SIGNATURE [C 204
staticfield org/eclipse/jdt/internal/compiler/codegen/ConstantPool ALTMETAFACTORY [C 14
staticfield org/eclipse/jdt/internal/compiler/codegen/ConstantPool JAVA_LANG_INVOKE_LAMBDAMETAFACTORY_ALTMETAFACTORY_SIGNATURE [C 134
staticfield org/eclipse/jdt/internal/compiler/codegen/ConstantPool JavaLangInvokeSerializedLambda [C 35
staticfield org/eclipse/jdt/internal/compiler/codegen/ConstantPool JavaLangInvokeSerializedLambdaConstantPoolName [C 33
staticfield org/eclipse/jdt/internal/compiler/codegen/ConstantPool GetImplMethodName [C 17
staticfield org/eclipse/jdt/internal/compiler/codegen/ConstantPool GetImplMethodNameSignature [C 20
staticfield org/eclipse/jdt/internal/compiler/codegen/ConstantPool GetImplMethodKind [C 17
staticfield org/eclipse/jdt/internal/compiler/codegen/ConstantPool GetImplMethodKindSignature [C 3
staticfield org/eclipse/jdt/internal/compiler/codegen/ConstantPool GetFunctionalInterfaceClass [C 27
staticfield org/eclipse/jdt/internal/compiler/codegen/ConstantPool GetFunctionalInterfaceClassSignature [C 20
staticfield org/eclipse/jdt/internal/compiler/codegen/ConstantPool GetFunctionalInterfaceMethodName [C 32
staticfield org/eclipse/jdt/internal/compiler/codegen/ConstantPool GetFunctionalInterfaceMethodNameSignature [C 20
staticfield org/eclipse/jdt/internal/compiler/codegen/ConstantPool GetFunctionalInterfaceMethodSignature [C 37
staticfield org/eclipse/jdt/internal/compiler/codegen/ConstantPool GetFunctionalInterfaceMethodSignatureSignature [C 20
staticfield org/eclipse/jdt/internal/compiler/codegen/ConstantPool GetImplClass [C 12
staticfield org/eclipse/jdt/internal/compiler/codegen/ConstantPool GetImplClassSignature [C 20
staticfield org/eclipse/jdt/internal/compiler/codegen/ConstantPool GetImplMethodSignature [C 22
staticfield org/eclipse/jdt/internal/compiler/codegen/ConstantPool GetImplMethodSignatureSignature [C 20
staticfield org/eclipse/jdt/internal/compiler/codegen/ConstantPool GetCapturedArg [C 14
staticfield org/eclipse/jdt/internal/compiler/codegen/ConstantPool GetCapturedArgSignature [C 21
staticfield org/eclipse/jdt/internal/compiler/codegen/ConstantPool JAVA_LANG_ANNOTATION_REPEATABLE [C 33
staticfield org/eclipse/jdt/internal/compiler/codegen/ConstantPool HashCode [C 8
staticfield org/eclipse/jdt/internal/compiler/codegen/ConstantPool HashCodeSignature [C 3
staticfield org/eclipse/jdt/internal/compiler/codegen/ConstantPool Equals [C 6
staticfield org/eclipse/jdt/internal/compiler/codegen/ConstantPool EqualsSignature [C 21
staticfield org/eclipse/jdt/internal/compiler/codegen/ConstantPool AddSuppressed [C 13
staticfield org/eclipse/jdt/internal/compiler/codegen/ConstantPool AddSuppressedSignature [C 24
staticfield org/eclipse/jdt/internal/compiler/codegen/ConstantPool Clone [C 5
staticfield org/eclipse/jdt/internal/compiler/codegen/ConstantPool CloneSignature [C 20
staticfield org/eclipse/jdt/internal/compiler/codegen/ConstantPool BOOTSTRAP [C 9
staticfield org/eclipse/jdt/internal/compiler/codegen/ConstantPool JAVA_LANG_RUNTIME_OBJECTMETHOD_BOOTSTRAP_SIGNATURE [C 177
staticfield org/eclipse/jdt/internal/compiler/codegen/ConstantPool PREVIEW_FEATURE [C 35
staticfield org/eclipse/jdt/internal/compiler/codegen/ConstantPool REFLECTIVE [C 10
staticfield org/eclipse/jdt/internal/compiler/codegen/ConstantPool PREVIEW_FEATURE_JEP [C 39
staticfield org/eclipse/jdt/internal/compiler/codegen/ConstantPool TITLE [C 5
staticfield org/eclipse/jdt/internal/compiler/codegen/ConstantPool TYPESWITCH [C 10
staticfield org/eclipse/jdt/internal/compiler/codegen/ConstantPool ENUMSWITCH [C 10
staticfield org/eclipse/jdt/internal/compiler/codegen/ConstantPool JAVA_LANG_RUNTIME_SWITCHBOOTSTRAPS_SWITCH_SIGNATURE [C 134
staticfield org/eclipse/jdt/internal/compiler/codegen/ConstantPool ConcatWithConstants [C 23
staticfield org/eclipse/jdt/internal/compiler/codegen/ConstantPool JAVA_LANG_INVOKE_STRING_CONCAT_FACTORY_SIGNATURE [C 152
staticfield org/eclipse/jdt/internal/compiler/codegen/ConstantPool JAVA_LANG_ENUM_ENUMDESC [C 25
staticfield org/eclipse/jdt/internal/compiler/codegen/ConstantPool JAVA_LANG_CONST_CLASSDESC [C 30
staticfield org/eclipse/jdt/internal/compiler/codegen/ConstantPool JAVA_LANG_INVOKE_CONSTANTBOOTSTRAP_SIGNATURE [C 144
staticfield org/eclipse/jdt/internal/compiler/codegen/ConstantPool JAVA_LANG_ENUMDESC_OF_SIGNATURE [C 75
staticfield org/eclipse/jdt/internal/compiler/codegen/ConstantPool JAVA_LANG_CLASSDESC_OF_SIGNATURE [C 50
staticfield org/eclipse/jdt/internal/compiler/codegen/ConstantPool JAVA_LANG_RUNTIME_STRING_TEMPLATE_SIGNATURE [C 134
staticfield org/eclipse/jdt/internal/compiler/codegen/ConstantPool PROCESS [C 7
staticfield org/eclipse/jdt/internal/compiler/codegen/ConstantPool JAVA_LANG_RUNTIME_EXACTCONVERSIONSSUPPORT [C 41
staticfield org/eclipse/jdt/internal/compiler/codegen/ConstantPool isIntToFloatExact [C 17
staticfield org/eclipse/jdt/internal/compiler/codegen/ConstantPool isIntToFloatExactSignature [C 4
staticfield org/eclipse/jdt/internal/compiler/codegen/ConstantPool isLongToFloatExact [C 18
staticfield org/eclipse/jdt/internal/compiler/codegen/ConstantPool isLongToFloatExactSignature [C 4
staticfield org/eclipse/jdt/internal/compiler/codegen/ConstantPool isLongToDoubleExact [C 19
staticfield org/eclipse/jdt/internal/compiler/codegen/ConstantPool isLongToDoubleExactSignature [C 4
staticfield org/eclipse/jdt/internal/compiler/codegen/ConstantPool isFloatToDoubleExact [C 20
staticfield org/eclipse/jdt/internal/compiler/codegen/ConstantPool isFloatToDoubleExactSignature [C 4
staticfield org/eclipse/jdt/internal/compiler/codegen/ConstantPool isDoubleToByteExact [C 19
staticfield org/eclipse/jdt/internal/compiler/codegen/ConstantPool isDoubleToByteExactSignature [C 4
staticfield org/eclipse/jdt/internal/compiler/codegen/ConstantPool isDoubleToShortExact [C 20
staticfield org/eclipse/jdt/internal/compiler/codegen/ConstantPool isDoubleToShortExactSignature [C 4
staticfield org/eclipse/jdt/internal/compiler/codegen/ConstantPool isDoubleToCharExact [C 19
staticfield org/eclipse/jdt/internal/compiler/codegen/ConstantPool isDoubleToCharExactSignature [C 4
staticfield org/eclipse/jdt/internal/compiler/codegen/ConstantPool isDoubleToIntExact [C 18
staticfield org/eclipse/jdt/internal/compiler/codegen/ConstantPool isDoubleToIntExactSignature [C 4
staticfield org/eclipse/jdt/internal/compiler/codegen/ConstantPool isDoubleToLongExact [C 19
staticfield org/eclipse/jdt/internal/compiler/codegen/ConstantPool isDoubleToLongExactSignature [C 4
staticfield org/eclipse/jdt/internal/compiler/codegen/ConstantPool isDoubleToFloatExact [C 20
staticfield org/eclipse/jdt/internal/compiler/codegen/ConstantPool isDoubleToFloatExactSignature [C 4
staticfield org/eclipse/jdt/internal/compiler/codegen/ConstantPool isFloatToByteExact [C 18
staticfield org/eclipse/jdt/internal/compiler/codegen/ConstantPool isFloatToByteExactSignature [C 4
staticfield org/eclipse/jdt/internal/compiler/codegen/ConstantPool isFloatToShortExact [C 19
staticfield org/eclipse/jdt/internal/compiler/codegen/ConstantPool isFloatToShortExactSignature [C 4
staticfield org/eclipse/jdt/internal/compiler/codegen/ConstantPool isFloatToCharExact [C 18
staticfield org/eclipse/jdt/internal/compiler/codegen/ConstantPool isFloatToCharExactSignature [C 4
staticfield org/eclipse/jdt/internal/compiler/codegen/ConstantPool isFloatToIntExact [C 17
staticfield org/eclipse/jdt/internal/compiler/codegen/ConstantPool isFloatToIntExactSignature [C 4
staticfield org/eclipse/jdt/internal/compiler/codegen/ConstantPool isFloatToLongExact [C 18
staticfield org/eclipse/jdt/internal/compiler/codegen/ConstantPool isFloatToLongExactSignature [C 4
staticfield org/eclipse/jdt/internal/compiler/codegen/ConstantPool isLongToByteExact [C 17
staticfield org/eclipse/jdt/internal/compiler/codegen/ConstantPool isLongToByteExactSignature [C 4
staticfield org/eclipse/jdt/internal/compiler/codegen/ConstantPool isLongToShortExact [C 18
staticfield org/eclipse/jdt/internal/compiler/codegen/ConstantPool isLongToShortExactSignature [C 4
staticfield org/eclipse/jdt/internal/compiler/codegen/ConstantPool isLongToCharExact [C 17
staticfield org/eclipse/jdt/internal/compiler/codegen/ConstantPool isLongToCharExactSignature [C 4
staticfield org/eclipse/jdt/internal/compiler/codegen/ConstantPool isLongToIntExact [C 16
staticfield org/eclipse/jdt/internal/compiler/codegen/ConstantPool isLongToIntExactSignature [C 4
staticfield org/eclipse/jdt/internal/compiler/codegen/ConstantPool isIntToByteExact [C 16
staticfield org/eclipse/jdt/internal/compiler/codegen/ConstantPool isIntToByteExactSignature [C 4
staticfield org/eclipse/jdt/internal/compiler/codegen/ConstantPool isIntToShortExact [C 17
staticfield org/eclipse/jdt/internal/compiler/codegen/ConstantPool isIntToShortExactSignature [C 4
staticfield org/eclipse/jdt/internal/compiler/codegen/ConstantPool isIntToCharExact [C 16
staticfield org/eclipse/jdt/internal/compiler/codegen/ConstantPool isIntToCharExactSignature [C 4
staticfield org/eclipse/jdt/internal/compiler/codegen/ConstantPool $assertionsDisabled Z 1
instanceKlass org/eclipse/jdt/internal/compiler/lookup/RawTypeBinding
ciInstanceKlass org/eclipse/jdt/internal/compiler/lookup/ParameterizedTypeBinding 1 1 1258 7 1 7 1 100 1 100 1 1 1 1 1 1 1 1 1 1 1 1 1 1 1 1 1 1 1 1 1 1 1 1 1 10 12 1 9 12 9 12 10 12 1 1 7 1 100 1 10 10 12 1 1 7 1 10 12 1 1 10 7 1 12 1 9 12 1 1 100 1 5 0 10 5 0 9 12 1 1 9 1 1 1 1 1 1 1 100 7 1 1 1 9 12 1 1 10 12 1 10 9 12 10 12 100 1 100 1 10 12 1 9 7 1 12 1 1 1 1 100 1 1 5 0 10 12 1 1 9 12 10 7 1 12 1 9 7 1 12 1 1 10 12 1 9 5 0 10 7 1 12 1 1 10 100 1 12 1 1 1 1 1 1 1 1 1 100 100 1 5 0 10 12 1 1 10 12 1 1 10 10 7 1 12 1 1 10 12 1 1 10 12 10 12 1 1 1 1 1 9 12 10 12 1 1 10 12 1 10 12 1 1 9 7 1 12 1 1 10 12 1 7 1 9 12 1 100 1 9 12 1 9 12 1 100 1 10 7 1 12 1 1 18 12 1 1 10 12 1 1 10 12 9 12 1 1 10 12 1 1 10 12 1 10 12 1 1 7 1 10 12 1 1 10 12 1 1 1 1 1 1 1 1 1 1 1 1 1 1 100 1 100 100 1 1 1 5 0 10 12 10 12 1 10 1 1 1 1 1 10 12 10 12 1 10 1 1 1 1 100 1 1 3 9 1 1 7 1 10 12 1 10 12 1 10 12 10 12 1 10 12 10 12 1 1 10 12 1 10 12 1 1 10 12 1 10 12 1 100 1 10 10 9 12 1 10 12 1 10 9 12 1 10 12 1 8 1 10 12 1 1 10 12 1 10 12 10 12 1 1 1 1 1 1 1 1 1 1 1 1 1 1 1 10 12 1 10 12 1 1 1 7 1 10 12 1 1 1 1 1 10 12 1 10 12 1 10 12 1 10 10 12 10 12 1 10 12 1 1 10 10 12 1 10 10 12 1 10 12 1 1 1 1 10 12 1 1 10 12 1 1 10 12 1 10 12 1 10 12 1 1 10 10 12 1 1 10 12 1 10 12 10 12 10 12 1 1 1 1 1 1 1 1 1 1 10 12 1 5 0 9 12 10 12 100 1 100 1 10 12 1 9 12 1 1 1 100 9 12 9 12 1 100 1 3 10 12 1 10 12 1 10 12 9 10 100 1 1 10 12 1 10 12 1 1 1 10 12 1 10 12 1 1 5 0 9 100 1 12 1 9 12 10 12 1 1 9 7 1 12 1 10 12 1 1 1 1 1 1 1 1 1 1 1 1 1 100 1 1 9 12 1 10 12 1 10 12 1 10 12 1 9 12 10 12 1 1 10 12 10 12 9 12 1 1 1 1 1 9 5 0 10 12 1 10 12 1 10 1 1 1 1 10 7 1 12 1 1 10 10 12 1 10 12 10 100 1 12 1 1 10 12 1 1 1 1 1 1 1 1 10 12 1 10 12 1 1 10 10 12 1 1 1 10 12 1 1 10 12 1 1 10 12 9 12 9 9 12 1 1 9 9 12 1 1 9 9 12 1 9 3 5 0 5 0 5 0 5 0 5 0 5 0 1 1 1 1 1 10 12 1 1 1 10 10 12 10 12 9 100 1 12 1 10 12 1 10 1 1 1 1 1 1 10 12 10 1 1 1 10 12 10 1 1 1 1 1 1 1 1 10 1 100 1 10 10 12 10 12 1 10 12 1 100 1 10 10 10 12 1 1 11 100 1 12 1 1 10 100 1 10 12 1 10 12 1 1 11 12 1 1 11 12 1 1 100 1 1 1 1 1 1 1 1 1 1 1 1 1 10 12 1 1 10 10 12 1 1 1 1 9 12 10 12 10 9 12 1 1 1 10 1 1 1 1 1 10 12 10 1 1 1 1 10 12 1 10 12 1 10 12 1 10 12 1 10 12 10 10 100 1 12 1 1 10 12 1 1 10 12 1 1 5 0 10 7 1 12 1 1 5 0 5 0 5 0 1 1 1 10 12 10 10 12 1 1 10 12 1 1 10 12 1 1 1 10 12 10 12 1 1 10 10 10 9 12 1 9 12 1 10 12 10 12 1 1 1 10 9 12 1 10 12 1 1 1 10 12 1 9 12 1 10 10 12 1 10 12 1 1 1 1 10 12 1 1 1 1 1 1 10 12 1 1 10 12 10 10 12 1 8 1 10 12 1 8 1 10 12 1 8 1 10 12 1 8 1 10 12 1 10 12 1 8 1 10 12 1 8 1 10 12 1 8 1 8 1 10 12 1 8 1 10 12 1 8 1 8 1 8 1 8 1 10 8 1 8 1 8 1 8 1 8 1 10 8 1 8 1 8 1 8 1 10 8 1 8 1 8 1 10 8 1 8 1 8 1 1 1 100 1 9 12 1 10 12 1 10 7 1 12 1 1 10 12 1 1 1 1 100 1 1 10 12 1 1 9 12 1 1 10 12 10 1 1 1 1 1 1 1 100 1 1 1 10 12 1 9 12 1 10 10 12 10 100 1 9 12 1 100 1 10 12 1 9 12 1 10 12 1 9 12 1 10 9 12 10 10 12 1 1 10 9 12 1 1 1 1 1 10 9 12 1 10 12 1 9 12 1 10 12 1 1 10 12 1 1 10 100 1 12 1 18 12 1 1 10 12 1 1 9 10 12 1 100 1 1 1 1 1 1 1 1 1 1 1 1 1 10 100 1 1 1 1 10 12 10 10 12 10 12 10 12 1 1 1 10 7 1 12 1 1 15 1 16 10 12 1 15 1 16 10 100 1 12 1 15 8 1 1 100 1 100 1 1 1 1 1
ciInstanceKlass org/eclipse/jdt/internal/compiler/lookup/ProblemReasons 1 0 77 100 1 100 1 1 1 1 3 1 3 1 3 1 3 1 3 1 3 1 3 1 3 1 3 1 3 1 3 1 3 1 3 1 3 1 3 1 3 1 3 1 3 1 3 1 3 1 3 1 3 1 3 1 3 1 3 1 3 1 3 1 3 1 3 1 1 1 1 1 3 1 3 1 3 1 1
ciInstanceKlass org/eclipse/jdt/internal/compiler/lookup/LookupEnvironment 1 1 2025 7 1 7 1 100 1 7 1 1 1 1 1 1 1 1 1 1 1 1 1 1 1 1 1 1 1 1 1 1 1 1 1 1 1 1 1 1 1 1 1 1 1 1 1 1 1 1 1 1 1 1 1 1 1 1 1 1 1 1 1 1 1 1 1 1 1 1 1 1 1 1 1 1 1 1 1 1 1 1 1 1 1 1 1 1 1 1 1 1 1 1 1 1 1 1 1 1 10 7 1 12 1 1 9 12 7 1 9 7 1 12 1 1 10 12 1 1 9 12 7 1 9 12 1 1 10 12 1 9 12 7 1 10 12 1 9 12 1 1 1 1 1 7 1 7 1 9 12 10 12 1 9 12 9 12 9 12 10 12 1 11 7 1 12 1 1 1 1 1 1 9 11 12 1 1 9 9 1 1 11 12 1 1 1 1 1 1 10 12 9 12 9 12 9 7 1 12 1 9 12 9 12 9 12 7 1 9 12 9 12 9 12 7 1 10 12 1 9 12 9 12 9 12 9 12 9 12 7 1 10 9 12 9 12 9 12 7 1 10 9 12 7 1 10 9 12 9 12 9 12 9 12 10 7 1 12 1 1 9 12 10 7 1 10 9 12 9 7 1 12 1 7 1 10 7 1 10 9 12 7 1 10 9 12 7 1 9 12 1 1 100 1 5 0 9 12 7 1 9 12 7 1 100 1 100 1 1 1 1 1 10 12 9 12 1 9 12 1 10 12 1 1 10 12 1 11 12 1 11 12 1 1 1 1 1 1 1 1 100 1 8 1 10 12 1 10 12 1 1 18 12 1 1 10 12 1 1 11 12 1 1 9 7 1 12 10 12 1 9 12 1 10 12 1 1 10 12 10 12 1 1 10 12 1 1 11 12 1 10 7 1 12 1 1 7 1 9 9 12 1 10 12 1 10 12 1 1 11 12 1 10 12 1 10 12 1 1 11 12 1 7 1 9 10 12 1 1 10 12 1 1 10 12 1 1 1 1 1 1 1 1 1 1 1 1 1 100 100 7 1 100 1 1 10 12 1 18 12 1 9 12 11 12 1 10 12 1 1 10 12 1 1 10 12 1 1 10 12 1 10 12 1 1 9 12 1 10 12 1 1 9 12 1 10 100 1 12 1 100 1 1 1 1 1 1 1 100 100 1 9 12 1 10 12 1 1 9 1 1 1 10 12 1 1 11 7 1 12 1 10 12 1 1 10 12 1 9 12 1 1 1 1 1 1 1 1 1 1 1 7 1 10 12 1 1 10 12 1 7 1 10 12 1 1 10 12 1 11 12 1 9 7 1 12 1 1 10 8 1 8 1 18 12 1 1 10 100 1 12 1 1 100 1 1 1 1 100 1 1 1 10 7 1 12 1 9 1 1 1 1 1 9 12 1 1 9 100 1 7 1 10 12 1 100 1 10 12 1 10 12 1 1 9 12 1 10 12 1 10 12 1 10 12 1 10 12 1 10 12 1 1 1 1 1 1 1 1 100 1 1 1 10 12 1 1 1 11 100 1 12 1 10 12 1 1 10 12 1 1 1 1 1 10 12 10 12 1 1 10 12 1 1 9 12 10 12 1 1 1 100 1 1 10 12 9 12 1 10 12 1 1 1 1 10 12 1 1 10 12 1 1 1 1 1 9 12 1 1 1 1 100 100 1 1 9 7 1 12 1 9 12 1 1 9 12 1 9 12 1 9 12 1 9 12 1 9 12 1 9 12 1 9 12 1 9 12 1 10 12 1 10 12 1 9 12 1 9 12 1 9 12 1 9 12 1 9 12 1 9 12 1 9 12 1 10 12 1 10 12 1 1 100 1 10 12 1 1 1 9 12 9 12 1 1 10 12 1 1 10 12 1 9 12 1 11 12 1 1 10 12 1 11 7 1 11 12 1 10 12 1 1 10 12 1 1 9 12 1 100 1 5 0 10 12 1 1 10 10 12 1 10 12 1 1 10 12 1 10 12 1 1 10 12 1 1 10 12 1 1 9 12 1 11 12 1 1 11 100 1 12 1 10 12 1 1 11 12 1 1 1 1 1 1 1 1 1 1 1 1 1 10 12 1 10 12 1 10 12 1 10 12 10 12 1 1 10 12 1 1 10 12 1 1 1 1 1 1 1 100 1 1 1 10 12 1 10 12 1 100 1 100 1 10 12 1 10 12 1 10 10 12 1 1 10 12 1 10 7 1 10 12 10 12 1 1 1 1 1 1 1 1 1 1 1 10 1 1 1 1 100 1 10 12 1 1 10 100 1 12 1 1 10 12 10 12 1 1 1 1 1 1 7 1 10 12 1 10 12 1 1 1 10 12 1 1 1 1 10 12 1 100 1 10 10 100 1 12 1 1 10 12 1 10 12 1 1 10 12 1 1 1 1 9 10 12 1 9 10 12 1 10 12 1 10 12 1 1 10 12 1 1 10 12 1 1 1 1 1 1 1 7 1 10 12 1 9 9 12 1 10 12 10 12 1 10 1 1 1 1 10 12 1 1 10 12 1 1 10 12 1 10 10 10 12 1 10 12 1 10 12 1 1 10 12 1 1 100 1 11 12 1 1 1 1 1 11 7 1 12 100 1 9 7 1 12 1 9 12 1 9 100 1 11 12 1 10 12 1 1 1 1 1 1 1 1 1 1 1 1 100 1 1 10 12 1 1 1 10 12 1 1 9 12 9 12 1 9 12 9 12 1 10 12 1 10 12 1 9 12 1 10 12 1 1 1 1 1 1 7 1 1 9 12 1 100 1 9 12 1 10 12 1 100 1 9 12 1 1 9 100 1 12 1 10 12 1 10 12 1 1 10 12 1 1 9 10 100 1 12 1 1 10 12 1 1 1 1 1 1 1 1 1 1 1 1 10 12 1 1 1 9 9 12 10 12 1 10 12 1 1 1 1 9 12 7 1 10 12 1 1 1 1 1 1 1 10 12 1 1 9 12 1 9 12 1 10 12 1 10 12 1 1 10 12 100 1 10 10 12 1 10 1 1 1 1 10 12 1 1 1 10 12 1 1 9 12 10 12 1 1 5 0 5 0 1 1 1 1 1 1 1 1 1 10 12 1 1 10 12 10 12 1 1 10 12 1 1 10 12 1 1 10 12 1 1 10 12 1 1 1 1 1 1 1 10 12 1 1 10 12 1 1 1 1 1 1 1 1 1 1 1 100 1 10 12 1 1 7 1 9 12 1 10 12 1 1 9 12 1 9 12 10 7 1 12 1 1 9 12 9 12 1 1 10 12 1 9 12 1 9 12 1 1 1 1 100 1 1 10 9 12 1 10 12 1 1 9 12 1 9 12 1 9 12 1 10 10 12 1 1 1 1 10 10 12 1 1 1 9 12 10 12 9 12 1 10 12 1 1 1 1 1 9 12 9 12 1 10 12 1 1 1 1 1 1 1 9 12 1 1 1 10 12 10 12 10 12 1 9 12 1 1 9 12 1 1 9 12 10 12 1 1 9 12 10 12 1 1 1 10 12 1 1 10 7 1 12 1 1 9 12 1 1 9 12 1 9 12 1 10 12 1 1 1 1 1 100 1 10 12 1 18 12 1 10 12 1 1 1 1 1 1 1 1 9 12 1 9 10 12 100 1 5 0 10 12 1 1 1 1 1 10 12 9 12 1 1 10 100 1 12 1 10 12 1 11 9 12 1 100 1 9 12 1 10 12 1 1 11 1 1 9 12 1 10 12 10 12 1 1 5 0 9 12 1 1 1 1 1 10 12 9 12 1 10 12 1 9 12 1 10 12 10 12 10 12 1 10 12 1 1 9 12 10 12 1 1 1 1 11 12 1 1 10 12 10 12 10 12 1 1 1 1 10 12 1 11 7 1 12 1 1 10 12 1 1 9 7 1 12 1 9 12 18 12 1 11 12 1 1 1 1 1 1 1 1 1 1 1 1 1 10 12 1 9 10 12 1 1 1 1 10 12 1 10 12 1 10 12 9 12 1 10 12 1 1 1 100 1 10 12 1 1 11 12 1 1 10 12 1 1 11 12 1 1 9 12 1 1 10 12 1 1 10 12 100 1 10 10 12 1 1 1 100 10 12 1 10 10 12 1 1 11 12 1 10 12 1 1 1 1 1 1 1 1 1 10 12 1 9 7 1 12 1 10 12 1 10 12 1 1 9 12 10 12 1 10 12 1 1 9 12 9 12 1 10 12 10 12 10 10 12 10 12 1 10 12 1 1 1 1 1 1 1 1 1 1 1 1 1 1 1 11 12 1 10 12 1 10 12 1 10 12 1 9 1 1 1 9 12 10 12 1 7 1 10 1 1 10 12 1 1 1 1 1 1 100 1 10 12 10 10 9 12 1 100 1 3 1 1 10 12 1 1 1 1 10 12 1 1 1 10 12 1 1 10 12 1 1 1 1 1 11 100 1 12 1 1 1 100 1 1 1 10 12 9 12 1 10 12 1 10 10 12 1 1 1 1 1 1 11 12 1 1 1 10 12 1 1 1 1 1 10 7 1 12 1 1 15 16 10 12 15 1 16 16 10 12 15 16 10 100 1 12 1 15 8 1 8 1 16 10 12 15 16 1 100 1 100 1 1 1 1 1
staticfield org/eclipse/jdt/internal/compiler/lookup/LookupEnvironment TheNotFoundPackage Lorg/eclipse/jdt/internal/compiler/lookup/ProblemPackageBinding; org/eclipse/jdt/internal/compiler/lookup/ProblemPackageBinding
staticfield org/eclipse/jdt/internal/compiler/lookup/LookupEnvironment TheNotFoundType Lorg/eclipse/jdt/internal/compiler/lookup/ProblemReferenceBinding; org/eclipse/jdt/internal/compiler/lookup/ProblemReferenceBinding
staticfield org/eclipse/jdt/internal/compiler/lookup/LookupEnvironment TheNotFoundModule Lorg/eclipse/jdt/internal/compiler/lookup/ModuleBinding; org/eclipse/jdt/internal/compiler/lookup/ModuleBinding
staticfield org/eclipse/jdt/internal/compiler/lookup/LookupEnvironment $assertionsDisabled Z 1
instanceKlass org/eclipse/jdt/internal/compiler/lookup/AnnotatableTypeSystem
ciInstanceKlass org/eclipse/jdt/internal/compiler/lookup/TypeSystem 1 1 388 7 1 7 1 1 1 1 1 1 1 1 1 1 1 1 1 1 10 12 1 100 1 9 12 9 12 7 1 10 12 1 9 12 7 1 9 12 7 1 10 12 1 9 12 1 1 1 1 1 1 10 7 1 12 1 1 7 1 9 12 1 1 9 12 1 3 10 12 1 100 1 10 10 7 1 12 1 1 9 1 1 1 1 1 1 1 100 1 1 1 9 7 1 12 1 1 1 7 1 10 12 1 1 10 12 1 1 10 12 10 12 1 10 12 1 1 1 1 1 1 1 1 1 10 12 1 1 1 1 1 1 1 1 7 1 10 12 1 9 12 1 10 12 1 1 7 1 10 12 1 10 12 1 1 10 12 1 1 9 1 1 1 1 1 1 1 1 10 12 1 1 10 12 1 10 12 1 9 10 12 1 10 12 1 10 7 1 10 12 1 1 1 10 12 1 1 9 12 1 100 1 7 1 10 12 1 10 12 1 10 12 1 10 12 1 10 12 1 1 10 7 1 12 1 1 7 1 10 12 1 1 1 1 1 1 1 1 100 1 1 1 1 9 10 12 1 7 1 9 12 1 1 9 12 1 9 12 1 9 12 1 11 7 1 12 1 7 1 10 12 1 10 12 1 1 1 1 1 1 1 1 1 1 1 100 1 1 10 12 1 1 1 1 1 1 1 1 1 1 10 12 1 7 1 9 12 1 1 10 12 1 7 1 10 12 1 10 12 1 10 12 1 1 1 1 1 1 1 7 1 9 12 1 1 1 1 1 1 1 9 12 1 1 1 1 1 1 100 1 1 10 12 10 12 1 10 12 1 1 100 1 10 12 1 1 1 1 1 1 100 1 1 9 9 12 1 1 1 1 1 1 1 1 1 1 100 1
ciInstanceKlass org/eclipse/jdt/internal/compiler/lookup/AnnotatableTypeSystem 1 1 348 7 1 7 1 1 1 1 1 1 10 12 9 12 1 1 9 7 1 12 1 1 9 7 1 12 9 1 1 1 1 1 1 10 12 1 7 1 10 12 1 1 9 12 1 1 10 100 1 12 1 1 1 1 1 1 1 1 1 1 1 1 100 1 1 7 1 10 12 1 1 10 12 1 1 10 12 1 1 100 1 10 12 1 10 7 1 12 1 1 10 12 1 10 12 1 1 10 12 1 9 10 12 1 1 10 12 1 1 1 1 1 1 1 1 1 1 100 9 7 1 12 1 10 12 1 1 1 10 12 1 10 12 10 7 1 10 12 1 1 1 1 1 1 1 10 100 1 10 12 1 9 12 1 1 10 7 1 12 1 10 12 1 10 12 1 7 1 10 12 1 9 10 10 12 1 1 1 1 1 1 10 12 1 1 10 12 1 10 12 1 10 12 1 10 12 1 1 10 12 100 1 10 12 1 10 12 1 9 10 1 1 10 12 1 1 9 12 1 100 1 100 1 9 12 1 1 100 1 5 0 7 1 10 12 1 10 12 1 10 12 1 10 12 1 10 12 1 1 10 12 1 100 1 10 12 1 1 10 12 1 10 12 1 9 9 12 1 10 1 1 1 1 1 1 10 12 1 10 12 1 10 12 1 9 12 9 12 10 12 1 1 10 12 1 10 12 1 1 10 100 1 12 1 1 10 100 1 12 1 1 10 12 1 1 1 1 1 1 1 1 1 100 10 12 10 12 1 1 10 12 1 10 1 9 12 1 1 1 1 1 1 1 1 1 1 1 1
instanceKlass org/eclipse/jdt/internal/compiler/lookup/MissingTypeBinding
ciInstanceKlass org/eclipse/jdt/internal/compiler/lookup/BinaryTypeBinding 1 1 1876 7 1 7 1 1 1 1 1 1 1 1 1 1 1 1 1 1 1 1 1 1 1 1 1 1 1 1 1 1 1 1 1 1 1 1 1 1 1 1 1 1 1 1 1 1 1 1 1 1 1 1 1 1 8 1 10 7 1 12 1 1 9 12 7 1 9 12 7 1 10 12 1 9 12 7 1 10 9 12 1 1 100 1 1 1 7 1 100 1 10 12 1 9 7 1 12 1 1 10 7 1 12 1 1 7 1 10 12 1 1 100 1 10 10 12 1 1 10 12 1 100 1 10 12 1 10 12 1 10 12 1 1 10 12 1 1 100 1 100 1 10 12 100 1 10 1 1 1 1 1 1 1 1 1 1 1 1 1 1 100 1 1 10 12 1 9 12 9 12 1 1 100 1 5 0 5 0 5 0 1 1 1 1 7 1 9 12 1 1 8 1 10 12 1 10 12 1 11 12 1 1 9 7 1 12 1 1 7 1 11 7 1 12 1 11 12 1 1 10 12 1 11 11 12 1 9 12 1 10 12 1 1 10 12 1 1 1 1 1 1 1 1 1 1 100 100 100 1 1 9 12 1 1 7 1 1 1 1 100 10 7 1 12 1 1 7 1 10 12 1 1 7 1 10 7 1 9 12 1 10 12 1 10 12 1 9 12 1 1 9 12 1 9 5 0 7 1 10 10 12 1 7 1 10 12 1 1 1 1 1 1 10 12 1 1 1 10 9 12 9 12 9 12 9 7 1 12 1 9 12 9 12 10 12 1 9 12 9 12 9 12 9 12 9 12 9 12 9 12 9 12 9 12 9 12 1 10 12 1 1 1 1 1 11 7 1 10 7 1 12 1 1 9 12 1 1 10 12 1 5 0 9 12 1 11 12 1 9 12 1 11 12 1 100 1 9 12 1 11 12 1 9 12 1 11 12 1 9 12 1 11 12 1 1 5 0 11 12 1 5 0 11 12 1 5 0 11 12 1 5 0 11 12 1 10 12 10 12 1 100 1 10 12 1 1 11 12 1 1 1 1 1 100 1 100 1 1 10 7 1 12 1 10 7 1 12 1 1 10 12 1 1 1 1 1 10 12 1 10 12 5 0 5 0 10 12 1 1 7 1 10 12 1 1 10 100 1 12 1 1 100 1 1 1 1 100 1 1 9 10 12 1 1 1 1 1 1 1 1 1 1 1 10 12 5 0 5 0 10 12 1 1 7 1 10 12 1 1 1 1 100 10 12 1 100 1 10 12 1 18 12 1 1 10 12 1 10 12 1 1 1 1 9 12 1 9 12 1 9 12 1 9 12 1 11 12 1 1 11 7 1 9 12 1 1 9 7 1 12 1 9 12 1 10 12 1 1 9 12 1 11 12 1 1 10 12 1 1 11 12 1 1 10 12 1 1 11 12 1 1 11 12 1 1 10 12 1 9 12 1 11 12 1 1 7 1 10 9 12 1 9 12 1 10 12 1 1 5 0 3 11 12 1 10 12 1 1 9 10 12 11 12 1 9 7 1 12 1 3 11 12 1 1 10 12 1 5 0 11 12 1 1 5 0 10 12 1 10 12 1 1 10 12 1 7 1 10 12 1 10 12 1 1 10 12 10 12 1 1 11 12 1 3 10 11 12 1 11 12 1 1 10 12 1 1 5 0 11 12 1 1 11 12 1 1 10 12 1 1 10 12 1 10 12 1 1 10 12 1 1 10 12 1 1 10 12 1 1 10 12 1 10 12 1 1 9 12 1 100 1 9 7 1 12 1 9 12 9 12 1 10 12 10 12 1 1 5 0 10 12 1 11 12 1 10 12 1 9 12 1 9 12 1 9 12 1 100 1 10 12 1 5 0 10 12 1 10 12 1 1 9 12 1 9 12 1 9 12 1 1 1 1 1 1 1 1 1 1 1 1 1 1 1 1 1 1 1 1 1 1 1 1 1 1 1 1 1 1 1 1 1 1 100 100 100 1 100 100 100 100 100 1 10 12 1 10 12 1 7 1 10 12 1 10 12 1 100 1 10 12 1 1 1 1 10 12 1 9 12 1 10 12 1 100 1 1 1 1 1 10 12 1 1 10 12 1 1 100 1 10 12 1 1 9 12 1 10 7 1 12 1 1 10 12 1 11 7 1 11 11 10 12 11 12 1 1 11 10 12 1 1 9 9 12 1 11 5 0 10 12 1 9 7 1 12 1 9 9 3 10 12 1 1 10 10 12 1 1 1 1 1 1 1 1 1 1 1 1 1 100 1 1 11 3 10 12 1 3 9 12 1 9 12 1 11 12 1 11 11 11 11 12 1 11 12 1 10 12 1 10 12 1 11 12 1 1 11 12 1 1 11 12 1 11 12 1 1 11 12 1 9 12 1 10 12 1 1 10 12 1 1 10 12 1 11 12 1 10 12 1 9 11 12 1 9 11 12 1 1 10 12 1 1 9 12 1 7 1 11 10 12 1 1 11 12 1 10 12 1 9 12 1 9 9 12 1 1 10 7 1 12 1 1 1 1 1 1 1 1 1 1 1 1 1 1 1 1 1 1 1 1 1 1 1 1 1 1 1 1 100 100 9 12 1 11 12 1 8 1 8 1 10 100 1 12 1 1 1 1 10 12 9 1 1 1 1 1 1 1 100 10 12 1 1 10 12 1 1 10 12 1 11 12 1 1 10 12 11 12 1 10 12 1 1 10 1 1 1 1 1 1 1 1 1 10 9 10 12 10 12 1 5 0 10 12 10 12 1 9 12 10 12 1 1 10 12 1 1 1 1 1 1 1 1 1 1 1 10 12 1 1 1 1 10 12 9 12 1 10 12 1 1 1 1 1 1 1 1 1 1 10 12 10 12 1 10 7 1 12 1 1 10 10 12 1 1 1 10 10 12 1 1 1 1 1 10 12 10 12 1 1 10 12 1 9 10 12 1 1 10 12 1 1 1 1 1 1 10 12 10 10 12 1 1 1 1 10 12 1 1 10 12 10 1 1 10 12 9 12 1 1 1 9 12 1 10 12 1 1 11 12 1 9 10 12 1 1 10 12 1 1 9 10 12 1 1 1 1 1 1 1 10 12 1 10 12 1 1 1 10 12 1 10 12 5 0 1 9 12 10 10 12 5 0 10 12 1 1 10 12 9 12 9 12 1 10 100 1 12 1 1 1 5 0 1 1 9 12 1 9 100 1 9 12 5 0 9 3 1 1 1 9 9 9 10 9 12 9 12 1 9 1 1 1 10 12 10 10 12 1 10 12 1 1 1 1 1 1 10 12 1 100 1 9 100 1 10 12 1 1 7 1 10 1 1 11 5 0 9 9 12 1 9 10 12 1 10 12 1 10 12 1 1 10 12 1 9 5 0 1 1 1 1 1 1 1 9 12 1 100 1 9 12 1 9 12 1 1 9 12 1 1 11 100 1 10 12 1 1 10 12 1 1 9 100 1 11 11 12 1 9 12 1 1 9 12 1 1 10 12 1 9 12 1 1 1 1 1 1 1 1 1 1 1 10 12 1 9 12 1 1 10 12 1 1 10 12 10 12 9 12 1 10 12 1 10 10 12 1 10 12 1 9 12 1 10 12 1 1 1 1 1 1 100 1 9 12 1 10 12 1 9 12 1 1 10 12 1 1 10 10 10 100 1 12 1 1 1 1 1 5 0 5 0 1 10 9 9 12 1 9 12 1 1 1 1 1 100 10 12 1 10 100 1 12 1 10 12 1 9 12 10 9 12 1 10 10 12 1 1 1 1 1 1 9 12 1 5 0 10 12 1 10 10 9 10 12 1 1 10 12 1 1 5 0 10 12 1 1 1 10 12 1 10 12 1 10 12 10 10 12 1 1 10 12 1 10 5 0 1 10 12 10 12 1 10 12 5 0 1 10 12 1 10 12 1 100 1 10 8 1 10 12 1 1 10 12 1 8 1 10 12 1 8 1 10 12 1 8 1 10 12 1 10 12 1 8 1 10 12 1 8 1 10 12 1 8 1 8 1 8 1 8 1 8 1 8 1 8 1 8 1 8 1 8 1 8 1 10 12 10 12 1 8 1 8 1 10 12 1 8 1 8 1 8 1 8 1 8 1 8 1 8 1 10 18 8 1 8 1 8 1 10 18 8 1 8 1 8 1 10 18 8 1 8 1 8 1 10 1 1 1 1 1 10 9 12 1 10 12 1 1 1 1 10 12 1 10 12 9 12 1 1 1 10 100 1 12 1 15 8 1 8 1 1 100 1 100 1 1 1 1 1 1 1
staticfield org/eclipse/jdt/internal/compiler/lookup/BinaryTypeBinding TYPE_QUALIFIER_DEFAULT [C 20
staticfield org/eclipse/jdt/internal/compiler/lookup/BinaryTypeBinding NO_BINARY_METHODS [Lorg/eclipse/jdt/internal/compiler/env/IBinaryMethod; 0 [Lorg/eclipse/jdt/internal/compiler/env/IBinaryMethod;
staticfield org/eclipse/jdt/internal/compiler/lookup/BinaryTypeBinding FIELD_INITIALIZATION Lorg/eclipse/jdt/internal/compiler/lookup/BinaryTypeBinding$VariableBindingInitialization; org/eclipse/jdt/internal/compiler/lookup/BinaryTypeBinding$1
staticfield org/eclipse/jdt/internal/compiler/lookup/BinaryTypeBinding RECORD_INITIALIZATION Lorg/eclipse/jdt/internal/compiler/lookup/BinaryTypeBinding$VariableBindingInitialization; org/eclipse/jdt/internal/compiler/lookup/BinaryTypeBinding$2
ciInstanceKlass org/eclipse/jdt/internal/compiler/lookup/UnresolvedAnnotationBinding 1 1 100 7 1 7 1 1 1 1 1 1 1 1 10 12 1 9 12 9 12 1 1 1 1 1 1 1 1 1 1 9 7 1 12 1 9 12 10 7 1 12 1 1 7 1 1 1 100 1 1 1 10 12 1 1 9 12 10 7 1 12 1 1 10 12 1 1 10 12 1 1 10 12 1 1 7 1 10 12 1 10 12 1 1 7 1 1 1 1 1 1 1 1 1 1 1 100 100 1 1 1
ciInstanceKlass org/eclipse/jdt/internal/compiler/lookup/UnresolvedReferenceBinding 1 1 255 7 1 7 1 7 1 1 1 1 1 1 1 1 1 1 1 10 12 1 9 12 1 1 9 12 1 1 9 12 1 1 9 12 9 12 9 12 10 12 1 1 1 1 1 1 10 12 1 9 12 1 1 10 12 10 12 10 12 1 1 1 1 1 1 11 12 1 1 10 7 1 12 1 1 1 1 1 1 1 1 1 1 1 1 10 12 1 1 1 10 100 1 12 1 1 1 1 1 1 1 1 1 10 12 10 12 1 9 12 1 1 10 7 1 12 1 1 10 7 1 12 1 1 7 1 9 12 1 1 10 12 1 1 10 12 1 10 12 1 1 10 12 1 1 9 12 1 1 100 1 5 0 9 12 1 1 9 12 1 1 9 12 1 9 12 1 1 9 12 1 1 10 100 1 12 1 1 10 12 1 1 10 12 1 1 10 12 1 1 1 1 100 10 12 1 1 100 10 12 1 1 9 12 1 1 9 100 1 12 1 10 12 1 1 1 1 1 10 12 1 10 12 1 18 12 1 1 10 12 1 8 1 18 100 1 1 1 1 10 100 1 12 1 15 8 1 8 1 1 100 1 100 1 1
instanceKlass org/eclipse/jdt/internal/compiler/classfmt/AnnotationMethodInfo
instanceKlass org/eclipse/jdt/internal/compiler/classfmt/MethodInfoWithAnnotations
ciInstanceKlass org/eclipse/jdt/internal/compiler/classfmt/MethodInfo 1 1 412 7 1 7 1 100 1 100 1 1 1 1 1 1 1 1 1 1 1 1 1 1 1 1 1 1 1 8 1 10 7 1 12 1 1 9 12 1 1 1 1 10 12 1 1 10 12 1 1 9 12 1 1 9 12 1 10 12 1 1 9 7 1 12 1 10 7 1 12 1 1 10 12 1 1 9 12 1 9 12 9 12 1 10 12 1 1 9 12 1 9 12 1 10 12 1 1 9 12 1 9 12 1 10 12 1 1 9 12 1 7 1 10 7 1 12 1 1 100 1 10 12 1 9 12 100 1 10 12 1 100 1 10 12 1 7 1 10 12 1 1 1 1 1 1 1 1 1 1 1 1 1 1 1 1 1 1 1 1 1 1 1 1 1 1 1 100 100 100 100 100 7 1 1 9 12 1 10 12 1 9 12 1 1 1 10 12 9 12 1 9 12 9 12 100 1 5 0 100 1 5 0 1 1 1 1 1 10 9 1 1 1 10 12 1 1 1 1 10 12 1 9 12 1 1 1 10 12 1 10 12 1 10 12 1 10 12 1 1 1 1 1 1 1 10 12 1 1 1 1 1 9 12 10 12 1 1 1 1 9 12 10 12 1 1 9 12 10 7 1 12 1 1 9 12 1 10 12 1 1 1 1 1 1 1 1 9 12 1 1 1 10 12 10 12 10 12 10 12 10 12 1 1 1 10 7 1 12 1 1 10 12 1 9 12 1 9 12 1 1 1 1 100 9 12 1 3 9 12 1 9 12 1 3 9 12 1 1 1 1 1 100 1 10 12 10 12 1 10 12 1 1 10 100 1 12 1 1 10 100 1 12 1 10 12 1 1 10 12 1 10 100 1 12 1 1 9 12 1 10 12 1 1 9 12 1 10 12 1 1 1 1 9 7 1 12 1 1 1 1 1 10 12 1 1 10 12 1 1 1 1 1
staticfield org/eclipse/jdt/internal/compiler/classfmt/MethodInfo ARG [C 3
instanceKlass org/eclipse/jdt/internal/compiler/classfmt/MethodInfoWithParameterAnnotations
ciInstanceKlass org/eclipse/jdt/internal/compiler/classfmt/MethodInfoWithAnnotations 1 1 89 7 1 7 1 1 1 1 1 1 9 12 1 1 9 12 1 1 9 12 1 1 9 12 1 1 10 12 1 9 12 9 12 1 9 9 12 1 9 9 12 1 1 9 9 12 1 1 9 9 12 1 9 9 12 1 9 9 12 1 9 9 12 1 9 1 1 1 1 1 1 1 1 1 1 10 100 1 12 10 1 1 1 1 10 12 10 1 1
ciInstanceKlass org/eclipse/jdt/internal/compiler/classfmt/JavaBinaryNames 1 1 22 100 1 100 1 1 1 1 10 12 1 1 1 1 1 1 1 1 1 1 1 1
ciInstanceKlass org/eclipse/jdt/internal/compiler/lookup/BinaryTypeBinding$ExternalAnnotationStatus 1 1 78 7 1 7 1 1 1 1 1 1 1 1 1 1 1 1 1 8 10 12 1 1 9 12 8 9 12 8 9 12 8 9 12 9 12 1 1 10 1 1 1 10 12 1 10 12 1 1 1 1 1 10 7 1 12 1 1 1 1 10 12 1 9 12 10 12 100 1 100 1 1 1 1 1 100 1 1 1
staticfield org/eclipse/jdt/internal/compiler/lookup/BinaryTypeBinding$ExternalAnnotationStatus FROM_SOURCE Lorg/eclipse/jdt/internal/compiler/lookup/BinaryTypeBinding$ExternalAnnotationStatus; org/eclipse/jdt/internal/compiler/lookup/BinaryTypeBinding$ExternalAnnotationStatus
staticfield org/eclipse/jdt/internal/compiler/lookup/BinaryTypeBinding$ExternalAnnotationStatus NOT_EEA_CONFIGURED Lorg/eclipse/jdt/internal/compiler/lookup/BinaryTypeBinding$ExternalAnnotationStatus; org/eclipse/jdt/internal/compiler/lookup/BinaryTypeBinding$ExternalAnnotationStatus
staticfield org/eclipse/jdt/internal/compiler/lookup/BinaryTypeBinding$ExternalAnnotationStatus NO_EEA_FILE Lorg/eclipse/jdt/internal/compiler/lookup/BinaryTypeBinding$ExternalAnnotationStatus; org/eclipse/jdt/internal/compiler/lookup/BinaryTypeBinding$ExternalAnnotationStatus
staticfield org/eclipse/jdt/internal/compiler/lookup/BinaryTypeBinding$ExternalAnnotationStatus TYPE_IS_ANNOTATED Lorg/eclipse/jdt/internal/compiler/lookup/BinaryTypeBinding$ExternalAnnotationStatus; org/eclipse/jdt/internal/compiler/lookup/BinaryTypeBinding$ExternalAnnotationStatus
staticfield org/eclipse/jdt/internal/compiler/lookup/BinaryTypeBinding$ExternalAnnotationStatus ENUM$VALUES [Lorg/eclipse/jdt/internal/compiler/lookup/BinaryTypeBinding$ExternalAnnotationStatus; 4 [Lorg/eclipse/jdt/internal/compiler/lookup/BinaryTypeBinding$ExternalAnnotationStatus;
ciInstanceKlass org/eclipse/jdt/internal/compiler/env/ITypeAnnotationWalker 1 1 49 7 1 100 1 1 1 1 1 1 1 1 7 1 9 12 7 1 10 12 1 9 12 1 1 1 1 1 1 1 1 1 1 1 1 1 1 1 1 1 1 1 1 1 1 1 1 1 1
staticfield org/eclipse/jdt/internal/compiler/env/ITypeAnnotationWalker NO_ANNOTATIONS [Lorg/eclipse/jdt/internal/compiler/env/IBinaryAnnotation; 0 [Lorg/eclipse/jdt/internal/compiler/env/IBinaryAnnotation;
staticfield org/eclipse/jdt/internal/compiler/env/ITypeAnnotationWalker EMPTY_ANNOTATION_WALKER Lorg/eclipse/jdt/internal/compiler/env/ITypeAnnotationWalker; org/eclipse/jdt/internal/compiler/env/ITypeAnnotationWalker$1
ciInstanceKlass org/eclipse/jdt/internal/compiler/env/ITypeAnnotationWalker$1 1 1 57 7 1 7 1 100 1 1 1 1 10 12 1 1 1 1 1 1 1 1 1 1 1 1 1 1 1 1 1 1 1 1 1 1 1 1 1 1 1 1 1 1 1 1 1 1 9 12 1 1 1 1 1 1 1 1 1
ciInstanceKlass org/eclipse/jdt/internal/compiler/lookup/SignatureWrapper 1 1 115 7 1 7 1 1 1 1 1 1 1 1 1 1 1 1 10 12 1 1 1 1 1 10 12 1 9 12 9 12 9 12 9 12 9 12 1 1 1 1 1 1 10 7 1 12 1 1 1 1 1 1 1 1 1 10 12 1 1 10 12 10 12 1 1 10 12 1 1 1 1 1 1 1 1 1 1 1 1 1 1 1 1 1 1 100 1 10 12 18 12 1 1 18 12 1 1 1 1 10 100 1 12 1 15 8 1 8 1 1 100 1 100 1 1
instanceKlass org/eclipse/jdt/internal/compiler/lookup/AnnotationHolder$MethodHolder
ciInstanceKlass org/eclipse/jdt/internal/compiler/lookup/AnnotationHolder 1 1 65 7 1 7 1 1 1 1 1 1 10 12 1 1 1 1 1 1 100 1 10 12 1 100 1 10 12 1 10 10 12 1 1 1 1 1 1 1 1 1 1 1 1 1 1 1 9 12 1 1 1 1 1 9 100 1 12 1 1 1 1 1 1 1 1
instanceKlass org/eclipse/jdt/internal/compiler/lookup/AnnotationHolder$AnnotationMethodHolder
ciInstanceKlass org/eclipse/jdt/internal/compiler/lookup/AnnotationHolder$MethodHolder 0 0 45 100 1 100 1 1 1 1 1 1 10 12 1 10 12 1 1 9 12 1 1 1 1 1 1 1 1 1 9 100 1 12 1 1 1 1 1 100 9 12 1 1 1 1 1
ciInstanceKlass org/eclipse/jdt/internal/compiler/lookup/AnnotationHolder$AnnotationMethodHolder 0 0 50 100 1 100 1 1 1 1 1 1 1 1 10 12 1 9 12 9 12 1 1 1 1 1 1 1 1 1 1 1 100 1 100 1 10 12 1 10 12 1 1 1 1 1 1 100 1 1 1 1
instanceKlass org/eclipse/jdt/internal/compiler/classfmt/NonNullDefaultAwareTypeAnnotationWalker
ciInstanceKlass org/eclipse/jdt/internal/compiler/classfmt/TypeAnnotationWalker 1 1 145 100 1 100 1 100 1 1 1 1 1 1 1 1 1 1 5 0 10 12 1 1 1 1 1 10 12 1 1 10 12 1 9 12 9 12 9 12 1 1 9 12 1 1 1 1 1 1 1 100 1 10 12 1 1 1 1 11 100 1 12 1 1 10 12 1 1 1 1 1 1 11 12 1 1 1 1 1 1 1 1 1 1 11 12 1 1 1 1 1 11 12 1 1 1 1 1 11 12 1 1 11 12 1 1 11 12 1 1 1 1 100 1 1 10 12 1 1 1 1 1 100 1 11 12 1 1 9 12 1 1 10 100 1 12 1 1 1 1 1 1 1 100 1 1
ciInstanceKlass org/eclipse/jdt/internal/compiler/classfmt/NonNullDefaultAwareTypeAnnotationWalker 1 1 212 100 1 100 1 1 1 1 1 1 1 1 1 1 1 1 1 1 1 1 1 1 10 12 1 10 12 1 1 9 12 9 12 9 12 9 12 9 12 9 12 9 12 1 1 1 1 1 1 1 10 12 1 1 10 12 1 9 12 1 1 1 10 7 1 12 1 1 10 100 1 12 1 1 10 12 1 1 100 1 10 12 1 1 1 1 1 9 12 1 9 12 1 9 12 9 12 9 12 10 12 1 100 1 1 1 10 12 10 12 1 1 1 1 1 10 12 1 1 10 12 1 10 12 1 100 1 10 12 1 1 10 12 1 1 10 12 1 1 1 1 10 12 1 1 10 12 1 10 12 1 1 1 9 12 1 1 10 12 100 1 100 1 10 12 1 1 10 100 1 12 1 1 1 1 1 1 1 100 1 10 12 1 1 1 9 12 1 1 9 7 1 12 1 10 12 9 9 9 1 1 1 1 1 1 100 1 1 1 1 1 1
ciMethodData java/lang/Object <init> ()V 2 943704 orig 80 1 0 0 0 0 0 0 0 0 0 0 0 0 0 0 0 0 0 0 0 0 0 0 0 0 0 0 0 0 0 0 0 0 0 0 0 0 0 0 0 0 0 0 0 0 0 0 0 0 0 0 0 0 0 0 0 0 0 0 0 0 0 0 0 0 0 0 0 0 0 0 0 0 0 0 0 0 0 0 0 data 4 0x0 0x9 0x1 0x0 oops 0 methods 0
ciMethodData java/util/AbstractCollection <init> ()V 2 126872 orig 80 0 0 0 0 0 0 0 0 0 0 0 0 240 1 0 0 0 0 0 0 0 0 0 0 0 0 0 0 0 0 0 0 0 0 0 0 0 0 0 0 0 0 0 0 0 0 0 0 0 0 0 0 0 0 0 0 0 0 0 0 0 0 0 0 0 0 0 0 0 0 0 0 0 0 0 0 0 0 0 0 data 7 0x10002 0x1ef98 0x0 0x0 0x9 0x1 0x0 oops 0 methods 0
ciMethodData java/util/ArrayList add (Ljava/lang/Object;)Z 2 81627 orig 80 0 0 0 0 0 0 0 0 0 0 0 0 240 1 0 0 0 0 0 0 0 0 0 0 0 0 0 0 0 0 0 0 0 0 0 0 0 0 0 0 0 0 0 0 0 0 0 0 0 0 0 0 0 0 0 0 0 0 0 0 0 0 0 0 0 0 0 0 0 0 0 0 0 0 0 0 0 0 0 0 data 17 0x140005 0x13edb 0x0 0x0 0x0 0x0 0x0 0x0 0x0 0x0 0x0 0x0 0x0 0x9 0x2 0xe 0x0 oops 0 methods 0
ciMethodData java/util/AbstractList <init> ()V 2 95671 orig 80 0 0 0 0 0 0 0 0 0 0 0 0 240 1 0 0 0 0 0 0 0 0 0 0 0 0 0 0 0 0 0 0 0 0 0 0 0 0 0 0 0 0 0 0 0 0 0 0 0 0 0 0 0 0 0 0 0 0 0 0 0 0 0 0 0 0 0 0 0 0 0 0 0 0 0 0 0 0 0 0 data 9 0x10002 0x175b7 0x0 0x0 0x0 0x0 0x9 0x1 0x6 oops 0 methods 0
ciMethodData java/lang/ref/SoftReference get ()Ljava/lang/Object; 2 5314 orig 80 0 0 0 0 0 0 0 0 0 0 0 0 240 1 0 0 0 0 0 0 0 0 0 0 0 0 0 0 0 0 0 0 0 0 0 0 0 0 0 0 0 0 0 0 0 0 0 0 0 0 0 0 0 0 0 0 0 0 0 0 0 0 0 0 0 0 0 0 0 0 0 0 0 0 0 0 0 0 0 0 data 19 0x10002 0x14c2 0x60007 0x2 0x40 0x14c0 0x110007 0x13fc 0x20 0xc4 0x0 0x0 0x0 0x0 0x0 0x0 0x9 0x1 0x0 oops 0 methods 0
ciMethodData java/lang/ref/Reference refersTo (Ljava/lang/Object;)Z 2 38175 orig 80 0 0 0 0 0 0 0 0 0 0 0 0 240 1 0 0 0 0 0 0 0 0 0 0 0 0 0 0 0 0 0 0 0 0 0 0 0 0 0 0 0 0 0 0 0 0 0 0 0 0 0 0 0 0 0 0 0 0 0 0 0 0 0 0 0 0 0 0 0 0 0 0 0 0 0 0 0 0 0 0 data 17 0x20005 0xf57 0x0 0x1f0f8a0f8f0 0x7282 0x1f0f8a13490 0x1347 0x0 0x0 0x0 0x0 0x0 0x0 0x9 0x2 0xffffffffffffffff 0xffffffffffffffff oops 2 3 java/lang/ThreadLocal$ThreadLocalMap$Entry 5 java/util/WeakHashMap$Entry methods 0
ciMethodData java/lang/ref/Reference refersToImpl (Ljava/lang/Object;)Z 2 12296 orig 80 0 0 0 0 0 0 0 0 0 0 0 0 240 1 0 0 0 0 0 0 0 0 0 0 0 0 0 0 0 0 0 0 0 0 0 0 0 0 0 0 0 0 0 0 0 0 0 0 0 0 0 0 0 0 0 0 0 0 0 0 0 0 0 0 0 0 0 0 0 0 0 0 0 0 0 0 0 0 0 0 data 17 0x20005 0x3008 0x0 0x0 0x0 0x0 0x0 0x0 0x0 0x0 0x0 0x0 0x0 0x9 0x2 0x0 0x0 oops 0 methods 0
ciMethodData java/util/ArrayList toArray ([Ljava/lang/Object;)[Ljava/lang/Object; 2 3818 orig 80 0 0 0 0 0 0 0 0 0 0 0 0 240 1 0 0 0 0 0 0 0 0 0 0 0 0 0 0 0 0 0 0 0 0 0 0 0 0 0 0 0 0 0 0 0 0 0 0 0 0 0 0 0 0 0 0 0 0 0 0 0 0 0 0 0 0 0 0 0 0 0 0 0 0 0 0 0 0 0 0 data 36 0x60007 0xba7 0x68 0x343 0x120005 0x343 0x0 0x0 0x0 0x0 0x0 0x150002 0x343 0x240002 0xba7 0x2d0007 0xba4 0x58 0x3 0x360104 0x0 0x0 0x0 0x0 0x0 0x0 0x0 0x0 0x0 0x0 0x0 0x0 0x9 0x2 0x0 0xffffffffffffffff oops 0 methods 0
ciMethodData java/util/ArrayList <init> (I)V 2 5121 orig 80 0 0 0 0 0 0 0 0 0 0 0 0 240 1 0 0 0 0 0 0 0 0 0 0 0 0 0 0 0 0 0 0 0 0 0 0 0 0 0 0 0 0 0 0 0 0 0 0 0 0 0 0 0 0 0 0 0 0 0 0 0 0 0 0 0 0 0 0 0 0 0 0 0 0 0 0 0 0 0 0 data 51 0x10002 0x1401 0x50007 0x6ba 0x38 0xd47 0x100003 0xd47 0x118 0x140007 0x0 0x38 0x6ba 0x1e0003 0x6ba 0xe0 0x290002 0x0 0x2e0005 0x0 0x0 0x0 0x0 0x0 0x0 0x320005 0x0 0x0 0x0 0x0 0x0 0x0 0x350005 0x0 0x0 0x0 0x0 0x0 0x0 0x380002 0x0 0x0 0x0 0x0 0x0 0x0 0x0 0x9 0x2 0xe 0x0 oops 0 methods 0
ciMethodData java/lang/ThreadLocal getMap (Ljava/lang/Thread;)Ljava/lang/ThreadLocal$ThreadLocalMap; 2 12936 orig 80 0 0 0 0 0 0 0 0 0 0 0 0 240 1 0 0 0 0 0 0 0 0 0 0 0 0 0 0 0 0 0 0 0 0 0 0 0 0 0 0 0 0 0 0 0 0 0 0 0 0 0 0 0 0 0 0 0 0 0 0 0 0 0 0 0 0 0 0 0 0 0 0 0 0 0 0 0 0 0 0 data 6 0x0 0x0 0x9 0x2 0x0 0x0 oops 0 methods 0
ciMethodData java/lang/ThreadLocal createMap (Ljava/lang/Thread;Ljava/lang/Object;)V 1 34 orig 80 0 0 0 0 0 0 0 0 0 0 0 0 240 1 0 0 0 0 0 0 0 0 0 0 0 0 0 0 0 0 0 0 0 0 0 0 0 0 0 0 0 0 0 0 0 0 0 0 0 0 0 0 0 0 0 0 0 0 0 0 0 0 0 0 0 0 0 0 0 0 0 0 0 0 0 0 0 0 0 0 data 11 0x70002 0x22 0x0 0x0 0x0 0x0 0x9 0x3 0xffffffffffffffff 0x600 0x0 oops 0 methods 0
ciMethodData java/lang/ThreadLocal get ()Ljava/lang/Object; 2 14375 orig 80 0 0 0 0 0 0 0 0 0 0 0 0 240 1 0 0 0 0 0 0 0 0 0 0 0 0 0 0 0 0 0 0 0 0 0 0 0 0 0 0 0 0 0 0 0 0 0 0 0 0 0 0 0 0 0 0 0 0 0 0 0 0 0 0 0 0 0 0 0 0 0 0 0 0 0 0 0 0 0 0 data 18 0x10002 0x3827 0x40005 0x3827 0x0 0x0 0x0 0x0 0x0 0x0 0x0 0x0 0x0 0x0 0x0 0x9 0x1 0xffffffffffffffff oops 0 methods 0
ciMethodData java/lang/ThreadLocal get (Ljava/lang/Thread;)Ljava/lang/Object; 2 5148 orig 80 0 0 0 0 0 0 0 0 0 0 0 0 240 1 0 0 0 0 0 0 0 0 0 0 0 0 0 0 0 0 0 0 0 0 0 0 0 0 0 0 0 0 0 0 0 0 0 0 0 0 0 0 0 0 0 0 0 0 0 0 0 0 0 0 0 0 0 0 0 0 0 0 0 0 0 0 0 0 0 0 data 39 0x20005 0xb 0x0 0x1f0f8a0c858 0x1323 0x1f0f8a0fe78 0xee 0x70007 0x2 0x78 0x141a 0xc0005 0x141a 0x0 0x0 0x0 0x0 0x0 0x110007 0x1f 0x20 0x13fb 0x1f0005 0x21 0x0 0x0 0x0 0x0 0x0 0x0 0x0 0x0 0x0 0x0 0x0 0x9 0x2 0x0 0x0 oops 2 3 java/lang/ThreadLocal 5 sun/nio/fs/NativeBuffers$1 methods 0
ciMethodData java/lang/ThreadLocal$ThreadLocalMap getEntry (Ljava/lang/ThreadLocal;)Ljava/lang/ThreadLocal$ThreadLocalMap$Entry; 2 5017 orig 80 0 0 0 0 0 0 0 0 0 0 0 0 240 1 0 0 0 0 0 0 0 0 0 0 0 0 0 0 0 0 0 0 0 0 0 0 0 0 0 0 0 0 0 0 0 0 0 0 0 0 0 0 0 0 0 0 0 0 0 0 0 0 0 0 0 0 0 0 0 0 0 0 0 0 0 0 0 0 0 0 data 32 0x150007 0x1a 0x78 0x137f 0x1a0005 0x137f 0x0 0x0 0x0 0x0 0x0 0x1d0007 0x9 0x20 0x1376 0x260005 0x23 0x0 0x0 0x0 0x0 0x0 0x0 0x0 0x0 0x0 0x0 0x0 0x9 0x2 0x0 0x0 oops 0 methods 0
ciMethodData java/lang/ThreadLocal setInitialValue (Ljava/lang/Thread;)Ljava/lang/Object; 1 915 orig 80 0 0 0 0 0 0 0 0 0 0 0 0 240 1 0 0 0 0 0 0 0 0 0 0 0 0 0 0 0 0 0 0 0 0 0 0 0 0 0 0 0 0 0 0 0 0 0 0 0 0 0 0 0 0 0 0 0 0 0 0 0 0 0 0 0 0 0 0 0 0 0 0 0 0 0 0 0 0 0 0 data 71 0x10005 0x43 0x0 0x1f0f8a0c858 0x33c 0x1f0f8a0fe78 0x14 0x70005 0x43 0x0 0x1f0f8a0c858 0x33c 0x1f0f8a0fe78 0x14 0xc0007 0x1a 0x70 0x379 0x120005 0x379 0x0 0x0 0x0 0x0 0x0 0x150003 0x379 0x50 0x1b0005 0xf 0x0 0x1f0f8a0c858 0xa 0x1f0f9fe11e8 0x1 0x230004 0xfffffffffffffc94 0x0 0x1f0f8a0c858 0xe4 0x1f0f8a0fe78 0x14 0x260007 0x36c 0x68 0x27 0x2b0004 0x0 0x0 0x1f0f8a0fe78 0x14 0x1f0f9fe1298 0x13 0x320002 0x27 0x380007 0x393 0x30 0x0 0x3b0002 0x0 0x0 0x0 0x0 0x0 0x0 0x0 0x9 0x2 0x0 0x0 oops 10 3 java/lang/ThreadLocal 5 sun/nio/fs/NativeBuffers$1 10 java/lang/ThreadLocal 12 sun/nio/fs/NativeBuffers$1 31 java/lang/ThreadLocal 33 sun/nio/ch/Invoker$1 38 java/lang/ThreadLocal 40 sun/nio/fs/NativeBuffers$1 49 sun/nio/fs/NativeBuffers$1 51 sun/nio/ch/Util$1 methods 0
ciMethodData java/lang/ThreadLocal$ThreadLocalMap getEntryAfterMiss (Ljava/lang/ThreadLocal;ILjava/lang/ThreadLocal$ThreadLocalMap$Entry;)Ljava/lang/ThreadLocal$ThreadLocalMap$Entry; 2 5485 orig 80 0 0 0 0 0 0 0 0 0 0 0 0 240 1 0 0 0 0 0 0 0 0 0 0 0 0 0 0 0 0 0 0 0 0 0 0 0 0 0 0 0 0 0 0 0 0 0 0 0 0 0 0 0 0 0 0 0 0 0 0 0 0 0 0 0 0 0 0 0 0 0 0 0 0 0 0 0 0 0 0 data 53 0xc0007 0x193 0x148 0x2ad3 0x110005 0x2ad2 0x0 0x0 0x0 0x0 0x0 0x140007 0x16fa 0x20 0x13d9 0x1b0005 0x16fa 0x0 0x0 0x0 0x0 0x0 0x1e0007 0x16f9 0x70 0x0 0x230005 0x0 0x0 0x0 0x0 0x0 0x0 0x270003 0x0 0x28 0x2d0002 0x16f9 0x360003 0x16f9 0xfffffffffffffed0 0x0 0x0 0x0 0x0 0x0 0x0 0x9 0x4 0x6 0xffffffffffffffff 0x0 0xffffffffffffffff oops 0 methods 0
ciMethod org/eclipse/jdt/core/compiler/CharOperation equals ([[C[[C)Z 530 484 6813 0 -1
ciMethod org/eclipse/jdt/core/compiler/CharOperation equals ([C[C)Z 524 0 67968 0 296
ciMethod org/eclipse/jdt/core/compiler/CharOperation equals ([C[CII)Z 518 0 843 0 -1
ciMethod org/eclipse/jdt/core/compiler/CharOperation indexOf (C[CI)I 312 4204 3369 0 -1
ciMethod org/eclipse/jdt/core/compiler/CharOperation splitOn (C[CII)[[C 412 4500 2193 0 3624
ciMethod org/eclipse/jdt/core/compiler/CharOperation subarray ([CII)[C 514 0 2804 0 -1
ciMethod org/eclipse/jdt/core/compiler/CharOperation toString ([[C)Ljava/lang/String; 768 0 759 0 -1
ciMethod org/eclipse/jdt/internal/compiler/lookup/TypeBinding enclosingType ()Lorg/eclipse/jdt/internal/compiler/lookup/ReferenceBinding; 268 0 136 0 -1
ciMethod org/eclipse/jdt/internal/compiler/lookup/TypeBinding isMemberType ()Z 308 0 1740 0 0
ciMethod org/eclipse/jdt/internal/compiler/lookup/TypeBinding isParameterizedType ()Z 266 0 133 0 -1
ciMethod org/eclipse/jdt/internal/compiler/lookup/TypeBinding hasNullTypeAnnotations ()Z 136 0 462 0 -1
ciMethod org/eclipse/jdt/internal/compiler/lookup/TypeBinding setTypeAnnotations ([Lorg/eclipse/jdt/internal/compiler/lookup/AnnotationBinding;Z)V 0 0 1 0 -1
ciMethod org/eclipse/jdt/internal/compiler/lookup/TypeBinding typeVariables ()[Lorg/eclipse/jdt/internal/compiler/lookup/TypeVariableBinding; 0 0 1 0 -1
ciMethod org/eclipse/jdt/internal/compiler/lookup/Binding <init> ()V 550 0 9016 0 -1
ciMethod org/eclipse/jdt/internal/compiler/lookup/ReferenceBinding depth ()I 0 0 1 0 -1
ciMethod org/eclipse/jdt/internal/compiler/lookup/ReferenceBinding getMemberType ([C)Lorg/eclipse/jdt/internal/compiler/lookup/ReferenceBinding; 0 0 1 0 -1
ciMethod org/eclipse/jdt/internal/compiler/lookup/ReferenceBinding isAnnotationType ()Z 14 0 1155 0 0
ciMethod org/eclipse/jdt/internal/compiler/lookup/ReferenceBinding isEnum ()Z 38 0 1355 0 0
ciMethod org/eclipse/jdt/internal/compiler/lookup/ReferenceBinding isInterface ()Z 292 0 5870 0 96
ciMethod org/eclipse/jdt/internal/compiler/lookup/ReferenceBinding isStatic ()Z 18 0 4997 0 -1
ciMethod org/eclipse/jdt/internal/compiler/lookup/ReferenceBinding isStrictfp ()Z 726 0 3671 0 -1
ciMethod org/eclipse/jdt/internal/compiler/lookup/ReferenceBinding storeAnnotationHolder (Lorg/eclipse/jdt/internal/compiler/lookup/Binding;Lorg/eclipse/jdt/internal/compiler/lookup/AnnotationHolder;)V 1024 0 616 0 -1
ciMethod org/eclipse/jdt/internal/compiler/lookup/ReferenceBinding storedAnnotations (ZZ)Ljava/util/Map; 0 0 1 0 -1
ciMethod org/eclipse/jdt/internal/compiler/lookup/MethodBinding <init> (I[CLorg/eclipse/jdt/internal/compiler/lookup/TypeBinding;[Lorg/eclipse/jdt/internal/compiler/lookup/TypeBinding;[Lorg/eclipse/jdt/internal/compiler/lookup/ReferenceBinding;Lorg/eclipse/jdt/internal/compiler/lookup/ReferenceBinding;)V 356 0 3666 0 0
ciMethod org/eclipse/jdt/internal/compiler/lookup/MethodBinding <init> (I[Lorg/eclipse/jdt/internal/compiler/lookup/TypeBinding;[Lorg/eclipse/jdt/internal/compiler/lookup/ReferenceBinding;Lorg/eclipse/jdt/internal/compiler/lookup/ReferenceBinding;)V 42 0 492 0 0
ciMethod org/eclipse/jdt/internal/compiler/lookup/MethodBinding isAbstract ()Z 48 0 2978 0 -1
ciMethod org/eclipse/jdt/internal/compiler/lookup/MethodBinding isNative ()Z 20 0 991 0 -1
ciMethod org/eclipse/jdt/internal/compiler/lookup/MethodBinding setTypeAnnotations ([Lorg/eclipse/jdt/internal/compiler/lookup/AnnotationBinding;)V 18 0 9 0 0
ciMethod org/eclipse/jdt/internal/compiler/lookup/MethodBinding setAnnotations ([Lorg/eclipse/jdt/internal/compiler/lookup/AnnotationBinding;[[Lorg/eclipse/jdt/internal/compiler/lookup/AnnotationBinding;Ljava/lang/Object;Lorg/eclipse/jdt/internal/compiler/lookup/LookupEnvironment;)V 8 0 603 0 0
ciMethod org/eclipse/jdt/internal/compiler/lookup/TypeVariableBinding <init> ([CLorg/eclipse/jdt/internal/compiler/lookup/Binding;ILorg/eclipse/jdt/internal/compiler/lookup/LookupEnvironment;)V 256 0 118 0 -1
ciMethod org/eclipse/jdt/internal/compiler/problem/ProblemReporter corruptedSignature (Lorg/eclipse/jdt/internal/compiler/lookup/TypeBinding;[CI)V 0 0 1 0 -1
ciMethod org/eclipse/jdt/internal/compiler/problem/ProblemReporter undefinedTypeVariableSignature ([CLorg/eclipse/jdt/internal/compiler/lookup/ReferenceBinding;)V 0 0 1 0 -1
ciMethod org/eclipse/jdt/internal/compiler/env/IBinaryType enrichWithExternalAnnotationsFor (Lorg/eclipse/jdt/internal/compiler/env/ITypeAnnotationWalker;Ljava/lang/Object;Lorg/eclipse/jdt/internal/compiler/lookup/LookupEnvironment;)Lorg/eclipse/jdt/internal/compiler/env/ITypeAnnotationWalker; 0 0 1 0 -1
ciMethod org/eclipse/jdt/internal/compiler/util/CharDeduplication getThreadLocalInstance ()Lorg/eclipse/jdt/internal/compiler/util/CharDeduplication; 610 0 7323 0 408
ciMethod org/eclipse/jdt/internal/compiler/util/CharDeduplication <init> ()V 4 0 5 0 -1
ciMethod org/eclipse/jdt/internal/compiler/util/CharDeduplication intern ([C)[C 608 0 7592 0 0
ciMethod org/eclipse/jdt/internal/compiler/util/CharDeduplication sharedCopyOfRange ([CII)[C 608 4864 2786 0 2624
ciMethod org/eclipse/jdt/internal/compiler/util/CharDeduplication hashCode ([CII)I 656 8192 2482 0 -1
ciMethod org/eclipse/jdt/internal/compiler/util/CharDeduplication equals ([CII[C)Z 330 4450 1950 0 -1
ciMethod org/eclipse/jdt/internal/compiler/classfmt/ClassFileReader enrichWithExternalAnnotationsFor (Lorg/eclipse/jdt/internal/compiler/env/ITypeAnnotationWalker;Ljava/lang/Object;Lorg/eclipse/jdt/internal/compiler/lookup/LookupEnvironment;)Lorg/eclipse/jdt/internal/compiler/env/ITypeAnnotationWalker; 298 0 3450 0 0
ciMethod org/eclipse/jdt/internal/compiler/classfmt/ClassFileStruct u2At (I)I 662 0 149580 0 192
ciMethod org/eclipse/jdt/internal/compiler/classfmt/ClassFileStruct u4At (I)I 518 0 1494 0 232
ciMethod org/eclipse/jdt/internal/compiler/classfmt/ClassFileStruct utf8At (II)[C 374 5614 4531 0 1784
ciMethod org/eclipse/jdt/internal/compiler/env/IBinaryMethod getAnnotations ()[Lorg/eclipse/jdt/internal/compiler/env/IBinaryAnnotation; 0 0 1 0 -1
ciMethod org/eclipse/jdt/internal/compiler/env/IBinaryMethod getDefaultValue ()Ljava/lang/Object; 0 0 1 0 -1
ciMethod org/eclipse/jdt/internal/compiler/env/IBinaryMethod getExceptionTypeNames ()[[C 0 0 1 0 -1
ciMethod org/eclipse/jdt/internal/compiler/env/IBinaryMethod getGenericSignature ()[C 0 0 1 0 -1
ciMethod org/eclipse/jdt/internal/compiler/env/IBinaryMethod getMethodDescriptor ()[C 0 0 1 0 -1
ciMethod org/eclipse/jdt/internal/compiler/env/IBinaryMethod getParameterAnnotations (I[C)[Lorg/eclipse/jdt/internal/compiler/env/IBinaryAnnotation; 0 0 1 0 -1
ciMethod org/eclipse/jdt/internal/compiler/env/IBinaryMethod getSelector ()[C 0 0 1 0 -1
ciMethod org/eclipse/jdt/internal/compiler/env/IBinaryMethod getTagBits ()J 0 0 1 0 -1
ciMethod org/eclipse/jdt/internal/compiler/env/IBinaryMethod getTypeAnnotations ()[Lorg/eclipse/jdt/internal/compiler/env/IBinaryTypeAnnotation; 0 0 1 0 -1
ciMethod org/eclipse/jdt/internal/compiler/env/IBinaryMethod getModifiers ()I 0 0 1 0 -1
ciMethod org/eclipse/jdt/internal/compiler/env/IBinaryMethod isConstructor ()Z 0 0 1 0 -1
ciMethod org/eclipse/jdt/internal/compiler/env/IBinaryMethod getArgumentNames ()[[C 0 0 1 0 -1
ciMethod org/eclipse/jdt/internal/compiler/env/IBinaryAnnotation getTypeName ()[C 0 0 1 0 -1
ciMethodData org/eclipse/jdt/internal/compiler/classfmt/ClassFileStruct u2At (I)I 2 149249 orig 80 0 0 0 0 0 0 0 0 0 0 0 0 240 1 0 0 0 0 0 0 0 0 0 0 0 0 0 0 0 0 0 0 0 0 0 0 0 0 0 0 0 0 0 0 0 0 0 0 0 0 0 0 0 0 0 0 0 0 0 0 0 0 0 0 0 0 0 0 0 0 0 0 0 0 0 0 0 0 0 0 data 8 0x0 0x0 0x0 0x0 0x9 0x2 0x0 0x0 oops 0 methods 0
ciMethodData org/eclipse/jdt/internal/compiler/classfmt/ClassFileStruct utf8At (II)[C 2 4344 orig 80 2 0 0 0 0 0 0 0 0 0 0 0 240 1 0 0 0 0 0 0 0 0 0 0 0 0 0 0 0 0 0 0 0 0 1 0 0 0 0 1 0 0 0 0 0 0 0 0 0 0 0 0 0 0 0 0 0 0 0 0 0 0 0 0 0 0 0 0 0 0 0 0 0 0 0 0 0 0 0 0 data 35 0x120003 0x10f8 0x70 0x80000006002e0007 0xcf17 0x58 0x6 0x360007 0x2 0x38 0x4 0x650003 0x4 0x18 0x8f0007 0xcf1c 0xffffffffffffffa8 0x10fa 0x950007 0x10f8 0x30 0x2 0xa50002 0x2 0x0 0x0 0x0 0x0 0x0 0x0 0x9 0x3 0x0 0x0 0x0 oops 0 methods 0
ciMethod org/eclipse/jdt/internal/compiler/classfmt/AnnotationInfo getTypeName ()[C 264 0 132 0 0
ciMethodData org/eclipse/jdt/core/compiler/CharOperation equals ([C[C)Z 2 67760 orig 80 0 0 0 0 0 0 0 0 0 0 0 0 240 1 0 0 0 0 0 0 0 0 0 0 0 0 0 0 0 0 0 0 0 0 0 0 0 0 0 0 0 0 0 0 0 0 0 0 0 0 0 0 0 0 0 0 0 0 0 0 0 0 0 0 0 0 0 0 0 0 0 0 0 0 0 0 0 0 0 0 data 12 0x20002 0x108b0 0x0 0x0 0x0 0x0 0x0 0x0 0x9 0x2 0x0 0x0 oops 0 methods 0
ciMethodData org/eclipse/jdt/internal/compiler/classfmt/ClassFileStruct u4At (I)I 2 1235 orig 80 0 0 0 0 0 0 0 0 0 0 0 0 240 1 0 0 0 0 0 0 0 0 0 0 0 0 0 0 0 0 0 0 0 0 0 0 0 0 0 0 0 0 0 0 0 0 0 0 0 0 0 0 0 0 0 0 0 0 0 0 0 0 0 0 0 0 0 0 0 0 0 0 0 0 0 0 0 0 0 0 data 8 0x0 0x0 0x0 0x0 0x9 0x2 0x0 0x0 oops 0 methods 0
ciMethodData org/eclipse/jdt/internal/compiler/util/CharDeduplication intern ([C)[C 2 7288 orig 80 0 0 0 0 0 0 0 0 0 0 0 0 240 1 0 0 0 0 0 0 0 0 0 0 0 0 0 0 0 0 0 0 0 0 0 0 0 0 0 0 0 0 0 0 0 0 0 0 0 0 0 0 0 0 0 0 0 0 0 0 0 0 0 0 0 0 0 0 0 0 0 0 0 0 0 0 0 0 0 0 data 18 0x2 0x1c78 0x70005 0x0 0x0 0x1f0f90e5408 0x1c78 0x0 0x0 0x0 0x0 0x0 0x0 0x0 0x0 0x9 0x1 0xffffffffffffffff oops 1 5 org/eclipse/jdt/internal/compiler/util/CharDeduplication methods 0
ciMethodData org/eclipse/jdt/internal/compiler/util/CharDeduplication getThreadLocalInstance ()Lorg/eclipse/jdt/internal/compiler/util/CharDeduplication; 2 7018 orig 80 0 0 0 0 0 0 0 0 0 0 0 0 240 1 0 0 0 0 0 0 0 0 0 0 0 0 0 0 0 0 0 0 0 0 0 0 0 0 0 0 0 0 0 0 0 0 0 0 0 0 0 0 0 0 0 0 0 0 0 0 0 0 0 0 0 0 0 0 0 0 0 0 0 0 0 0 0 0 0 0 data 51 0x30005 0x0 0x0 0x1f0f8a0d520 0x1b6a 0x0 0x0 0x60004 0x0 0x0 0x1f0d9395ad8 0x1b6a 0x0 0x0 0x90005 0x0 0x0 0x1f0d9395ad8 0x1b6a 0x0 0x0 0xc0004 0x0 0x0 0x1f0f90e5408 0x1b6a 0x0 0x0 0x110007 0x1b6a 0x78 0x0 0x180002 0x0 0x240002 0x0 0x270005 0x0 0x0 0x0 0x0 0x0 0x0 0x0 0x0 0x0 0x0 0x0 0x0 0x9 0x0 oops 4 3 java/lang/ThreadLocal$SuppliedThreadLocal 10 java/lang/ref/SoftReference 17 java/lang/ref/SoftReference 24 org/eclipse/jdt/internal/compiler/util/CharDeduplication methods 0
ciMethodData org/eclipse/jdt/internal/compiler/util/CharDeduplication sharedCopyOfRange ([CII)[C 2 2482 orig 80 0 0 0 0 0 0 0 0 0 0 0 0 240 1 0 0 0 0 0 0 0 0 0 0 0 0 0 0 0 0 0 0 0 0 0 0 0 0 0 0 0 0 0 0 0 0 0 0 0 0 0 0 0 0 0 0 0 0 0 0 0 0 0 0 0 0 0 0 0 0 0 0 0 0 0 0 0 0 0 0 data 69 0x70008 0x6 0x97a 0x60 0x0 0x60 0x38 0x40 0x270007 0x0 0x20 0x38 0x390005 0x97a 0x0 0x0 0x0 0x0 0x0 0x4c0003 0x97a 0xa8 0x650007 0x927 0x38 0x4297 0x6c0003 0x4297 0x70 0x750005 0x927 0x0 0x0 0x0 0x0 0x0 0x780007 0x223 0x20 0x704 0x850007 0x4bbe 0xffffffffffffff70 0x276 0x8b0002 0x276 0x930007 0x276 0x20 0x0 0xba0004 0x0 0x0 0x1f0f166f590 0x276 0x0 0x0 0x0 0x0 0x0 0x0 0x0 0x0 0x9 0x4 0x0 0x0 0x0 0x0 oops 1 53 [C methods 0
ciMethod org/eclipse/jdt/internal/compiler/lookup/LookupEnvironment createArrayType (Lorg/eclipse/jdt/internal/compiler/lookup/TypeBinding;I[Lorg/eclipse/jdt/internal/compiler/lookup/AnnotationBinding;)Lorg/eclipse/jdt/internal/compiler/lookup/ArrayBinding; 52 0 171 0 -1
ciMethod org/eclipse/jdt/internal/compiler/lookup/LookupEnvironment usesAnnotatedTypeSystem ()Z 0 0 1 0 -1
ciMethod org/eclipse/jdt/internal/compiler/lookup/LookupEnvironment createParameterizedType (Lorg/eclipse/jdt/internal/compiler/lookup/ReferenceBinding;[Lorg/eclipse/jdt/internal/compiler/lookup/TypeBinding;Lorg/eclipse/jdt/internal/compiler/lookup/ReferenceBinding;)Lorg/eclipse/jdt/internal/compiler/lookup/ParameterizedTypeBinding; 234 0 381 0 -1
ciMethod org/eclipse/jdt/internal/compiler/lookup/LookupEnvironment createAnnotatedType (Lorg/eclipse/jdt/internal/compiler/lookup/TypeBinding;[Lorg/eclipse/jdt/internal/compiler/lookup/AnnotationBinding;)Lorg/eclipse/jdt/internal/compiler/lookup/TypeBinding; 0 0 1 0 -1
ciMethod org/eclipse/jdt/internal/compiler/lookup/LookupEnvironment getAnalysisAnnotationBit ([[C)I 116 0 269 0 0
ciMethod org/eclipse/jdt/internal/compiler/lookup/LookupEnvironment getTypeArgumentsFromSignature (Lorg/eclipse/jdt/internal/compiler/lookup/SignatureWrapper;[Lorg/eclipse/jdt/internal/compiler/lookup/TypeVariableBinding;Lorg/eclipse/jdt/internal/compiler/lookup/ReferenceBinding;Lorg/eclipse/jdt/internal/compiler/lookup/ReferenceBinding;[[[CLorg/eclipse/jdt/internal/compiler/env/ITypeAnnotationWalker;)[Lorg/eclipse/jdt/internal/compiler/lookup/TypeBinding; 232 32 362 0 -1
ciMethod org/eclipse/jdt/internal/compiler/lookup/LookupEnvironment getTypeFromCompoundName ([[CZZ)Lorg/eclipse/jdt/internal/compiler/lookup/ReferenceBinding; 1024 0 3710 0 -1
ciMethod org/eclipse/jdt/internal/compiler/lookup/LookupEnvironment getTypeFromConstantPoolName ([CIIZ[[[CLorg/eclipse/jdt/internal/compiler/env/ITypeAnnotationWalker;)Lorg/eclipse/jdt/internal/compiler/lookup/ReferenceBinding; 268 0 3703 0 0
ciMethod org/eclipse/jdt/internal/compiler/lookup/LookupEnvironment getTypeFromConstantPoolName ([CIIZ[[[C)Lorg/eclipse/jdt/internal/compiler/lookup/ReferenceBinding; 316 0 3222 0 -1
ciMethod org/eclipse/jdt/internal/compiler/lookup/LookupEnvironment getTypeFromSignature ([CIIZLorg/eclipse/jdt/internal/compiler/lookup/TypeBinding;[[[CLorg/eclipse/jdt/internal/compiler/env/ITypeAnnotationWalker;)Lorg/eclipse/jdt/internal/compiler/lookup/TypeBinding; 770 128 7855 0 -1
ciMethod org/eclipse/jdt/internal/compiler/lookup/LookupEnvironment annotateType (Lorg/eclipse/jdt/internal/compiler/lookup/TypeBinding;Lorg/eclipse/jdt/internal/compiler/env/ITypeAnnotationWalker;[[[C)Lorg/eclipse/jdt/internal/compiler/lookup/TypeBinding; 16 0 362 0 -1
ciMethod org/eclipse/jdt/internal/compiler/lookup/LookupEnvironment countNonStaticNestingLevels (Lorg/eclipse/jdt/internal/compiler/lookup/TypeBinding;)I 0 0 1 0 -1
ciMethod org/eclipse/jdt/internal/compiler/lookup/LookupEnvironment getTypeFromTypeSignature (Lorg/eclipse/jdt/internal/compiler/lookup/SignatureWrapper;[Lorg/eclipse/jdt/internal/compiler/lookup/TypeVariableBinding;Lorg/eclipse/jdt/internal/compiler/lookup/ReferenceBinding;[[[CLorg/eclipse/jdt/internal/compiler/env/ITypeAnnotationWalker;)Lorg/eclipse/jdt/internal/compiler/lookup/TypeBinding; 48 4 1307 0 0
ciMethod org/eclipse/jdt/internal/compiler/lookup/LookupEnvironment getTypeFromTypeVariable (Lorg/eclipse/jdt/internal/compiler/lookup/TypeVariableBinding;I[[Lorg/eclipse/jdt/internal/compiler/lookup/AnnotationBinding;Lorg/eclipse/jdt/internal/compiler/env/ITypeAnnotationWalker;[[[C)Lorg/eclipse/jdt/internal/compiler/lookup/TypeBinding; 66 0 378 0 -1
ciMethod org/eclipse/jdt/internal/compiler/lookup/TypeSystem getArrayType (Lorg/eclipse/jdt/internal/compiler/lookup/TypeBinding;I[Lorg/eclipse/jdt/internal/compiler/lookup/AnnotationBinding;)Lorg/eclipse/jdt/internal/compiler/lookup/ArrayBinding; 878 0 1024 0 -1
ciMethod org/eclipse/jdt/internal/compiler/lookup/TypeSystem fixTypeVariableDeclaringElement (Lorg/eclipse/jdt/internal/compiler/lookup/TypeVariableBinding;Lorg/eclipse/jdt/internal/compiler/lookup/Binding;)V 2 8 91 0 0
ciMethod org/eclipse/jdt/internal/compiler/lookup/AnnotatableTypeSystem flattenedAnnotations ([[Lorg/eclipse/jdt/internal/compiler/lookup/AnnotationBinding;)[Lorg/eclipse/jdt/internal/compiler/lookup/AnnotationBinding; 156 0 1107 0 -1
ciMethod org/eclipse/jdt/internal/compiler/lookup/BinaryTypeBinding createMethod (Lorg/eclipse/jdt/internal/compiler/env/IBinaryMethod;Lorg/eclipse/jdt/internal/compiler/env/IBinaryType;J[[[C)Lorg/eclipse/jdt/internal/compiler/lookup/MethodBinding; 272 6022 3186 0 -1
ciMethod org/eclipse/jdt/internal/compiler/lookup/BinaryTypeBinding provideSyntheticEEA (Lorg/eclipse/jdt/internal/compiler/env/IBinaryMethod;Lorg/eclipse/jdt/internal/compiler/env/ITypeAnnotationWalker;)Lorg/eclipse/jdt/internal/compiler/env/ITypeAnnotationWalker; 0 0 1 0 -1
ciMethod org/eclipse/jdt/internal/compiler/lookup/BinaryTypeBinding convertMemberValue (Ljava/lang/Object;Lorg/eclipse/jdt/internal/compiler/lookup/LookupEnvironment;[[[CZ)Ljava/lang/Object; 10 0 91 0 -1
ciMethod org/eclipse/jdt/internal/compiler/lookup/BinaryTypeBinding createAnnotation (Lorg/eclipse/jdt/internal/compiler/env/IBinaryAnnotation;Lorg/eclipse/jdt/internal/compiler/lookup/LookupEnvironment;[[[C)Lorg/eclipse/jdt/internal/compiler/lookup/AnnotationBinding; 100 138 109 0 -1
ciMethod org/eclipse/jdt/internal/compiler/lookup/BinaryTypeBinding createAnnotations ([Lorg/eclipse/jdt/internal/compiler/env/IBinaryAnnotation;Lorg/eclipse/jdt/internal/compiler/lookup/LookupEnvironment;[[[C)[Lorg/eclipse/jdt/internal/compiler/lookup/AnnotationBinding; 16 8 2247 0 0
ciMethod org/eclipse/jdt/internal/compiler/lookup/BinaryTypeBinding resolveType (Lorg/eclipse/jdt/internal/compiler/lookup/TypeBinding;Lorg/eclipse/jdt/internal/compiler/lookup/LookupEnvironment;Z)Lorg/eclipse/jdt/internal/compiler/lookup/TypeBinding; 84 0 2629 0 -1
ciMethod org/eclipse/jdt/internal/compiler/lookup/BinaryTypeBinding getTypeAnnotationWalker ([Lorg/eclipse/jdt/internal/compiler/env/IBinaryTypeAnnotation;I)Lorg/eclipse/jdt/internal/compiler/env/ITypeAnnotationWalker; 308 0 3768 0 0
ciMethod org/eclipse/jdt/internal/compiler/lookup/BinaryTypeBinding getNullDefaultFrom ([Lorg/eclipse/jdt/internal/compiler/env/IBinaryAnnotation;)I 310 28 4115 0 0
ciMethod org/eclipse/jdt/internal/compiler/lookup/BinaryTypeBinding createTypeVariables (Lorg/eclipse/jdt/internal/compiler/lookup/SignatureWrapper;Z[[[CLorg/eclipse/jdt/internal/compiler/env/ITypeAnnotationWalker;Z)[Lorg/eclipse/jdt/internal/compiler/lookup/TypeVariableBinding; 2 42 103 0 0
ciMethod org/eclipse/jdt/internal/compiler/lookup/BinaryTypeBinding initializeTypeVariable (Lorg/eclipse/jdt/internal/compiler/lookup/TypeVariableBinding;[Lorg/eclipse/jdt/internal/compiler/lookup/TypeVariableBinding;Lorg/eclipse/jdt/internal/compiler/lookup/SignatureWrapper;[[[CLorg/eclipse/jdt/internal/compiler/env/ITypeAnnotationWalker;)V 234 0 107 0 -1
ciMethod org/eclipse/jdt/internal/compiler/lookup/BinaryTypeBinding isPrototype ()Z 806 0 21903 0 112
ciMethod org/eclipse/jdt/internal/compiler/lookup/BinaryTypeBinding storedAnnotations (ZZ)Ljava/util/Map; 16 0 709 0 0
ciMethod org/eclipse/jdt/internal/compiler/lookup/BinaryTypeBinding getNonNullByDefaultValue (Lorg/eclipse/jdt/internal/compiler/env/IBinaryAnnotation;Lorg/eclipse/jdt/internal/compiler/lookup/LookupEnvironment;)I 0 0 1 0 -1
ciMethod org/eclipse/jdt/internal/compiler/lookup/BinaryTypeBinding signature2qualifiedTypeName ([C)[[C 116 0 269 0 0
ciMethod org/eclipse/jdt/internal/compiler/lookup/BinaryTypeBinding getNullDefault ()I 0 0 1 0 -1
ciMethodData org/eclipse/jdt/internal/compiler/lookup/Binding <init> ()V 2 8741 orig 80 0 0 0 0 0 0 0 0 0 0 0 0 240 1 0 0 0 0 0 0 0 0 0 0 0 0 0 0 0 0 0 0 0 0 0 0 0 0 0 0 0 0 0 0 0 0 0 0 0 0 0 0 0 0 0 0 0 0 0 0 0 0 0 0 0 0 0 0 0 0 0 0 0 0 0 0 0 0 0 0 data 9 0x10002 0x2225 0x0 0x0 0x0 0x0 0x9 0x1 0xc oops 0 methods 0
ciMethod org/eclipse/jdt/internal/compiler/classfmt/MethodInfo getAnnotations ()[Lorg/eclipse/jdt/internal/compiler/env/IBinaryAnnotation; 268 0 134 0 0
ciMethod org/eclipse/jdt/internal/compiler/classfmt/MethodInfo getArgumentNames ()[[C 650 0 3423 0 0
ciMethod org/eclipse/jdt/internal/compiler/classfmt/MethodInfo getExceptionTypeNames ()[[C 280 0 3192 0 0
ciMethod org/eclipse/jdt/internal/compiler/classfmt/MethodInfo getGenericSignature ()[C 650 0 3423 0 0
ciMethod org/eclipse/jdt/internal/compiler/classfmt/MethodInfo getMethodDescriptor ()[C 628 0 3090 0 0
ciMethod org/eclipse/jdt/internal/compiler/classfmt/MethodInfo getModifiers ()I 650 0 6534 0 0
ciMethod org/eclipse/jdt/internal/compiler/classfmt/MethodInfo getParameterAnnotations (I[C)[Lorg/eclipse/jdt/internal/compiler/env/IBinaryAnnotation; 416 0 1260 0 0
ciMethod org/eclipse/jdt/internal/compiler/classfmt/MethodInfo getTypeAnnotations ()[Lorg/eclipse/jdt/internal/compiler/env/IBinaryTypeAnnotation; 282 0 2784 0 0
ciMethod org/eclipse/jdt/internal/compiler/classfmt/MethodInfo getSelector ()[C 810 0 6306 0 888
ciMethod org/eclipse/jdt/internal/compiler/classfmt/MethodInfo getTagBits ()J 278 0 139 0 0
ciMethod org/eclipse/jdt/internal/compiler/classfmt/MethodInfo isConstructor ()Z 1024 0 9509 0 960
ciMethod org/eclipse/jdt/internal/compiler/classfmt/MethodInfo readExceptionAttributes ()V 280 360 1797 0 0
ciMethod org/eclipse/jdt/internal/compiler/classfmt/MethodInfo readModifierRelatedAttributes ()V 368 430 1903 0 0
ciMethod org/eclipse/jdt/internal/compiler/classfmt/MethodInfo readCodeAttribute ()V 364 366 1839 0 0
ciMethod org/eclipse/jdt/internal/compiler/classfmt/MethodInfo decodeCodeAttribute (I)V 756 2098 1685 0 0
ciMethod org/eclipse/jdt/internal/compiler/classfmt/MethodInfo decodeLocalVariableAttribute (II)V 750 2310 1656 0 0
ciMethod org/eclipse/jdt/internal/compiler/classfmt/MethodInfoWithAnnotations getAnnotations ()[Lorg/eclipse/jdt/internal/compiler/env/IBinaryAnnotation; 258 0 129 0 0
ciMethod org/eclipse/jdt/internal/compiler/classfmt/JavaBinaryNames isConstructor ([C)Z 1024 0 9509 0 0
ciMethod org/eclipse/jdt/internal/compiler/lookup/BinaryTypeBinding$ExternalAnnotationStatus isPotentiallyUnannotatedLib ()Z 464 0 197 0 -1
ciMethod org/eclipse/jdt/internal/compiler/env/ITypeAnnotationWalker toMethodReturn ()Lorg/eclipse/jdt/internal/compiler/env/ITypeAnnotationWalker; 0 0 1 0 -1
ciMethod org/eclipse/jdt/internal/compiler/env/ITypeAnnotationWalker toReceiver ()Lorg/eclipse/jdt/internal/compiler/env/ITypeAnnotationWalker; 0 0 1 0 -1
ciMethod org/eclipse/jdt/internal/compiler/env/ITypeAnnotationWalker toTypeParameter (ZI)Lorg/eclipse/jdt/internal/compiler/env/ITypeAnnotationWalker; 0 0 1 0 -1
ciMethod org/eclipse/jdt/internal/compiler/env/ITypeAnnotationWalker toTypeParameterBounds (ZI)Lorg/eclipse/jdt/internal/compiler/env/ITypeAnnotationWalker; 0 0 1 0 -1
ciMethod org/eclipse/jdt/internal/compiler/env/ITypeAnnotationWalker toMethodParameter (S)Lorg/eclipse/jdt/internal/compiler/env/ITypeAnnotationWalker; 0 0 1 0 -1
ciMethod org/eclipse/jdt/internal/compiler/env/ITypeAnnotationWalker toThrows (I)Lorg/eclipse/jdt/internal/compiler/env/ITypeAnnotationWalker; 0 0 1 0 -1
ciMethod org/eclipse/jdt/internal/compiler/env/ITypeAnnotationWalker toNextArrayDimension ()Lorg/eclipse/jdt/internal/compiler/env/ITypeAnnotationWalker; 0 0 1 0 -1
ciMethod org/eclipse/jdt/internal/compiler/env/ITypeAnnotationWalker toNextNestedType ()Lorg/eclipse/jdt/internal/compiler/env/ITypeAnnotationWalker; 0 0 1 0 -1
ciMethod org/eclipse/jdt/internal/compiler/env/ITypeAnnotationWalker getAnnotationsAtCursor (IZ)[Lorg/eclipse/jdt/internal/compiler/env/IBinaryAnnotation; 0 0 1 0 -1
ciMethod org/eclipse/jdt/internal/compiler/env/ITypeAnnotationWalker$1 toThrows (I)Lorg/eclipse/jdt/internal/compiler/env/ITypeAnnotationWalker; 540 0 405 0 0
ciMethod org/eclipse/jdt/internal/compiler/env/ITypeAnnotationWalker$1 toMethodParameter (S)Lorg/eclipse/jdt/internal/compiler/env/ITypeAnnotationWalker; 806 0 1644 0 80
ciMethod org/eclipse/jdt/internal/compiler/env/ITypeAnnotationWalker$1 toMethodReturn ()Lorg/eclipse/jdt/internal/compiler/env/ITypeAnnotationWalker; 512 0 1324 0 80
ciMethod org/eclipse/jdt/internal/compiler/env/ITypeAnnotationWalker$1 toReceiver ()Lorg/eclipse/jdt/internal/compiler/env/ITypeAnnotationWalker; 1024 0 1561 0 80
ciMethod org/eclipse/jdt/internal/compiler/env/ITypeAnnotationWalker$1 getAnnotationsAtCursor (IZ)[Lorg/eclipse/jdt/internal/compiler/env/IBinaryAnnotation; 1024 0 1576 0 88
ciMethod org/eclipse/jdt/internal/compiler/lookup/SignatureWrapper <init> ([C)V 14 0 374 0 0
ciMethod org/eclipse/jdt/internal/compiler/lookup/SignatureWrapper <init> ([CZ)V 14 0 374 0 0
ciMethod org/eclipse/jdt/internal/compiler/lookup/SignatureWrapper atEnd ()Z 22 0 423 0 0
ciMethod org/eclipse/jdt/internal/compiler/lookup/SignatureWrapper computeEnd ()I 514 0 1405 0 -1
ciMethod org/eclipse/jdt/internal/compiler/lookup/SignatureWrapper nextWord ()[C 0 0 1 0 -1
ciMethod org/eclipse/jdt/internal/compiler/lookup/AnnotationHolder <init> ()V 518 0 616 0 -1
ciMethod org/eclipse/jdt/internal/compiler/lookup/AnnotationHolder storeAnnotations ([Lorg/eclipse/jdt/internal/compiler/lookup/AnnotationBinding;[[Lorg/eclipse/jdt/internal/compiler/lookup/AnnotationBinding;Ljava/lang/Object;Lorg/eclipse/jdt/internal/compiler/lookup/LookupEnvironment;)Lorg/eclipse/jdt/internal/compiler/lookup/AnnotationHolder; 536 666 608 0 -1
ciMethod org/eclipse/jdt/internal/compiler/lookup/AnnotationHolder setAnnotations ([Lorg/eclipse/jdt/internal/compiler/lookup/AnnotationBinding;)Lorg/eclipse/jdt/internal/compiler/lookup/AnnotationHolder; 544 0 616 0 -1
ciMethod org/eclipse/jdt/internal/compiler/lookup/AnnotationHolder$AnnotationMethodHolder <init> ([Lorg/eclipse/jdt/internal/compiler/lookup/AnnotationBinding;[[Lorg/eclipse/jdt/internal/compiler/lookup/AnnotationBinding;Ljava/lang/Object;Lorg/eclipse/jdt/internal/compiler/lookup/LookupEnvironment;)V 0 0 1 0 -1
ciMethod org/eclipse/jdt/internal/compiler/lookup/AnnotationHolder$MethodHolder <init> ([Lorg/eclipse/jdt/internal/compiler/lookup/AnnotationBinding;[[Lorg/eclipse/jdt/internal/compiler/lookup/AnnotationBinding;)V 0 0 1 0 -1
ciMethodData org/eclipse/jdt/internal/compiler/classfmt/MethodInfo getSelector ()[C 2 5901 orig 80 0 0 0 0 0 0 0 0 0 0 0 0 240 1 0 0 0 0 0 0 0 0 0 0 0 0 0 0 0 0 0 0 0 0 0 0 0 0 0 0 0 0 0 0 0 0 0 0 0 0 0 0 0 0 0 0 0 0 0 0 0 0 0 0 0 0 0 0 0 0 0 0 0 0 0 0 0 0 0 0 data 36 0x40007 0x154f 0xd8 0x1be 0xd0005 0x0 0x0 0x1f0f887b2c0 0x19c 0x1f0f887b370 0x22 0x200005 0x0 0x0 0x1f0f887b2c0 0x19c 0x1f0f887b370 0x22 0x230005 0x0 0x0 0x1f0f887b2c0 0x19c 0x1f0f887b370 0x22 0x260002 0x1be 0x0 0x0 0x0 0x0 0x0 0x0 0x9 0x1 0x0 oops 6 7 org/eclipse/jdt/internal/compiler/classfmt/MethodInfo 9 org/eclipse/jdt/internal/compiler/classfmt/MethodInfoWithAnnotations 14 org/eclipse/jdt/internal/compiler/classfmt/MethodInfo 16 org/eclipse/jdt/internal/compiler/classfmt/MethodInfoWithAnnotations 21 org/eclipse/jdt/internal/compiler/classfmt/MethodInfo 23 org/eclipse/jdt/internal/compiler/classfmt/MethodInfoWithAnnotations methods 0
ciMethodData org/eclipse/jdt/core/compiler/CharOperation splitOn (C[CII)[[C 2 1987 orig 80 1 0 0 0 0 0 0 0 0 0 0 0 240 1 0 0 0 0 0 0 0 0 0 0 0 0 0 0 0 0 0 0 0 0 0 0 0 0 0 1 0 0 0 0 0 0 0 0 0 0 0 0 0 0 0 0 0 0 0 0 0 0 0 0 0 0 0 0 0 0 0 0 0 0 0 0 0 0 0 0 data 67 0x10007 0x7c3 0x38 0x0 0x50003 0x0 0x18 0xe0007 0x0 0x40 0x7c3 0x8000000600130007 0x724 0x20 0xa0 0x200003 0x724 0x38 0x280007 0x847a 0x20 0xfee 0x340007 0x9468 0xffffffffffffffe0 0x724 0x470003 0x724 0x80 0x4f0007 0x847a 0x68 0xfee 0x5d0004 0x0 0x0 0x1f0f166f590 0xfee 0x0 0x0 0x6f0002 0xfee 0x7e0007 0x9468 0xffffffffffffff98 0x724 0x8b0004 0x0 0x0 0x1f0f166f590 0x724 0x0 0x0 0x990002 0x724 0x0 0x0 0x0 0x0 0x0 0x0 0x9 0x4 0x0 0x0 0x0 0x0 oops 2 36 [C 49 [C methods 0
ciMethodData org/eclipse/jdt/internal/compiler/classfmt/MethodInfo isConstructor ()Z 2 8997 orig 80 0 0 0 0 0 0 0 0 0 0 0 0 0 0 0 0 0 0 0 0 0 0 0 0 0 0 0 0 0 0 0 0 0 0 0 0 0 0 0 0 0 0 0 0 0 0 0 0 0 0 0 0 0 0 0 0 0 0 0 0 0 0 0 0 0 0 0 0 0 0 0 0 0 0 0 0 0 0 0 0 data 18 0x10005 0x6 0x0 0x1f0f887b2c0 0x205a 0x1f0f887b370 0x2c6 0x40002 0x2326 0x0 0x0 0x0 0x0 0x0 0x0 0x9 0x1 0xffffffffffffffff oops 2 3 org/eclipse/jdt/internal/compiler/classfmt/MethodInfo 5 org/eclipse/jdt/internal/compiler/classfmt/MethodInfoWithAnnotations methods 0
ciMethodData org/eclipse/jdt/internal/compiler/classfmt/JavaBinaryNames isConstructor ([C)Z 2 8997 orig 80 0 0 0 0 0 0 0 0 0 0 0 0 0 0 0 0 0 0 0 0 0 0 0 0 0 0 0 0 0 0 0 0 0 0 0 0 0 0 0 0 0 0 0 0 0 0 0 0 0 0 0 0 0 0 0 0 0 0 0 0 0 0 0 0 0 0 0 0 0 0 0 0 0 0 0 0 0 0 0 0 data 15 0x50007 0x1f14 0x40 0x412 0xc0007 0x1 0x20 0x411 0x0 0x0 0x0 0x0 0x9 0x1 0x0 oops 0 methods 0
ciMethodData org/eclipse/jdt/internal/compiler/lookup/BinaryTypeBinding isPrototype ()Z 2 21524 orig 80 0 0 0 0 0 0 0 0 0 0 0 0 240 1 0 0 0 0 0 0 0 0 0 0 0 0 0 0 0 0 0 0 0 0 0 0 0 0 0 0 0 0 0 0 0 0 0 0 0 0 0 0 0 0 0 0 0 0 0 0 0 0 0 0 0 0 0 0 0 0 0 0 0 0 0 0 0 0 0 0 data 13 0x50007 0x0 0x20 0x5414 0x0 0x0 0x0 0x0 0x0 0x0 0x9 0x1 0x0 oops 0 methods 0
ciMethod org/eclipse/jdt/internal/compiler/classfmt/NonNullDefaultAwareTypeAnnotationWalker <init> ([Lorg/eclipse/jdt/internal/compiler/env/IBinaryTypeAnnotation;ILorg/eclipse/jdt/internal/compiler/lookup/LookupEnvironment;)V 0 0 1 0 -1
ciMethod org/eclipse/jdt/internal/compiler/classfmt/NonNullDefaultAwareTypeAnnotationWalker <init> (ILorg/eclipse/jdt/internal/compiler/lookup/LookupEnvironment;)V 0 0 1 0 -1
ciMethod org/eclipse/jdt/internal/compiler/classfmt/NonNullDefaultAwareTypeAnnotationWalker getNonNullAnnotation (Lorg/eclipse/jdt/internal/compiler/lookup/LookupEnvironment;)Lorg/eclipse/jdt/internal/compiler/env/IBinaryAnnotation; 0 0 1 0 -1
ciMethod org/eclipse/jdt/internal/compiler/classfmt/NonNullDefaultAwareTypeAnnotationWalker updateWalkerForParamNonNullDefault (Lorg/eclipse/jdt/internal/compiler/env/ITypeAnnotationWalker;ILorg/eclipse/jdt/internal/compiler/lookup/LookupEnvironment;)Lorg/eclipse/jdt/internal/compiler/env/ITypeAnnotationWalker; 8 0 436 0 0
ciMethodData org/eclipse/jdt/internal/compiler/classfmt/MethodInfo getModifiers ()I 2 6209 orig 80 0 0 0 0 0 0 0 0 0 0 0 0 240 1 0 0 0 0 0 0 0 0 0 0 0 0 0 0 0 0 0 0 0 0 0 0 0 0 0 0 0 0 0 0 0 0 0 0 0 0 0 0 0 0 0 0 0 0 0 0 0 0 0 0 0 0 0 0 0 0 0 0 0 0 0 0 0 0 0 0 data 20 0x50007 0x118a 0x58 0x6b7 0x90005 0x6b7 0x0 0x0 0x0 0x0 0x0 0x0 0x0 0x0 0x0 0x0 0x0 0x9 0x1 0x0 oops 0 methods 0
ciMethodData org/eclipse/jdt/internal/compiler/classfmt/MethodInfo readModifierRelatedAttributes ()V 2 1719 orig 80 0 0 0 0 0 0 0 0 0 0 0 0 240 1 0 0 0 0 0 0 0 0 0 0 0 0 0 0 0 0 0 0 0 0 0 0 0 0 0 0 0 0 0 0 0 0 0 0 0 0 0 0 0 0 0 0 0 0 0 0 0 0 0 0 0 0 0 0 0 0 0 0 0 0 0 0 0 0 0 0 data 107 0x20005 0x2 0x0 0x1f0f887b2c0 0x654 0x1f0f887b370 0x61 0x90005 0x2 0x0 0x1f0f887b2c0 0x654 0x1f0f887b370 0x61 0x130003 0x6b7 0x280 0x1c0005 0x2 0x0 0x1f0f887b2c0 0x7f9 0x1f0f887b370 0xd8 0x310005 0x2 0x0 0x1f0f887b2c0 0x7f9 0x1f0f887b370 0xd8 0x340005 0x2 0x0 0x1f0f887b2c0 0x7f9 0x1f0f887b370 0xd8 0x3c0007 0x0 0x188 0x8d3 0x430008 0xa 0x794 0x168 0x2 0xf0 0x19 0x60 0x124 0xa8 0x0 0x138 0x710002 0x19 0x740007 0x0 0xf8 0x19 0x7d0003 0x19 0xd8 0x850002 0x124 0x880007 0x124 0xb0 0x0 0x910003 0x0 0x90 0x990002 0x2 0x9c0007 0x0 0x68 0x2 0xa50003 0x2 0x48 0xad0002 0x0 0xb00007 0x0 0x20 0x0 0xc00005 0x2 0x0 0x1f0f887b2c0 0x7f9 0x1f0f887b370 0xd8 0xcc0007 0x8d3 0xfffffffffffffd98 0x6b7 0x0 0x0 0x0 0x0 0x0 0x0 0x9 0x1 0x0 oops 12 3 org/eclipse/jdt/internal/compiler/classfmt/MethodInfo 5 org/eclipse/jdt/internal/compiler/classfmt/MethodInfoWithAnnotations 10 org/eclipse/jdt/internal/compiler/classfmt/MethodInfo 12 org/eclipse/jdt/internal/compiler/classfmt/MethodInfoWithAnnotations 20 org/eclipse/jdt/internal/compiler/classfmt/MethodInfo 22 org/eclipse/jdt/internal/compiler/classfmt/MethodInfoWithAnnotations 27 org/eclipse/jdt/internal/compiler/classfmt/MethodInfo 29 org/eclipse/jdt/internal/compiler/classfmt/MethodInfoWithAnnotations 34 org/eclipse/jdt/internal/compiler/classfmt/MethodInfo 36 org/eclipse/jdt/internal/compiler/classfmt/MethodInfoWithAnnotations 90 org/eclipse/jdt/internal/compiler/classfmt/MethodInfo 92 org/eclipse/jdt/internal/compiler/classfmt/MethodInfoWithAnnotations methods 0
ciMethodData org/eclipse/jdt/internal/compiler/lookup/ReferenceBinding isInterface ()Z 2 5733 orig 80 0 0 0 0 0 0 0 0 0 0 0 0 240 1 0 0 0 0 0 0 0 0 0 0 0 0 0 0 0 0 0 0 0 0 0 0 0 0 0 0 0 0 0 0 0 0 0 0 0 0 0 0 0 0 0 0 0 0 0 0 0 0 0 0 0 0 0 0 0 0 0 0 0 0 0 0 0 0 0 0 data 11 0x80007 0x15a3 0x20 0xc2 0x0 0x0 0x0 0x0 0x9 0x1 0x0 oops 0 methods 0
ciMethodData org/eclipse/jdt/internal/compiler/classfmt/MethodInfo getArgumentNames ()[[C 2 3098 orig 80 0 0 0 0 0 0 0 0 0 0 0 0 240 1 0 0 0 0 0 0 0 0 0 0 0 0 0 0 0 0 0 0 0 0 0 0 0 0 0 0 0 0 0 0 0 0 0 0 0 0 0 0 0 0 0 0 0 0 0 0 0 0 0 0 0 0 0 0 0 0 0 0 0 0 0 0 0 0 0 0 data 20 0x40007 0x5c5 0x58 0x655 0x80005 0x655 0x0 0x0 0x0 0x0 0x0 0x0 0x0 0x0 0x0 0x0 0x0 0x9 0x1 0x0 oops 0 methods 0
ciMethodData org/eclipse/jdt/internal/compiler/classfmt/MethodInfo readCodeAttribute ()V 2 1657 orig 80 0 0 0 0 0 0 0 0 0 0 0 0 240 1 0 0 0 0 0 0 0 0 0 0 0 0 0 0 0 0 0 0 0 0 0 0 0 0 0 0 0 0 0 0 0 0 0 0 0 0 0 0 0 0 0 0 0 0 0 0 0 0 0 0 0 0 0 0 0 0 0 0 0 0 0 0 0 0 0 0 data 77 0x30005 0x2 0x0 0x1f0f887b2c0 0x616 0x1f0f887b370 0x61 0xb0007 0x3f 0x1e0 0x63a 0x100003 0x63a 0x1a0 0x190005 0x2 0x0 0x1f0f887b2c0 0x5d8 0x1f0f887b370 0x65 0x2e0005 0x2 0x0 0x1f0f887b2c0 0x5d8 0x1f0f887b370 0x65 0x310005 0x2 0x0 0x1f0f887b2c0 0x5d8 0x1f0f887b370 0x65 0x3b0002 0x63f 0x3e0007 0x59 0x98 0x5e6 0x430005 0x5e6 0x0 0x0 0x0 0x0 0x0 0x4a0007 0x1c 0x40 0x5ca 0x520007 0x44a 0x20 0x180 0x640005 0x2 0x0 0x1f0f887b370 0x19 0x1f0f887b2c0 0x3e 0x6f0007 0x63f 0xfffffffffffffe78 0x54 0x0 0x0 0x0 0x0 0x0 0x0 0x0 0x9 0x1 0x0 oops 10 3 org/eclipse/jdt/internal/compiler/classfmt/MethodInfo 5 org/eclipse/jdt/internal/compiler/classfmt/MethodInfoWithAnnotations 17 org/eclipse/jdt/internal/compiler/classfmt/MethodInfo 19 org/eclipse/jdt/internal/compiler/classfmt/MethodInfoWithAnnotations 24 org/eclipse/jdt/internal/compiler/classfmt/MethodInfo 26 org/eclipse/jdt/internal/compiler/classfmt/MethodInfoWithAnnotations 31 org/eclipse/jdt/internal/compiler/classfmt/MethodInfo 33 org/eclipse/jdt/internal/compiler/classfmt/MethodInfoWithAnnotations 59 org/eclipse/jdt/internal/compiler/classfmt/MethodInfoWithAnnotations 61 org/eclipse/jdt/internal/compiler/classfmt/MethodInfo methods 0
ciMethodData org/eclipse/jdt/internal/compiler/classfmt/MethodInfo getTypeAnnotations ()[Lorg/eclipse/jdt/internal/compiler/env/IBinaryTypeAnnotation; 2 2643 orig 80 0 0 0 0 0 0 0 0 0 0 0 0 240 1 0 0 0 0 0 0 0 0 0 0 0 0 0 0 0 0 0 0 0 0 0 0 0 0 0 0 0 0 0 0 0 0 0 0 0 0 0 0 0 0 0 0 0 0 0 0 0 0 0 0 0 0 0 0 0 0 0 0 0 0 0 0 0 0 0 0 data 4 0x0 0x9 0x1 0x0 oops 0 methods 0
ciMethodData org/eclipse/jdt/internal/compiler/lookup/BinaryTypeBinding createMethod (Lorg/eclipse/jdt/internal/compiler/env/IBinaryMethod;Lorg/eclipse/jdt/internal/compiler/env/IBinaryType;J[[[C)Lorg/eclipse/jdt/internal/compiler/lookup/MethodBinding; 2 3050 orig 80 1 0 0 0 0 0 0 0 0 0 0 0 240 1 0 0 0 0 0 0 0 0 0 0 0 0 0 0 0 0 0 0 0 0 0 0 0 0 0 1 0 0 0 0 0 0 0 0 0 0 0 0 0 0 0 0 0 0 0 0 0 0 0 0 0 0 0 0 0 0 0 0 0 0 0 0 0 0 0 0 data 885 0x10005 0xbea 0x0 0x0 0x0 0x0 0x0 0x40007 0xbea 0x30 0x0 0xb0002 0x0 0x100005 0x2 0x0 0x1f0f887b2c0 0xb14 0x1f0f887b370 0xd4 0x1c0005 0x0 0x0 0x1f0f88790e0 0xbea 0x0 0x0 0x80000006001f0007 0xb58 0x80 0x93 0x280007 0x4d 0x60 0x46 0x300007 0x1a 0x40 0x2c 0x370007 0x0 0x20 0x2c 0x580005 0x2 0x0 0x1f0f887b2c0 0xb15 0x1f0f887b370 0xd4 0x600005 0x2 0x0 0x1f0f887b2c0 0xb15 0x1f0f887b370 0xd4 0x690005 0x2 0x0 0x1f0f887b2c0 0xb15 0x1f0f887b370 0xd4 0x710005 0xbeb 0x0 0x0 0x0 0x0 0x0 0x740005 0xbeb 0x0 0x0 0x0 0x0 0x0 0x7a0005 0x2 0x0 0x1f0f887b2c0 0xb15 0x1f0f887b370 0xd4 0x830007 0x142 0x7c0 0xaa9 0x870005 0x2 0x0 0x1f0f887b2c0 0x9e1 0x1f0f887b370 0xc6 0x960005 0x0 0x0 0x1f0f887b420 0xaa9 0x0 0x0 0xa30003 0xaa9 0x78 0xaa0007 0x2dd 0x60 0xee4 0xb40007 0x9eb 0x40 0x4f9 0xc40007 0x5c47 0x0 0x4f9 0xd40007 0x11c1 0xffffffffffffffa0 0xaa9 0xdb0005 0x2 0x0 0x1f0f887b2c0 0x9e1 0x1f0f887b370 0xc6 0xe00007 0x96a 0x128 0x13f 0xe40005 0x13f 0x0 0x0 0x0 0x0 0x0 0xe70007 0x13f 0x78 0x0 0xeb0005 0x0 0x0 0x0 0x0 0x0 0x0 0xee0007 0x0 0x20 0x0 0xf50005 0x0 0x0 0x1f0f88790e0 0x13f 0x0 0x0 0xf80007 0x13f 0x20 0x0 0x1070007 0x2ab 0x240 0x7fe 0x11b0007 0x656 0x20 0x1a8 0x1310003 0x7fe 0x1e0 0x1410007 0x2dd 0x0 0xee4 0x1480007 0x9eb 0x40 0x4f9 0x1580007 0x5c47 0x0 0x4f9 0x15f0007 0x0 0x168 0xee4 0x1810005 0x0 0x0 0x1f0f887b4d0 0xee4 0x0 0x0 0x1860005 0x0 0x0 0x1f0f887b580 0xee4 0x0 0x0 0x1890004 0x0 0x0 0x1f0f88790e0 0x28e 0x1f0f887b630 0x2dd 0x18c0007 0xbc4 0xa0 0x320 0x1a00005 0x0 0x0 0x1f0f887b2c0 0x2e8 0x1f0f887b370 0x38 0x1ab0002 0x320 0x1ae0004 0x0 0x0 0x1f0f887b6e0 0x320 0x0 0x0 0x1bc0007 0xee4 0xfffffffffffffe38 0x7fe 0x1c00005 0x2 0x0 0x1f0f887b2c0 0x9e1 0x1f0f887b370 0xc6 0x1c90007 0x0 0x120 0xaa9 0x1d30007 0x956 0x100 0x153 0x1e00003 0x153 0xc0 0x1f90005 0x0 0x0 0x1f0f887b4d0 0x16c 0x0 0x0 0x1fe0005 0x0 0x0 0x1f0f887b580 0x16c 0x0 0x0 0x2010004 0x0 0x0 0x1f0f887b7f8 0xf4 0x1f0f88790e0 0x78 0x2090007 0x16c 0xffffffffffffff58 0x153 0x20d0005 0x2 0x0 0x1f0f887b2c0 0x9e1 0x1f0f887b370 0xc6 0x2120007 0x13f 0x90 0x96a 0x2260005 0x0 0x0 0x1f0f887b4d0 0x96a 0x0 0x0 0x22b0005 0x0 0x0 0x1f0f887b580 0x96a 0x0 0x0 0x2320007 0xaa9 0x38 0x0 0x2360003 0x0 0x18 0x2400007 0xaa9 0x8c0 0x0 0x2450007 0x0 0x8a0 0x0 0x24c0007 0x0 0x38 0x0 0x2540003 0x0 0x860 0x26d0002 0x0 0x2740003 0x0 0x838 0x2810007 0x142 0xb0 0x0 0x28c0005 0x0 0x0 0x0 0x0 0x0 0x0 0x2980007 0x0 0x58 0x0 0x29f0005 0x0 0x0 0x0 0x0 0x0 0x0 0x2b20002 0x142 0x2c40007 0xed 0x58 0x55 0x2db0005 0x55 0x0 0x0 0x0 0x0 0x0 0x2f80007 0x0 0x310 0x142 0x3130007 0xdb 0x38 0x67 0x3210003 0x67 0x2d0 0x3290002 0xdb 0x3310003 0xdb 0x140 0x33b0005 0x0 0x0 0x1f0f887b2c0 0x192 0x1f0f887b370 0xc 0x3470005 0x19e 0x0 0x0 0x0 0x0 0x0 0x34e0002 0x19e 0x3640005 0x0 0x0 0x1f0f887b4d0 0x19e 0x0 0x0 0x3690005 0x0 0x0 0x1f0f887b580 0x19e 0x0 0x0 0x36c0005 0x0 0x0 0x1f0d9398438 0x19e 0x0 0x0 0x3840007 0x19e 0xfffffffffffffed8 0xdb 0x3940005 0x0 0x0 0x1f0d9398438 0xdb 0x0 0x0 0x3a40005 0x0 0x0 0x1f0d9398438 0xdb 0x0 0x0 0x3b20007 0xd1 0xd8 0xa 0x3bf0003 0xa 0x98 0x3cd0005 0x0 0x0 0x1f0f887b2c0 0xe 0x0 0x0 0x3d80002 0xe 0x3db0004 0x0 0x0 0x1f0f887b6e0 0xe 0x0 0x0 0x3e30007 0xe 0xffffffffffffff80 0xa 0x3f30005 0x0 0x0 0x1f0f887b4d0 0x142 0x0 0x0 0x3f80005 0x0 0x0 0x1f0f887b580 0x142 0x0 0x0 0x3ff0005 0x0 0x0 0x1f0f887b8a8 0x142 0x0 0x0 0x4020007 0x142 0x1f8 0x0 0x4120007 0x0 0x1d8 0x0 0x41a0002 0x0 0x4410005 0x0 0x0 0x0 0x0 0x0 0x0 0x4460005 0x0 0x0 0x0 0x0 0x0 0x0 0x4490005 0x0 0x0 0x0 0x0 0x0 0x0 0x44f0005 0x0 0x0 0x0 0x0 0x0 0x0 0x4520007 0x0 0x40 0x0 0x4620007 0x0 0xffffffffffffff00 0x0 0x4670005 0x0 0x0 0x0 0x0 0x0 0x0 0x4730005 0x0 0x0 0x0 0x0 0x0 0x0 0x4770003 0x0 0x170 0x47b0005 0x0 0x0 0x1f0f887b2c0 0x134 0x1f0f887b370 0xe 0x4840007 0x0 0x120 0x142 0x48e0007 0x12a 0x100 0x18 0x49b0003 0x18 0xc0 0x4b40005 0x0 0x0 0x1f0f887b4d0 0x1c 0x0 0x0 0x4b90005 0x0 0x0 0x1f0f887b580 0x1c 0x0 0x0 0x4bc0004 0x0 0x0 0x1f0f887b7f8 0x10 0x1f0f88790e0 0xc 0x4c40007 0x1c 0xffffffffffffff58 0x18 0x4c80005 0x2 0x0 0x1f0f887b2c0 0xb15 0x1f0f887b370 0xd4 0x4cd0007 0xaaa 0x48 0x141 0x4db0002 0x141 0x4de0003 0x141 0x60 0x4e80005 0x2 0x0 0x1f0f887b2c0 0x9f6 0x1f0f887b370 0xb2 0x4f40002 0xaaa 0x4fb0007 0xb17 0xd8 0xd4 0x5090003 0xd4 0x98 0x5150005 0x0 0x0 0x1f0f887b958 0xe3 0x0 0x0 0x5210002 0xe3 0x5240007 0xe3 0x38 0x0 0x52e0003 0x0 0x38 0x5380007 0xe3 0xffffffffffffff80 0xd4 0x53d0005 0x0 0x0 0x1f0f887b4d0 0xbeb 0x0 0x0 0x5470005 0x0 0x0 0x1f0f887b4d0 0xbeb 0x0 0x0 0x5500007 0x0 0x88 0xbeb 0x5560007 0xbeb 0x68 0x0 0x5680002 0x0 0x56b0005 0x0 0x0 0x0 0x0 0x0 0x0 0x57b0007 0x229 0x108 0x9c2 0x58c0007 0x0 0xe8 0x9c2 0x5900004 0xfffffffffffff6e4 0x0 0x1f0f887b2c0 0x1a5 0x1f0f887b370 0xa6 0x5930007 0x91c 0x90 0xa6 0x5970005 0x0 0x0 0x1f0f887b370 0xa6 0x0 0x0 0x5a20007 0x78 0x38 0x2e 0x5a60003 0x2e 0x18 0x5b60007 0x229 0x40 0x9c2 0x5bb0007 0x994 0x2c0 0x2e 0x5c00007 0x229 0x58 0x2e 0x5c60005 0x0 0x0 0x1f0f88790e0 0x2e 0x0 0x0 0x5cb0005 0x0 0x0 0x1f0f887b370 0x5c 0x1f0f887b2c0 0x1fb 0x5d30005 0x0 0x0 0x1f0f887b370 0x5c 0x1f0f887b2c0 0x1fb 0x5d80007 0x1fe 0xd8 0x59 0x5dd0005 0x0 0x0 0x1f0f887b4d0 0x59 0x0 0x0 0x5e70005 0x0 0x0 0x1f0f887b4d0 0x59 0x0 0x0 0x5f80002 0x59 0x5fb0005 0x0 0x0 0x1f0f88795b8 0x59 0x0 0x0 0x6080002 0x257 0x60e0005 0x0 0x0 0x1f0f88790e0 0x257 0x0 0x0 0x6110007 0x257 0x80 0x0 0x6150005 0x0 0x0 0x0 0x0 0x0 0x0 0x6210002 0x0 0x6240003 0x0 0x18 0x62c0005 0x0 0x0 0x1f0f88795b8 0x257 0x0 0x0 0x6310007 0x0 0x20 0xbeb 0x6420005 0x2 0x0 0x1f0f887b2c0 0xb15 0x1f0f887b370 0xd4 0x65d0003 0xbeb 0x50 0x6720005 0x0 0x0 0x1f0f887ba08 0x55 0x1f0f887bab8 0x4 0x67c0007 0x59 0xffffffffffffffc8 0xbeb 0x0 0x0 0x0 0x0 0x0 0x0 0x0 0x0 0x0 0x0 0x0 0x0 0x0 0x0 0x0 0x0 0x0 0x0 0x0 0x0 0x0 0x0 0x0 0x0 0x0 0x0 0x0 0x0 0x0 0x0 0x0 0x0 0x0 0x0 0x0 0x0 0x0 0x0 0x0 0x0 0x0 0x0 0x0 0x0 0x0 0x0 0x0 0x0 0x0 0x0 0x0 0x9 0x6 0x0 0x0 0x0 0x0 0x0 0x0 oops 76 16 org/eclipse/jdt/internal/compiler/classfmt/MethodInfo 18 org/eclipse/jdt/internal/compiler/classfmt/MethodInfoWithAnnotations 23 org/eclipse/jdt/internal/compiler/lookup/BinaryTypeBinding 46 org/eclipse/jdt/internal/compiler/classfmt/MethodInfo 48 org/eclipse/jdt/internal/compiler/classfmt/MethodInfoWithAnnotations 53 org/eclipse/jdt/internal/compiler/classfmt/MethodInfo 55 org/eclipse/jdt/internal/compiler/classfmt/MethodInfoWithAnnotations 60 org/eclipse/jdt/internal/compiler/classfmt/MethodInfo 62 org/eclipse/jdt/internal/compiler/classfmt/MethodInfoWithAnnotations 81 org/eclipse/jdt/internal/compiler/classfmt/MethodInfo 83 org/eclipse/jdt/internal/compiler/classfmt/MethodInfoWithAnnotations 92 org/eclipse/jdt/internal/compiler/classfmt/MethodInfo 94 org/eclipse/jdt/internal/compiler/classfmt/MethodInfoWithAnnotations 99 org/eclipse/jdt/internal/compiler/classfmt/ClassFileReader 125 org/eclipse/jdt/internal/compiler/classfmt/MethodInfo 127 org/eclipse/jdt/internal/compiler/classfmt/MethodInfoWithAnnotations 158 org/eclipse/jdt/internal/compiler/lookup/BinaryTypeBinding 196 org/eclipse/jdt/internal/compiler/env/ITypeAnnotationWalker$1 203 org/eclipse/jdt/internal/compiler/lookup/LookupEnvironment 210 org/eclipse/jdt/internal/compiler/lookup/BinaryTypeBinding 212 org/eclipse/jdt/internal/compiler/lookup/ArrayBinding 221 org/eclipse/jdt/internal/compiler/classfmt/MethodInfo 223 org/eclipse/jdt/internal/compiler/classfmt/MethodInfoWithAnnotations 230 [Lorg/eclipse/jdt/internal/compiler/lookup/AnnotationBinding; 241 org/eclipse/jdt/internal/compiler/classfmt/MethodInfo 243 org/eclipse/jdt/internal/compiler/classfmt/MethodInfoWithAnnotations 259 org/eclipse/jdt/internal/compiler/env/ITypeAnnotationWalker$1 266 org/eclipse/jdt/internal/compiler/lookup/LookupEnvironment 273 org/eclipse/jdt/internal/compiler/lookup/UnresolvedReferenceBinding 275 org/eclipse/jdt/internal/compiler/lookup/BinaryTypeBinding 284 org/eclipse/jdt/internal/compiler/classfmt/MethodInfo 286 org/eclipse/jdt/internal/compiler/classfmt/MethodInfoWithAnnotations 295 org/eclipse/jdt/internal/compiler/env/ITypeAnnotationWalker$1 302 org/eclipse/jdt/internal/compiler/lookup/LookupEnvironment 387 org/eclipse/jdt/internal/compiler/classfmt/MethodInfo 389 org/eclipse/jdt/internal/compiler/classfmt/MethodInfoWithAnnotations 403 org/eclipse/jdt/internal/compiler/env/ITypeAnnotationWalker$1 410 org/eclipse/jdt/internal/compiler/lookup/LookupEnvironment 417 java/util/ArrayList 428 java/util/ArrayList 435 java/util/ArrayList 449 org/eclipse/jdt/internal/compiler/classfmt/MethodInfo 458 [Lorg/eclipse/jdt/internal/compiler/lookup/AnnotationBinding; 469 org/eclipse/jdt/internal/compiler/env/ITypeAnnotationWalker$1 476 org/eclipse/jdt/internal/compiler/lookup/LookupEnvironment 483 org/eclipse/jdt/internal/compiler/lookup/SignatureWrapper 553 org/eclipse/jdt/internal/compiler/classfmt/MethodInfo 555 org/eclipse/jdt/internal/compiler/classfmt/MethodInfoWithAnnotations 571 org/eclipse/jdt/internal/compiler/env/ITypeAnnotationWalker$1 578 org/eclipse/jdt/internal/compiler/lookup/LookupEnvironment 585 org/eclipse/jdt/internal/compiler/lookup/UnresolvedReferenceBinding 587 org/eclipse/jdt/internal/compiler/lookup/BinaryTypeBinding 596 org/eclipse/jdt/internal/compiler/classfmt/MethodInfo 598 org/eclipse/jdt/internal/compiler/classfmt/MethodInfoWithAnnotations 612 org/eclipse/jdt/internal/compiler/classfmt/MethodInfo 614 org/eclipse/jdt/internal/compiler/classfmt/MethodInfoWithAnnotations 628 org/eclipse/jdt/internal/compiler/classfmt/AnnotationInfo 648 org/eclipse/jdt/internal/compiler/env/ITypeAnnotationWalker$1 655 org/eclipse/jdt/internal/compiler/env/ITypeAnnotationWalker$1 687 org/eclipse/jdt/internal/compiler/classfmt/MethodInfo 689 org/eclipse/jdt/internal/compiler/classfmt/MethodInfoWithAnnotations 698 org/eclipse/jdt/internal/compiler/classfmt/MethodInfoWithAnnotations 724 org/eclipse/jdt/internal/compiler/lookup/BinaryTypeBinding 731 org/eclipse/jdt/internal/compiler/classfmt/MethodInfoWithAnnotations 733 org/eclipse/jdt/internal/compiler/classfmt/MethodInfo 738 org/eclipse/jdt/internal/compiler/classfmt/MethodInfoWithAnnotations 740 org/eclipse/jdt/internal/compiler/classfmt/MethodInfo 749 org/eclipse/jdt/internal/compiler/env/ITypeAnnotationWalker$1 756 org/eclipse/jdt/internal/compiler/env/ITypeAnnotationWalker$1 765 org/eclipse/jdt/internal/compiler/lookup/MethodBinding 774 org/eclipse/jdt/internal/compiler/lookup/BinaryTypeBinding 797 org/eclipse/jdt/internal/compiler/lookup/MethodBinding 808 org/eclipse/jdt/internal/compiler/classfmt/MethodInfo 810 org/eclipse/jdt/internal/compiler/classfmt/MethodInfoWithAnnotations 818 org/eclipse/jdt/internal/compiler/lookup/TypeSystem 820 org/eclipse/jdt/internal/compiler/lookup/AnnotatableTypeSystem methods 0
ciMethodData org/eclipse/jdt/internal/compiler/lookup/BinaryTypeBinding getNullDefaultFrom ([Lorg/eclipse/jdt/internal/compiler/env/IBinaryAnnotation;)I 2 3966 orig 80 0 0 0 0 0 0 0 0 0 0 0 0 240 1 0 0 0 0 0 0 0 0 0 0 0 0 0 0 0 0 0 0 0 0 0 0 0 0 0 0 0 0 0 0 0 0 0 0 0 0 0 0 0 0 0 0 0 0 0 0 0 0 0 0 0 0 0 0 0 0 0 0 0 0 0 0 0 0 0 0 data 43 0x30007 0xe8e 0x108 0xf0 0x100003 0xf0 0xc8 0x1a0005 0x0 0x0 0x1f0f887b958 0xff 0x0 0x0 0x1f0002 0xff 0x2a0005 0x0 0x0 0x1f0f887b580 0xff 0x0 0x0 0x300007 0xff 0x30 0x0 0x390002 0x0 0x450007 0xff 0xffffffffffffff50 0xf0 0x0 0x0 0x0 0x0 0x0 0x0 0x9 0x2 0x0 0x0 oops 2 10 org/eclipse/jdt/internal/compiler/classfmt/AnnotationInfo 19 org/eclipse/jdt/internal/compiler/lookup/LookupEnvironment methods 0
ciMethodData org/eclipse/jdt/internal/compiler/lookup/BinaryTypeBinding getTypeAnnotationWalker ([Lorg/eclipse/jdt/internal/compiler/env/IBinaryTypeAnnotation;I)Lorg/eclipse/jdt/internal/compiler/env/ITypeAnnotationWalker; 2 3621 orig 80 0 0 0 0 0 0 0 0 0 0 0 0 240 1 0 0 0 0 0 0 0 0 0 0 0 0 0 0 0 0 0 0 0 0 0 0 0 0 0 0 0 0 0 0 0 0 0 0 0 0 0 0 0 0 0 0 0 0 0 0 0 0 0 0 0 0 0 0 0 0 0 0 0 0 0 0 0 0 0 0 data 89 0x10005 0xe25 0x0 0x0 0x0 0x0 0x0 0x40007 0xe25 0x30 0x0 0xb0002 0x0 0x100007 0xe25 0x98 0x0 0x150007 0x0 0x78 0x0 0x1c0005 0x0 0x0 0x0 0x0 0x0 0x0 0x1f0007 0x0 0xc8 0x0 0x2c0007 0xe25 0xa8 0x0 0x300007 0x0 0x58 0x0 0x340005 0x0 0x0 0x0 0x0 0x0 0x0 0x3a0007 0x0 0x30 0x0 0x460002 0x0 0x580007 0x0 0xa8 0x0 0x5c0007 0x0 0x58 0x0 0x600005 0x0 0x0 0x0 0x0 0x0 0x0 0x660007 0x0 0x30 0x0 0x730002 0x0 0x7c0002 0x0 0x0 0x0 0x0 0x0 0x0 0x0 0x0 0x0 0x9 0x3 0x0 0x0 0x0 oops 0 methods 0
ciMethodData org/eclipse/jdt/internal/compiler/classfmt/MethodInfo getGenericSignature ()[C 2 3098 orig 80 0 0 0 0 0 0 0 0 0 0 0 0 240 1 0 0 0 0 0 0 0 0 0 0 0 0 0 0 0 0 0 0 0 0 0 0 0 0 0 0 0 0 0 0 0 0 0 0 0 0 0 0 0 0 0 0 0 0 0 0 0 0 0 0 0 0 0 0 0 0 0 0 0 0 0 0 0 0 0 0 data 33 0x50007 0xad8 0xc0 0x142 0xc0007 0x30 0xa0 0x112 0x1e0005 0x0 0x0 0x1f0f887b2c0 0x109 0x1f0f887b370 0x9 0x210005 0x0 0x0 0x1f0f887b2c0 0x109 0x1f0f887b370 0x9 0x240002 0x112 0x0 0x0 0x0 0x0 0x0 0x0 0x9 0x1 0x0 oops 4 11 org/eclipse/jdt/internal/compiler/classfmt/MethodInfo 13 org/eclipse/jdt/internal/compiler/classfmt/MethodInfoWithAnnotations 18 org/eclipse/jdt/internal/compiler/classfmt/MethodInfo 20 org/eclipse/jdt/internal/compiler/classfmt/MethodInfoWithAnnotations methods 0
ciMethodData org/eclipse/jdt/internal/compiler/classfmt/MethodInfo getMethodDescriptor ()[C 2 2776 orig 80 0 0 0 0 0 0 0 0 0 0 0 0 240 1 0 0 0 0 0 0 0 0 0 0 0 0 0 0 0 0 0 0 0 0 0 0 0 0 0 0 0 0 0 0 0 0 0 0 0 0 0 0 0 0 0 0 0 0 0 0 0 0 0 0 0 0 0 0 0 0 0 0 0 0 0 0 0 0 0 0 data 36 0x40007 0x595 0xd8 0x543 0xd0005 0x2 0x0 0x1f0f887b2c0 0x4e9 0x1f0f887b370 0x58 0x200005 0x2 0x0 0x1f0f887b2c0 0x4e9 0x1f0f887b370 0x58 0x230005 0x2 0x0 0x1f0f887b2c0 0x4e9 0x1f0f887b370 0x58 0x260002 0x543 0x0 0x0 0x0 0x0 0x0 0x0 0x9 0x1 0x0 oops 6 7 org/eclipse/jdt/internal/compiler/classfmt/MethodInfo 9 org/eclipse/jdt/internal/compiler/classfmt/MethodInfoWithAnnotations 14 org/eclipse/jdt/internal/compiler/classfmt/MethodInfo 16 org/eclipse/jdt/internal/compiler/classfmt/MethodInfoWithAnnotations 21 org/eclipse/jdt/internal/compiler/classfmt/MethodInfo 23 org/eclipse/jdt/internal/compiler/classfmt/MethodInfoWithAnnotations methods 0
ciMethodData org/eclipse/jdt/internal/compiler/classfmt/ClassFileReader enrichWithExternalAnnotationsFor (Lorg/eclipse/jdt/internal/compiler/env/ITypeAnnotationWalker;Ljava/lang/Object;Lorg/eclipse/jdt/internal/compiler/lookup/LookupEnvironment;)Lorg/eclipse/jdt/internal/compiler/env/ITypeAnnotationWalker; 2 3301 orig 80 0 0 0 0 0 0 0 0 0 0 0 0 240 1 0 0 0 0 0 0 0 0 0 0 0 0 0 0 0 0 0 0 0 0 0 0 0 0 0 0 0 0 0 0 0 0 0 0 0 0 0 0 0 0 0 0 0 0 0 0 0 0 0 0 0 0 0 0 0 0 0 0 0 0 0 0 0 0 0 0 data 7 0x0 0x9 0x4 0x0 0x0 0x0 0x0 oops 0 methods 0
ciMethodData org/eclipse/jdt/internal/compiler/lookup/TypeBinding isMemberType ()Z 2 1594 orig 80 0 0 0 0 0 0 0 0 0 0 0 0 240 1 0 0 0 0 0 0 0 0 0 0 0 0 0 0 0 0 0 0 0 0 0 0 0 0 0 0 0 0 0 0 0 0 0 0 0 0 0 0 0 0 0 0 0 0 0 0 0 0 0 0 0 0 0 0 0 0 0 0 0 0 0 0 0 0 0 0 data 11 0xa0007 0x63a 0x20 0x0 0x0 0x0 0x0 0x0 0x9 0x1 0x0 oops 0 methods 0
ciMethodData org/eclipse/jdt/internal/compiler/lookup/ReferenceBinding isEnum ()Z 2 1345 orig 80 0 0 0 0 0 0 0 0 0 0 0 0 240 1 0 0 0 0 0 0 0 0 0 0 0 0 0 0 0 0 0 0 0 0 0 0 0 0 0 0 0 0 0 0 0 0 0 0 0 0 0 0 0 0 0 0 0 0 0 0 0 0 0 0 0 0 0 0 0 0 0 0 0 0 0 0 0 0 0 0 data 11 0x80007 0x541 0x20 0x0 0x0 0x0 0x0 0x0 0x9 0x1 0x0 oops 0 methods 0
ciMethodData org/eclipse/jdt/internal/compiler/lookup/LookupEnvironment getTypeFromSignature ([CIIZLorg/eclipse/jdt/internal/compiler/lookup/TypeBinding;[[[CLorg/eclipse/jdt/internal/compiler/env/ITypeAnnotationWalker;)Lorg/eclipse/jdt/internal/compiler/lookup/TypeBinding; 2 7479 orig 80 1 0 0 0 0 0 0 0 0 0 0 0 240 1 0 0 0 0 0 0 0 0 0 0 0 0 0 0 0 0 0 0 0 0 0 0 0 0 0 0 0 0 0 0 0 0 0 0 0 0 0 0 0 0 0 0 0 0 0 0 0 0 0 0 0 0 0 0 0 0 0 0 0 0 0 0 0 0 0 0 data 179 0x30003 0x1d37 0x18 0x110007 0x389 0x0 0x1d37 0x190007 0x19ae 0x170 0x389 0x210007 0x389 0x150 0x0 0x270003 0x0 0x110 0x2e0005 0x0 0x0 0x0 0x0 0x0 0x0 0x360002 0x0 0x400007 0x0 0x78 0x0 0x450007 0x0 0x20 0x0 0x550004 0x0 0x0 0x0 0x0 0x0 0x0 0x580005 0x0 0x0 0x0 0x0 0x0 0x0 0x660007 0x0 0xffffffffffffff08 0x0 0x6b0007 0x1217 0x20 0xb20 0x780007 0xb57 0x1f8 0x11e0 0x7e0008 0x14 0x0 0x188 0x230 0x128 0x123 0xf8 0x5f 0x110 0x5e 0x140 0x7af 0xb0 0xa3 0x158 0x29 0x170 0x2c5 0xe0 0x290 0xc8 0xd50003 0x7af 0x160 0xdd0003 0x290 0x148 0xe50003 0x2c5 0x130 0xed0003 0x123 0x118 0xf50003 0x5f 0x100 0xfd0003 0x230 0xe8 0x1050003 0x5e 0xd0 0x10d0003 0xa3 0xb8 0x1150003 0x29 0xa0 0x1200005 0x0 0x0 0x0 0x0 0x0 0x0 0x1230003 0x0 0x50 0x1300005 0x0 0x0 0x1f0f887b580 0xb57 0x0 0x0 0x1370007 0x1bdc 0x50 0x15c 0x13c0007 0x15c 0x30 0x0 0x1430002 0x0 0x14f0007 0x1bdc 0x58 0x0 0x1590005 0x0 0x0 0x0 0x0 0x0 0x0 0x1600007 0x1853 0x68 0x389 0x16d0002 0x389 0x1700005 0x0 0x0 0x1f0f887ba08 0x2d7 0x1f0f887bab8 0xb2 0x0 0x0 0x0 0x0 0x0 0x0 0x0 0x0 0x9 0x8 0x0 0x0 0x0 0x0 0x0 0x0 0x0 0x0 oops 3 123 org/eclipse/jdt/internal/compiler/lookup/LookupEnvironment 157 org/eclipse/jdt/internal/compiler/lookup/TypeSystem 159 org/eclipse/jdt/internal/compiler/lookup/AnnotatableTypeSystem methods 0
ciMethodData org/eclipse/jdt/internal/compiler/classfmt/MethodInfo getParameterAnnotations (I[C)[Lorg/eclipse/jdt/internal/compiler/env/IBinaryAnnotation; 2 1052 orig 80 0 0 0 0 0 0 0 0 0 0 0 0 240 1 0 0 0 0 0 0 0 0 0 0 0 0 0 0 0 0 0 0 0 0 0 0 0 0 0 0 0 0 0 0 0 0 0 0 0 0 0 0 0 0 0 0 0 0 0 0 0 0 0 0 0 0 0 0 0 0 0 0 0 0 0 0 0 0 0 0 data 6 0x0 0x9 0x3 0x0 0x0 0x0 oops 0 methods 0
ciMethodData org/eclipse/jdt/internal/compiler/lookup/BinaryTypeBinding createAnnotations ([Lorg/eclipse/jdt/internal/compiler/env/IBinaryAnnotation;Lorg/eclipse/jdt/internal/compiler/lookup/LookupEnvironment;[[[C)[Lorg/eclipse/jdt/internal/compiler/lookup/AnnotationBinding; 2 2258 orig 80 0 0 0 0 0 0 0 0 0 0 0 0 240 1 0 0 0 0 0 0 0 0 0 0 0 0 0 0 0 0 0 0 0 0 0 0 0 0 0 0 0 0 0 0 0 0 0 0 0 0 0 0 0 0 0 0 0 0 0 0 0 0 0 0 0 0 0 0 0 0 0 0 0 0 0 0 0 0 0 0 data 41 0x10007 0x35e 0x38 0x574 0x50003 0x574 0x18 0xc0007 0x64 0x38 0x86e 0x120003 0x86e 0x18 0x1e0003 0x8d2 0x60 0x2b0002 0x69 0x2e0004 0x0 0x0 0x1f0f9b231d8 0x69 0x0 0x0 0x350007 0x69 0xffffffffffffffb8 0x8d2 0x0 0x0 0x0 0x0 0x0 0x0 0x9 0x3 0x0 0xffffffffffffffff 0xffffffffffffffff oops 1 22 org/eclipse/jdt/internal/compiler/lookup/UnresolvedAnnotationBinding methods 0
ciMethodData org/eclipse/jdt/internal/compiler/classfmt/MethodInfo getExceptionTypeNames ()[[C 2 3052 orig 80 0 0 0 0 0 0 0 0 0 0 0 0 240 1 0 0 0 0 0 0 0 0 0 0 0 0 0 0 0 0 0 0 0 0 0 0 0 0 0 0 0 0 0 0 0 0 0 0 0 0 0 0 0 0 0 0 0 0 0 0 0 0 0 0 0 0 0 0 0 0 0 0 0 0 0 0 0 0 0 0 data 20 0x40007 0x573 0x58 0x679 0x80005 0x679 0x0 0x0 0x0 0x0 0x0 0x0 0x0 0x0 0x0 0x0 0x0 0x9 0x1 0x0 oops 0 methods 0
ciMethodData org/eclipse/jdt/internal/compiler/classfmt/MethodInfo readExceptionAttributes ()V 2 1657 orig 80 0 0 0 0 0 0 0 0 0 0 0 0 240 1 0 0 0 0 0 0 0 0 0 0 0 0 0 0 0 0 0 0 0 0 0 0 0 0 0 0 0 0 0 0 0 0 0 0 0 0 0 0 0 0 0 0 0 0 0 0 0 0 0 0 0 0 0 0 0 0 0 0 0 0 0 0 0 0 0 0 data 127 0x30005 0x2 0x0 0x1f0f887b2c0 0x616 0x1f0f887b370 0x61 0xf0003 0x679 0x300 0x180005 0x2 0x0 0x1f0f887b2c0 0x793 0x1f0f887b370 0xd8 0x2d0005 0x2 0x0 0x1f0f887b2c0 0x793 0x1f0f887b370 0xd8 0x300005 0x2 0x0 0x1f0f887b2c0 0x793 0x1f0f887b370 0xd8 0x3a0002 0x86d 0x3d0007 0x77a 0x1f8 0xf3 0x450005 0x0 0x0 0x1f0f887b2c0 0xea 0x1f0f887b370 0x9 0x4f0007 0xf3 0x38 0x0 0x560003 0x0 0x1b8 0x620003 0xf3 0x130 0x700005 0x0 0x0 0x1f0f887b2c0 0xfc 0x1f0f887b370 0xa 0x7b0005 0x0 0x0 0x1f0f887b2c0 0xfc 0x1f0f887b370 0xa 0x930005 0x0 0x0 0x1f0f887b2c0 0xfc 0x1f0f887b370 0xa 0x960005 0x0 0x0 0x1f0f887b2c0 0xfc 0x1f0f887b370 0xa 0x990004 0x0 0x0 0x1f0f166f590 0x106 0x0 0x0 0xa40007 0x106 0xfffffffffffffee8 0xf3 0xa70003 0xf3 0x50 0xb10005 0x2 0x0 0x1f0f887b2c0 0x6a9 0x1f0f887b370 0xcf 0xbd0007 0x86d 0xfffffffffffffd18 0x679 0xc10007 0xf3 0x38 0x586 0xcb0003 0x586 0x18 0x0 0x0 0x0 0x0 0x0 0x0 0x0 0x0 0x0 0x0 0x9 0x1 0x0 oops 21 3 org/eclipse/jdt/internal/compiler/classfmt/MethodInfo 5 org/eclipse/jdt/internal/compiler/classfmt/MethodInfoWithAnnotations 13 org/eclipse/jdt/internal/compiler/classfmt/MethodInfo 15 org/eclipse/jdt/internal/compiler/classfmt/MethodInfoWithAnnotations 20 org/eclipse/jdt/internal/compiler/classfmt/MethodInfo 22 org/eclipse/jdt/internal/compiler/classfmt/MethodInfoWithAnnotations 27 org/eclipse/jdt/internal/compiler/classfmt/MethodInfo 29 org/eclipse/jdt/internal/compiler/classfmt/MethodInfoWithAnnotations 40 org/eclipse/jdt/internal/compiler/classfmt/MethodInfo 42 org/eclipse/jdt/internal/compiler/classfmt/MethodInfoWithAnnotations 57 org/eclipse/jdt/internal/compiler/classfmt/MethodInfo 59 org/eclipse/jdt/internal/compiler/classfmt/MethodInfoWithAnnotations 64 org/eclipse/jdt/internal/compiler/classfmt/MethodInfo 66 org/eclipse/jdt/internal/compiler/classfmt/MethodInfoWithAnnotations 71 org/eclipse/jdt/internal/compiler/classfmt/MethodInfo 73 org/eclipse/jdt/internal/compiler/classfmt/MethodInfoWithAnnotations 78 org/eclipse/jdt/internal/compiler/classfmt/MethodInfo 80 org/eclipse/jdt/internal/compiler/classfmt/MethodInfoWithAnnotations 85 [C 99 org/eclipse/jdt/internal/compiler/classfmt/MethodInfo 101 org/eclipse/jdt/internal/compiler/classfmt/MethodInfoWithAnnotations methods 0
ciMethodData org/eclipse/jdt/internal/compiler/lookup/LookupEnvironment getTypeFromConstantPoolName ([CIIZ[[[CLorg/eclipse/jdt/internal/compiler/env/ITypeAnnotationWalker;)Lorg/eclipse/jdt/internal/compiler/lookup/ReferenceBinding; 2 3576 orig 80 0 0 0 0 0 0 0 0 0 0 0 0 240 1 0 0 0 0 0 0 0 0 0 0 0 0 0 0 0 0 0 0 0 0 0 0 0 0 0 0 0 0 0 0 0 0 0 0 0 0 0 0 0 0 0 0 0 0 0 0 0 0 0 0 0 0 0 0 0 0 0 0 0 0 0 0 0 0 0 0 data 66 0x20007 0xbc0 0x20 0x238 0xd0002 0xdf8 0x170007 0xdf8 0xa0 0x0 0x250003 0x0 0x60 0x330002 0x0 0x360007 0x0 0x38 0x0 0x3c0003 0x0 0x38 0x460007 0x0 0xffffffffffffffb8 0x0 0x500005 0xdf8 0x0 0x0 0x0 0x0 0x0 0x5a0007 0xdf9 0x90 0x0 0x640005 0x0 0x0 0x0 0x0 0x0 0x0 0x670004 0x0 0x0 0x0 0x0 0x0 0x0 0x0 0x0 0x0 0x0 0x0 0x0 0x9 0x7 0xffffffffffffffff 0xffffffffffffffff 0x0 0x0 0x0 0xffffffffffffffff 0xffffffffffffffff oops 0 methods 0
ciMethodData org/eclipse/jdt/internal/compiler/lookup/SignatureWrapper <init> ([C)V 1 367 orig 80 0 0 0 0 0 0 0 0 0 0 0 0 240 1 0 0 0 0 0 0 0 0 0 0 0 0 0 0 0 0 0 0 0 0 0 0 0 0 0 0 0 0 0 0 0 0 0 0 0 0 0 0 0 0 0 0 0 0 0 0 0 0 0 0 0 0 0 0 0 0 0 0 0 0 0 0 0 0 0 0 data 8 0x30002 0x16f 0x0 0x0 0x9 0x2 0x0 0x0 oops 0 methods 0
ciMethodData org/eclipse/jdt/internal/compiler/lookup/SignatureWrapper <init> ([CZ)V 1 367 orig 80 0 0 0 0 0 0 0 0 0 0 0 0 240 1 0 0 0 0 0 0 0 0 0 0 0 0 0 0 0 0 0 0 0 0 0 0 0 0 0 0 0 0 0 0 0 0 0 0 0 0 0 0 0 0 0 0 0 0 0 0 0 0 0 0 0 0 0 0 0 0 0 0 0 0 0 0 0 0 0 0 data 11 0x10002 0x16f 0x0 0x0 0x0 0x0 0x9 0x3 0x1e 0x0 0x0 oops 0 methods 0
ciMethodData org/eclipse/jdt/internal/compiler/lookup/BinaryTypeBinding createTypeVariables (Lorg/eclipse/jdt/internal/compiler/lookup/SignatureWrapper;Z[[[CLorg/eclipse/jdt/internal/compiler/env/ITypeAnnotationWalker;Z)[Lorg/eclipse/jdt/internal/compiler/lookup/TypeVariableBinding; 1 102 orig 80 0 0 0 0 0 0 0 0 0 0 0 0 240 1 0 0 0 0 0 0 0 0 0 0 0 0 0 0 0 0 0 0 0 0 0 0 0 0 0 0 0 0 0 0 0 0 0 0 0 0 0 0 0 0 0 0 0 0 0 0 0 0 0 0 0 0 0 0 0 0 0 0 0 0 0 0 0 0 0 0 data 178 0x10005 0x66 0x0 0x0 0x0 0x0 0x0 0x40007 0x66 0x30 0x0 0xb0002 0x0 0x250002 0x66 0x330003 0x66 0x2c0 0x3b0008 0xa 0x85e 0x128 0x72 0xb0 0x8 0x60 0x0 0x128 0x6e 0x78 0x5b0003 0x8 0x248 0x630007 0x8 0x230 0x66 0x660003 0x66 0x230 0x6b0007 0x8 0x1f8 0x6a 0x740007 0x0 0x1d8 0x6a 0x800007 0x0 0x1b8 0x6a 0x860003 0x6a 0x198 0x8b0007 0x7f4 0x180 0x6a 0x970002 0x6a 0xa20002 0x6a 0xb40002 0x6a 0xc20005 0x0 0x0 0x1f0f887b4d0 0x6a 0x0 0x0 0xc90005 0x0 0x0 0x1f0f887b4d0 0x6a 0x0 0x0 0xd30002 0x6a 0xda0007 0x0 0x78 0x6a 0xe20007 0x6a 0x58 0x0 0xf30005 0x0 0x0 0x0 0x0 0x0 0x0 0xfa0005 0x0 0x0 0x1f0d9398438 0x6a 0x0 0x0 0x1050007 0x946 0xfffffffffffffd58 0x0 0x1120005 0x0 0x0 0x1f0d9398438 0x66 0x0 0x0 0x1170007 0x56 0x20 0x10 0x1230003 0x66 0x138 0x1360005 0x0 0x0 0x1f0f887b4d0 0x6a 0x0 0x0 0x13b0005 0x6a 0x0 0x0 0x0 0x0 0x0 0x1420005 0x6a 0x0 0x0 0x0 0x0 0x0 0x1450007 0x0 0x78 0x6a 0x14d0005 0x0 0x0 0x1f0f6b016b8 0x6a 0x0 0x0 0x1500007 0x6a 0x20 0x0 0x1610007 0x6a 0xfffffffffffffee0 0x66 0x0 0x0 0x0 0x0 0x0 0x0 0x0 0x0 0x0 0x9 0x6 0x0 0x0 0x0 0x0 0x0 0x0 oops 6 68 org/eclipse/jdt/internal/compiler/env/ITypeAnnotationWalker$1 75 org/eclipse/jdt/internal/compiler/env/ITypeAnnotationWalker$1 99 java/util/ArrayList 110 java/util/ArrayList 124 org/eclipse/jdt/internal/compiler/env/ITypeAnnotationWalker$1 149 org/eclipse/jdt/internal/compiler/lookup/TypeVariableBinding methods 0
ciMethodData org/eclipse/jdt/internal/compiler/classfmt/NonNullDefaultAwareTypeAnnotationWalker updateWalkerForParamNonNullDefault (Lorg/eclipse/jdt/internal/compiler/env/ITypeAnnotationWalker;ILorg/eclipse/jdt/internal/compiler/lookup/LookupEnvironment;)Lorg/eclipse/jdt/internal/compiler/env/ITypeAnnotationWalker; 1 432 orig 80 0 0 0 0 0 0 0 0 0 0 0 0 240 1 0 0 0 0 0 0 0 0 0 0 0 0 0 0 0 0 0 0 0 0 0 0 0 0 0 0 0 0 0 0 0 0 0 0 0 0 0 0 0 0 0 0 0 0 0 0 0 0 0 0 0 0 0 0 0 0 0 0 0 0 0 0 0 0 0 0 data 96 0x70007 0x1b0 0x298 0x0 0xb0007 0x0 0x278 0x0 0x100007 0x0 0xc0 0x0 0x140004 0x0 0x0 0x0 0x0 0x0 0x0 0x170007 0x0 0x68 0x0 0x1b0004 0x0 0x0 0x0 0x0 0x0 0x0 0x2f0002 0x0 0x360004 0x0 0x0 0x0 0x0 0x0 0x0 0x390007 0x0 0x150 0x0 0x3d0004 0x0 0x0 0x0 0x0 0x0 0x0 0x420004 0x0 0x0 0x0 0x0 0x0 0x0 0x450007 0x0 0xa0 0x0 0x490004 0x0 0x0 0x0 0x0 0x0 0x0 0x530007 0x0 0x30 0x0 0x5c0002 0x0 0x670003 0x0 0x28 0x6b0002 0x0 0x870002 0x0 0x910002 0x0 0x0 0x0 0x0 0x0 0x0 0x0 0x0 0x0 0x9 0x3 0x0 0x0 0x0 oops 0 methods 0
ciMethodData org/eclipse/jdt/internal/compiler/lookup/LookupEnvironment getTypeFromTypeSignature (Lorg/eclipse/jdt/internal/compiler/lookup/SignatureWrapper;[Lorg/eclipse/jdt/internal/compiler/lookup/TypeVariableBinding;Lorg/eclipse/jdt/internal/compiler/lookup/ReferenceBinding;[[[CLorg/eclipse/jdt/internal/compiler/env/ITypeAnnotationWalker;)Lorg/eclipse/jdt/internal/compiler/lookup/TypeBinding; 2 1283 orig 80 0 0 0 0 0 0 0 0 0 0 0 0 240 1 0 0 0 0 0 0 0 0 0 0 0 0 0 0 0 0 0 0 0 0 0 0 0 0 0 0 0 0 0 0 0 0 0 0 0 0 0 0 0 0 0 0 0 0 0 0 0 0 0 0 0 0 0 0 0 0 0 0 0 0 0 0 0 0 0 0 data 466 0x30003 0x503 0x18 0x1e0007 0x65 0x0 0x503 0x260007 0x49e 0x170 0x65 0x2e0007 0x65 0x150 0x0 0x340003 0x0 0x110 0x3b0005 0x0 0x0 0x0 0x0 0x0 0x0 0x430002 0x0 0x4d0007 0x0 0x78 0x0 0x520007 0x0 0x20 0x0 0x620004 0x0 0x0 0x0 0x0 0x0 0x0 0x650005 0x0 0x0 0x0 0x0 0x0 0x0 0x730007 0x0 0xffffffffffffff08 0x0 0x810007 0x38b 0x318 0x178 0x8d0005 0x0 0x0 0x1f0f887b8a8 0x178 0x0 0x0 0x960003 0x178 0x80 0xa80002 0xf1 0xab0007 0xc 0x58 0xe5 0xbb0005 0xe5 0x0 0x0 0x0 0x0 0x0 0xc40007 0xf1 0xffffffffffffff98 0x93 0xcb0004 0x0 0x0 0x1f0f88790e0 0x93 0x0 0x0 0xce0007 0x0 0x70 0x93 0xd20004 0x0 0x0 0x1f0f88790e0 0x93 0x0 0x0 0xda0003 0x93 0x50 0xde0005 0x0 0x0 0x0 0x0 0x0 0x0 0xe80003 0x93 0x80 0xfb0002 0x93 0xfe0007 0x0 0x58 0x93 0x10f0005 0x93 0x0 0x0 0x0 0x0 0x0 0x1180007 0x93 0xffffffffffffff98 0x0 0x11c0005 0x0 0x0 0x0 0x0 0x0 0x0 0x1210007 0x0 0xfffffffffffffe48 0x0 0x1300002 0x0 0x1350005 0x0 0x0 0x0 0x0 0x0 0x0 0x1440005 0x0 0x0 0x1f0f887b8a8 0x38b 0x0 0x0 0x14f0007 0x228 0x38 0x163 0x1530003 0x163 0x18 0x15f0005 0x0 0x0 0x1f0f887b580 0x38b 0x0 0x0 0x1660007 0x163 0xa0 0x228 0x16b0007 0x8 0x38 0x220 0x1700003 0x220 0x60 0x17a0002 0x8 0x17d0005 0x0 0x0 0x1f0f887b580 0x8 0x0 0x0 0x1830004 0x0 0x0 0x1f0f887b7f8 0xa9 0x1f0f88790e0 0xba 0x18d0007 0x163 0x118 0x0 0x1920004 0x0 0x0 0x0 0x0 0x0 0x0 0x1950007 0x0 0xc0 0x0 0x19a0005 0x0 0x0 0x0 0x0 0x0 0x0 0x19d0007 0x0 0x68 0x0 0x1a40002 0x0 0x1a70004 0x0 0x0 0x0 0x0 0x0 0x0 0x1ae0005 0x0 0x0 0x1f0f887b7f8 0xa9 0x1f0f88790e0 0xba 0x1bc0007 0x163 0x120 0x0 0x1c10005 0x0 0x0 0x0 0x0 0x0 0x0 0x1c40007 0x0 0xc8 0x0 0x1ca0005 0x0 0x0 0x0 0x0 0x0 0x0 0x1d20003 0x0 0x50 0x1d70005 0x0 0x0 0x0 0x0 0x0 0x0 0x1e50007 0x0 0xffffffffffffffc8 0x0 0x1f20005 0x163 0x0 0x0 0x0 0x0 0x0 0x1fe0005 0x0 0x0 0x1f0f887b580 0x163 0x0 0x0 0x2070003 0x163 0x3b8 0x21b0005 0x0 0x0 0x0 0x0 0x0 0x0 0x2240002 0x0 0x2270004 0x0 0x0 0x0 0x0 0x0 0x0 0x2300005 0x0 0x0 0x0 0x0 0x0 0x0 0x2370007 0x0 0x58 0x0 0x2460005 0x0 0x0 0x0 0x0 0x0 0x0 0x24b0005 0x0 0x0 0x0 0x0 0x0 0x0 0x24e0007 0x0 0x38 0x0 0x2550003 0x0 0x50 0x25a0005 0x0 0x0 0x0 0x0 0x0 0x0 0x26c0007 0x0 0x70 0x0 0x2830005 0x0 0x0 0x0 0x0 0x0 0x0 0x2880003 0x0 0x18 0x2900007 0x0 0xd0 0x0 0x2950005 0x0 0x0 0x0 0x0 0x0 0x0 0x2980007 0x0 0x120 0x0 0x29d0005 0x0 0x0 0x0 0x0 0x0 0x0 0x2a00007 0x0 0xc8 0x0 0x2a50005 0x0 0x0 0x0 0x0 0x0 0x0 0x2a80007 0x0 0x20 0x0 0x2b60005 0x0 0x0 0x0 0x0 0x0 0x0 0x2bb0003 0x0 0x18 0x2d10007 0x0 0xfffffffffffffc60 0x163 0x2e50005 0x163 0x0 0x0 0x0 0x0 0x0 0x2ec0007 0x1d 0x38 0x146 0x2f10003 0x146 0x60 0x2fb0002 0x1d 0x2fe0005 0x0 0x0 0x1f0f887b580 0x1d 0x0 0x0 0x0 0x0 0x0 0x0 0x0 0x0 0x0 0x0 0x0 0x0 0x0 0x0 0x0 0x0 0x0 0x0 0x0 0x0 0x0 0x0 0x9 0x6 0x0 0x0 0x0 0x0 0x0 0x0 oops 12 60 org/eclipse/jdt/internal/compiler/lookup/SignatureWrapper 87 org/eclipse/jdt/internal/compiler/lookup/BinaryTypeBinding 98 org/eclipse/jdt/internal/compiler/lookup/BinaryTypeBinding 155 org/eclipse/jdt/internal/compiler/lookup/SignatureWrapper 169 org/eclipse/jdt/internal/compiler/lookup/LookupEnvironment 189 org/eclipse/jdt/internal/compiler/lookup/LookupEnvironment 196 org/eclipse/jdt/internal/compiler/lookup/UnresolvedReferenceBinding 198 org/eclipse/jdt/internal/compiler/lookup/BinaryTypeBinding 238 org/eclipse/jdt/internal/compiler/lookup/UnresolvedReferenceBinding 240 org/eclipse/jdt/internal/compiler/lookup/BinaryTypeBinding 288 org/eclipse/jdt/internal/compiler/lookup/LookupEnvironment 434 org/eclipse/jdt/internal/compiler/lookup/LookupEnvironment methods 0
ciMethodData org/eclipse/jdt/internal/compiler/lookup/SignatureWrapper atEnd ()Z 1 412 orig 80 0 0 0 0 0 0 0 0 0 0 0 0 240 1 0 0 0 0 0 0 0 0 0 0 0 0 0 0 0 0 0 0 0 0 0 0 0 0 0 0 0 0 0 0 0 0 0 0 0 0 0 0 0 0 0 0 0 0 0 0 0 0 0 0 0 0 0 0 0 0 0 0 0 0 0 0 0 0 0 0 data 15 0x40007 0x0 0x40 0x19c 0x100007 0x15c 0x20 0x40 0x0 0x0 0x0 0x0 0x9 0x1 0x0 oops 0 methods 0
ciMethodData org/eclipse/jdt/internal/compiler/lookup/MethodBinding <init> (I[Lorg/eclipse/jdt/internal/compiler/lookup/TypeBinding;[Lorg/eclipse/jdt/internal/compiler/lookup/ReferenceBinding;Lorg/eclipse/jdt/internal/compiler/lookup/ReferenceBinding;)V 1 476 orig 80 0 0 0 0 0 0 0 0 0 0 0 0 240 1 0 0 0 0 0 0 0 0 0 0 0 0 0 0 0 0 0 0 0 0 0 0 0 0 0 0 0 0 0 0 0 0 0 0 0 0 0 0 0 0 0 0 0 0 0 0 0 0 0 0 0 0 0 0 0 0 0 0 0 0 0 0 0 0 0 0 data 13 0xc0002 0x1dc 0x0 0x0 0x0 0x0 0x9 0x5 0x7fc 0x0 0x0 0x0 0x0 oops 0 methods 0
ciMethodData org/eclipse/jdt/internal/compiler/lookup/MethodBinding <init> (I[CLorg/eclipse/jdt/internal/compiler/lookup/TypeBinding;[Lorg/eclipse/jdt/internal/compiler/lookup/TypeBinding;[Lorg/eclipse/jdt/internal/compiler/lookup/ReferenceBinding;Lorg/eclipse/jdt/internal/compiler/lookup/ReferenceBinding;)V 2 3493 orig 80 0 0 0 0 0 0 0 0 0 0 0 0 240 1 0 0 0 0 0 0 0 0 0 0 0 0 0 0 0 0 0 0 0 0 0 0 0 0 0 0 0 0 0 0 0 0 0 0 0 0 0 0 0 0 0 0 0 0 0 0 0 0 0 0 0 0 0 0 0 0 0 0 0 0 0 0 0 0 0 0 data 80 0x10002 0xda5 0x2b0007 0x13c 0x40 0xc69 0x310007 0x939 0x38 0x330 0x370003 0x46c 0x18 0x420007 0x13c 0x40 0xc69 0x480007 0x16f 0x38 0xafa 0x4e0003 0xc36 0x18 0x600007 0x0 0x128 0xda5 0x670005 0xda5 0x0 0x0 0x0 0x0 0x0 0x6a0007 0xda5 0xd0 0x0 0x6e0005 0x0 0x0 0x0 0x0 0x0 0x0 0x710007 0x0 0x78 0x0 0x750005 0x0 0x0 0x0 0x0 0x0 0x0 0x780007 0x0 0x20 0x0 0x0 0x0 0x0 0x0 0x0 0x0 0x0 0x0 0x0 0x0 0x9 0x7 0x7fc 0x0 0x0 0x0 0x0 0x0 0x0 oops 0 methods 0
ciMethodData org/eclipse/jdt/internal/compiler/lookup/ReferenceBinding isAnnotationType ()Z 2 1171 orig 80 0 0 0 0 0 0 0 0 0 0 0 0 240 1 0 0 0 0 0 0 0 0 0 0 0 0 0 0 0 0 0 0 0 0 0 0 0 0 0 0 0 0 0 0 0 0 0 0 0 0 0 0 0 0 0 0 0 0 0 0 0 0 0 0 0 0 0 0 0 0 0 0 0 0 0 0 0 0 0 0 data 11 0x80007 0x488 0x20 0xb 0x0 0x0 0x0 0x0 0x9 0x1 0x0 oops 0 methods 0
ciMethodData org/eclipse/jdt/internal/compiler/lookup/BinaryTypeBinding storedAnnotations (ZZ)Ljava/util/Map; 1 707 orig 80 0 0 0 0 0 0 0 0 0 0 0 0 240 1 0 0 0 0 0 0 0 0 0 0 0 0 0 0 0 0 0 0 0 0 0 0 0 0 0 0 0 0 0 0 0 0 0 0 0 0 0 0 0 0 0 0 0 0 0 0 0 0 0 0 0 0 0 0 0 0 0 0 0 0 0 0 0 0 0 0 data 47 0x10005 0x2c3 0x0 0x0 0x0 0x0 0x0 0x40007 0x2c3 0x58 0x0 0xd0005 0x0 0x0 0x0 0x0 0x0 0x0 0x120007 0x226 0x90 0x9d 0x190007 0x83 0x70 0x1a 0x260007 0x6 0x40 0x14 0x2a0007 0x14 0x20 0x0 0x340002 0x1a 0x0 0x0 0x0 0x0 0x0 0x0 0x9 0x3 0x20000 0x0 0x0 oops 0 methods 0
ciMethodData org/eclipse/jdt/internal/compiler/lookup/MethodBinding setAnnotations ([Lorg/eclipse/jdt/internal/compiler/lookup/AnnotationBinding;[[Lorg/eclipse/jdt/internal/compiler/lookup/AnnotationBinding;Ljava/lang/Object;Lorg/eclipse/jdt/internal/compiler/lookup/LookupEnvironment;)V 1 604 orig 80 0 0 0 0 0 0 0 0 0 0 0 0 240 1 0 0 0 0 0 0 0 0 0 0 0 0 0 0 0 0 0 0 0 0 0 0 0 0 0 0 0 0 0 0 0 0 0 0 0 0 0 0 0 0 0 0 0 0 0 0 0 0 0 0 0 0 0 0 0 0 0 0 0 0 0 0 0 0 0 0 data 22 0xa0002 0x25c 0xd0005 0x0 0x0 0x1f0f88790e0 0x25c 0x0 0x0 0x0 0x0 0x0 0x0 0x0 0x0 0x9 0x5 0xffffffffffffffff 0xffffffffffffffff 0xffffffffffffffff 0xffffffffffffffff 0xffffffffffffffff oops 1 5 org/eclipse/jdt/internal/compiler/lookup/BinaryTypeBinding methods 0
ciMethodData org/eclipse/jdt/internal/compiler/lookup/TypeSystem fixTypeVariableDeclaringElement (Lorg/eclipse/jdt/internal/compiler/lookup/TypeVariableBinding;Lorg/eclipse/jdt/internal/compiler/lookup/Binding;)V 1 90 orig 80 0 0 0 0 0 0 0 0 0 0 0 0 240 1 0 0 0 0 0 0 0 0 0 0 0 0 0 0 0 0 0 0 0 0 0 0 0 0 0 0 0 0 0 0 0 0 0 0 0 0 0 0 0 0 0 0 0 0 0 0 0 0 0 0 0 0 0 0 0 0 0 0 0 0 0 0 0 0 0 0 data 47 0xa0007 0x0 0x120 0x5a 0x130007 0x0 0x100 0x5a 0x250003 0x5a 0xa8 0x310104 0xffffffffffffffa6 0x0 0x1f0f6b016b8 0x5a 0x1f0f922f6a8 0x2f 0x340007 0x10e 0x58 0x5a 0x390004 0x0 0x0 0x1f0f6b016b8 0x5a 0x0 0x0 0x470007 0x168 0xffffffffffffff70 0x5a 0x4a0003 0x5a 0x18 0x0 0x0 0x0 0x0 0x0 0x0 0x9 0x3 0x0 0x400 0x0 oops 3 14 org/eclipse/jdt/internal/compiler/lookup/TypeVariableBinding 16 org/eclipse/jdt/internal/compiler/lookup/WildcardBinding 25 org/eclipse/jdt/internal/compiler/lookup/TypeVariableBinding methods 0
ciMethodData org/eclipse/jdt/internal/compiler/env/ITypeAnnotationWalker$1 toMethodParameter (S)Lorg/eclipse/jdt/internal/compiler/env/ITypeAnnotationWalker; 2 1241 orig 80 0 0 0 0 0 0 0 0 0 0 0 0 240 1 0 0 0 0 0 0 0 0 0 0 0 0 0 0 0 0 0 0 0 0 0 0 0 0 0 0 0 0 0 0 0 0 0 0 0 0 0 0 0 0 0 0 0 0 0 0 0 0 0 0 0 0 0 0 0 0 0 0 0 0 0 0 0 0 0 0 data 6 0x0 0x0 0x9 0x2 0x0 0x0 oops 0 methods 0
ciMethodData org/eclipse/jdt/internal/compiler/env/ITypeAnnotationWalker$1 toMethodReturn ()Lorg/eclipse/jdt/internal/compiler/env/ITypeAnnotationWalker; 2 1068 orig 80 0 0 0 0 0 0 0 0 0 0 0 0 240 1 0 0 0 0 0 0 0 0 0 0 0 0 0 0 0 0 0 0 0 0 0 0 0 0 0 0 0 0 0 0 0 0 0 0 0 0 0 0 0 0 0 0 0 0 0 0 0 0 0 0 0 0 0 0 0 0 0 0 0 0 0 0 0 0 0 0 data 5 0x0 0x0 0x9 0x1 0x0 oops 0 methods 0
ciMethodData org/eclipse/jdt/internal/compiler/lookup/MethodBinding isNative ()Z 1 981 orig 80 0 0 0 0 0 0 0 0 0 0 0 0 240 1 0 0 0 0 0 0 0 0 0 0 0 0 0 0 0 0 0 0 0 0 0 0 0 0 0 0 0 0 0 0 0 0 0 0 0 0 0 0 0 0 0 0 0 0 0 0 0 0 0 0 0 0 0 0 0 0 0 0 0 0 0 0 0 0 0 0 data 11 0x80007 0x3cf 0x20 0x6 0x0 0x0 0x0 0x0 0x9 0x1 0x0 oops 0 methods 0
ciMethodData org/eclipse/jdt/internal/compiler/lookup/MethodBinding isAbstract ()Z 2 2954 orig 80 0 0 0 0 0 0 0 0 0 0 0 0 240 1 0 0 0 0 0 0 0 0 0 0 0 0 0 0 0 0 0 0 0 0 0 0 0 0 0 0 0 0 0 0 0 0 0 0 0 0 0 0 0 0 0 0 0 0 0 0 0 0 0 0 0 0 0 0 0 0 0 0 0 0 0 0 0 0 0 0 data 11 0x80007 0xb5c 0x20 0x2e 0x0 0x0 0x0 0x0 0x9 0x1 0x0 oops 0 methods 0
ciMethodData org/eclipse/jdt/internal/compiler/env/ITypeAnnotationWalker$1 getAnnotationsAtCursor (IZ)[Lorg/eclipse/jdt/internal/compiler/env/IBinaryAnnotation; 2 1064 orig 80 0 0 0 0 0 0 0 0 0 0 0 0 0 0 0 0 0 0 0 0 0 0 0 0 0 0 0 0 0 0 0 0 0 0 0 0 0 0 0 0 0 0 0 0 0 0 0 0 0 0 0 0 0 0 0 0 0 0 0 0 0 0 0 0 0 0 0 0 0 0 0 0 0 0 0 0 0 0 0 0 data 7 0x0 0x0 0x9 0x3 0x0 0x0 0x0 oops 0 methods 0
ciMethodData org/eclipse/jdt/internal/compiler/lookup/BinaryTypeBinding signature2qualifiedTypeName ([C)[[C 1 211 orig 80 0 0 0 0 0 0 0 0 0 0 0 0 240 1 0 0 0 0 0 0 0 0 0 0 0 0 0 0 0 0 0 0 0 0 0 0 0 0 0 0 0 0 0 0 0 0 0 0 0 0 0 0 0 0 0 0 0 0 0 0 0 0 0 0 0 0 0 0 0 0 0 0 0 0 0 0 0 0 0 0 data 11 0x80002 0xd3 0x0 0x0 0x0 0x0 0x0 0x0 0x9 0x1 0x0 oops 0 methods 0
ciMethodData org/eclipse/jdt/internal/compiler/lookup/LookupEnvironment getAnalysisAnnotationBit ([[C)I 1 211 orig 80 0 0 0 0 0 0 0 0 0 0 0 0 240 1 0 0 0 0 0 0 0 0 0 0 0 0 0 0 0 0 0 0 0 0 0 0 0 0 0 0 0 0 0 0 0 0 0 0 0 0 0 0 0 0 0 0 0 0 0 0 0 0 0 0 0 0 0 0 0 0 0 0 0 0 0 0 0 0 0 0 data 159 0x40007 0xce 0x368 0x5 0xc0002 0x5 0x1d0002 0x5 0x220002 0x5 0x250005 0x0 0x0 0x1f0f768f780 0x5 0x0 0x0 0x360002 0x5 0x3b0002 0x5 0x3e0005 0x0 0x0 0x1f0f768f780 0x5 0x0 0x0 0x4f0002 0x5 0x550002 0x5 0x580005 0x0 0x0 0x1f0f768f780 0x5 0x0 0x0 0x690002 0x5 0x6f0002 0x5 0x720005 0x0 0x0 0x1f0f768f780 0x5 0x0 0x0 0x830002 0x5 0x890002 0x5 0x8c0005 0x0 0x0 0x1f0f768f780 0x5 0x0 0x0 0xa10003 0x5 0x60 0xb00002 0x0 0xb30005 0x0 0x0 0x0 0x0 0x0 0x0 0xbf0007 0x0 0xffffffffffffffb8 0x5 0xd10003 0x5 0x60 0xe00002 0x0 0xe30005 0x0 0x0 0x0 0x0 0x0 0x0 0xef0007 0x0 0xffffffffffffffb8 0x5 0x1010003 0x5 0x60 0x1110002 0x0 0x1140005 0x0 0x0 0x0 0x0 0x0 0x0 0x1200007 0x0 0xffffffffffffffb8 0x5 0x1240002 0xd3 0x12d0005 0x0 0x0 0x1f0f768f780 0xd3 0x0 0x0 0x1320104 0x0 0x0 0x0 0x0 0x0 0x0 0x1370007 0x0 0x38 0xd3 0x13b0003 0xd3 0x50 0x13f0005 0x0 0x0 0x0 0x0 0x0 0x0 0x0 0x0 0x0 0x0 0x0 0x0 0x0 0x0 0x0 0x0 0x0 0x0 0x0 0x0 0x0 0x0 0x9 0x2 0x0 0x0 oops 6 13 java/util/HashMap 24 java/util/HashMap 35 java/util/HashMap 46 java/util/HashMap 57 java/util/HashMap 114 java/util/HashMap methods 0
ciMethodData org/eclipse/jdt/internal/compiler/env/ITypeAnnotationWalker$1 toReceiver ()Lorg/eclipse/jdt/internal/compiler/env/ITypeAnnotationWalker; 2 1049 orig 80 0 0 0 0 0 0 0 0 0 0 0 0 0 0 0 0 0 0 0 0 0 0 0 0 0 0 0 0 0 0 0 0 0 0 0 0 0 0 0 0 0 0 0 0 0 0 0 0 0 0 0 0 0 0 0 0 0 0 0 0 0 0 0 0 0 0 0 0 0 0 0 0 0 0 0 0 0 0 0 0 data 5 0x0 0x0 0x9 0x1 0x0 oops 0 methods 0
ciMethodData org/eclipse/jdt/internal/compiler/classfmt/MethodInfo decodeCodeAttribute (I)V 2 1307 orig 80 0 0 0 0 0 0 0 0 0 0 0 0 240 1 0 0 0 0 0 0 0 0 0 0 0 0 0 0 0 0 0 0 0 0 0 0 0 0 0 0 0 0 0 0 0 0 0 0 0 0 0 0 0 0 0 0 0 0 0 0 0 0 0 0 0 0 0 0 0 0 0 0 0 0 0 0 0 0 0 0 data 90 0x70005 0x0 0x0 0x1f0f887b2c0 0x4d8 0x1f0f887b370 0x43 0x130005 0x0 0x0 0x1f0f887b2c0 0x4d8 0x1f0f887b370 0x43 0x1d0007 0x4c4 0x58 0x57 0x230003 0x57 0x18 0x300007 0xd7 0x0 0x57 0x350005 0x0 0x0 0x1f0f887b2c0 0x4d8 0x1f0f887b370 0x43 0x400003 0x51b 0x160 0x490005 0x0 0x0 0x1f0f887b2c0 0xd72 0x1f0f887b370 0xae 0x5e0005 0x0 0x0 0x1f0f887b2c0 0xd72 0x1f0f887b370 0xae 0x610005 0x0 0x0 0x1f0f887b2c0 0xd72 0x1f0f887b370 0xae 0x6b0002 0xe20 0x6e0007 0x918 0x58 0x508 0x740005 0x508 0x0 0x0 0x0 0x0 0x0 0x7e0005 0x0 0x0 0x1f0f887b2c0 0xd72 0x1f0f887b370 0xae 0x8b0007 0xe20 0xfffffffffffffeb8 0x51b 0x0 0x0 0x0 0x0 0x0 0x0 0x9 0x2 0x0 0x0 oops 14 3 org/eclipse/jdt/internal/compiler/classfmt/MethodInfo 5 org/eclipse/jdt/internal/compiler/classfmt/MethodInfoWithAnnotations 10 org/eclipse/jdt/internal/compiler/classfmt/MethodInfo 12 org/eclipse/jdt/internal/compiler/classfmt/MethodInfoWithAnnotations 28 org/eclipse/jdt/internal/compiler/classfmt/MethodInfo 30 org/eclipse/jdt/internal/compiler/classfmt/MethodInfoWithAnnotations 38 org/eclipse/jdt/internal/compiler/classfmt/MethodInfo 40 org/eclipse/jdt/internal/compiler/classfmt/MethodInfoWithAnnotations 45 org/eclipse/jdt/internal/compiler/classfmt/MethodInfo 47 org/eclipse/jdt/internal/compiler/classfmt/MethodInfoWithAnnotations 52 org/eclipse/jdt/internal/compiler/classfmt/MethodInfo 54 org/eclipse/jdt/internal/compiler/classfmt/MethodInfoWithAnnotations 72 org/eclipse/jdt/internal/compiler/classfmt/MethodInfo 74 org/eclipse/jdt/internal/compiler/classfmt/MethodInfoWithAnnotations methods 0
ciMethodData org/eclipse/jdt/internal/compiler/classfmt/MethodInfo decodeLocalVariableAttribute (II)V 2 1281 orig 80 0 0 0 0 0 0 0 0 0 0 0 0 240 1 0 0 0 0 0 0 0 0 0 0 0 0 0 0 0 0 0 0 0 0 0 0 0 0 0 0 0 0 0 0 0 0 0 0 0 0 0 0 0 0 0 0 0 0 0 0 0 0 0 0 0 0 0 0 0 0 0 0 0 0 0 0 0 0 0 0 data 82 0x70005 0x0 0x0 0x1f0f887b2c0 0x4c0 0x1f0f887b370 0x41 0xe0007 0x0 0x200 0x501 0x210003 0x501 0x190 0x260005 0x0 0x0 0x1f0f887b2c0 0xec7 0x1f0f887b370 0xbb 0x2d0007 0x556 0x140 0xa2c 0x340005 0x0 0x0 0x1f0f887b2c0 0x9c1 0x1f0f887b370 0x6b 0x510005 0x0 0x0 0x1f0f887b2c0 0x9c1 0x1f0f887b370 0x6b 0x540005 0x0 0x0 0x1f0f887b2c0 0x9c1 0x1f0f887b370 0x6b 0x5e0002 0xa2c 0x610007 0x2d6 0x68 0x756 0x6d0002 0x756 0x700004 0x0 0x0 0x1f0f166f590 0x756 0x0 0x0 0x7b0007 0xf82 0xfffffffffffffe88 0x501 0x830007 0x13c 0x30 0x3c5 0x940002 0x3c5 0x0 0x0 0x0 0x0 0x0 0x0 0x9 0x3 0x0 0x0 0x0 oops 11 3 org/eclipse/jdt/internal/compiler/classfmt/MethodInfo 5 org/eclipse/jdt/internal/compiler/classfmt/MethodInfoWithAnnotations 17 org/eclipse/jdt/internal/compiler/classfmt/MethodInfo 19 org/eclipse/jdt/internal/compiler/classfmt/MethodInfoWithAnnotations 28 org/eclipse/jdt/internal/compiler/classfmt/MethodInfo 30 org/eclipse/jdt/internal/compiler/classfmt/MethodInfoWithAnnotations 35 org/eclipse/jdt/internal/compiler/classfmt/MethodInfo 37 org/eclipse/jdt/internal/compiler/classfmt/MethodInfoWithAnnotations 42 org/eclipse/jdt/internal/compiler/classfmt/MethodInfo 44 org/eclipse/jdt/internal/compiler/classfmt/MethodInfoWithAnnotations 57 [C methods 0
ciMethodData org/eclipse/jdt/internal/compiler/env/ITypeAnnotationWalker$1 toThrows (I)Lorg/eclipse/jdt/internal/compiler/env/ITypeAnnotationWalker; 1 135 orig 80 0 0 0 0 0 0 0 0 0 0 0 0 240 1 0 0 0 0 0 0 0 0 0 0 0 0 0 0 0 0 0 0 0 0 0 0 0 0 0 0 0 0 0 0 0 0 0 0 0 0 0 0 0 0 0 0 0 0 0 0 0 0 0 0 0 0 0 0 0 0 0 0 0 0 0 0 0 0 0 0 data 6 0x0 0x0 0x9 0x2 0x0 0x0 oops 0 methods 0
ciMethodData org/eclipse/jdt/internal/compiler/lookup/AnnotationHolder storeAnnotations ([Lorg/eclipse/jdt/internal/compiler/lookup/AnnotationBinding;[[Lorg/eclipse/jdt/internal/compiler/lookup/AnnotationBinding;Ljava/lang/Object;Lorg/eclipse/jdt/internal/compiler/lookup/LookupEnvironment;)Lorg/eclipse/jdt/internal/compiler/lookup/AnnotationHolder; 1 340 orig 80 0 0 0 0 0 0 0 0 0 0 0 0 240 1 0 0 0 0 0 0 0 0 0 0 0 0 0 0 0 0 0 0 0 0 0 0 0 0 0 0 0 0 0 0 0 0 0 0 0 0 0 0 0 0 0 0 0 0 0 0 0 0 0 0 0 0 0 0 0 0 0 0 0 0 0 0 0 0 0 0 data 60 0x10007 0x46 0xd8 0x10e 0xb0003 0x10e 0x58 0x120007 0x0 0x40 0x1e9 0x1a0007 0x1e9 0x20 0x0 0x220007 0x0 0x40 0x2f7 0x2a0007 0x1e9 0xffffffffffffffa0 0x10e 0x2f0007 0x0 0x20 0x10e 0x350007 0x154 0x30 0x0 0x400002 0x0 0x450007 0x154 0x30 0x0 0x4e0002 0x0 0x560002 0x154 0x5a0005 0x0 0x0 0x1f0f922ce30 0x154 0x0 0x0 0x0 0x0 0x0 0x0 0x0 0x0 0x9 0x4 0xffffffffffffffff 0xffffffffffffffff 0xffffffffffffffff 0xffffffffffffffff oops 1 44 org/eclipse/jdt/internal/compiler/lookup/AnnotationHolder methods 0
ciMethodData org/eclipse/jdt/internal/compiler/lookup/AnnotationHolder setAnnotations ([Lorg/eclipse/jdt/internal/compiler/lookup/AnnotationBinding;)Lorg/eclipse/jdt/internal/compiler/lookup/AnnotationHolder; 1 344 orig 80 0 0 0 0 0 0 0 0 0 0 0 0 240 1 0 0 0 0 0 0 0 0 0 0 0 0 0 0 0 0 0 0 0 0 0 0 0 0 0 0 0 0 0 0 0 0 0 0 0 0 0 0 0 0 0 0 0 0 0 0 0 0 0 0 0 0 0 0 0 0 0 0 0 0 0 0 0 0 0 0 data 18 0x60007 0x0 0x40 0x158 0xb0007 0x1b 0x20 0x13d 0x0 0x0 0x0 0x0 0x0 0x0 0x9 0x2 0x6 0x0 oops 0 methods 0
ciMethodData org/eclipse/jdt/internal/compiler/lookup/ReferenceBinding storeAnnotationHolder (Lorg/eclipse/jdt/internal/compiler/lookup/Binding;Lorg/eclipse/jdt/internal/compiler/lookup/AnnotationHolder;)V 1 104 orig 80 0 0 0 0 0 0 0 0 0 0 0 0 0 0 0 0 0 0 0 0 0 0 0 0 0 0 0 0 0 0 0 0 0 0 0 0 0 0 0 0 0 0 0 0 0 0 0 0 0 0 0 0 0 0 0 0 0 0 0 0 0 0 0 0 0 0 0 0 0 0 0 0 0 0 0 0 0 0 0 0 data 54 0x10007 0xd 0xc8 0x5c 0x70005 0x0 0x0 0x1f0f88790e0 0x5c 0x0 0x0 0xc0007 0x3d 0x100 0x1f 0x110005 0x0 0x0 0x1f0f768f780 0x1f 0x0 0x0 0x170003 0x1f 0xa8 0x1d0005 0x0 0x0 0x1f0f88790e0 0xd 0x0 0x0 0x220007 0x0 0x58 0xd 0x280005 0x0 0x0 0x1f0f768f780 0xd 0x0 0x0 0x0 0x0 0x0 0x0 0x0 0x0 0x9 0x3 0xffffffffffffffff 0xffffffffffffffff 0xffffffffffffffff oops 4 7 org/eclipse/jdt/internal/compiler/lookup/BinaryTypeBinding 18 java/util/HashMap 28 org/eclipse/jdt/internal/compiler/lookup/BinaryTypeBinding 39 java/util/HashMap methods 0
compile org/eclipse/jdt/internal/compiler/lookup/BinaryTypeBinding createMethod (Lorg/eclipse/jdt/internal/compiler/env/IBinaryMethod;Lorg/eclipse/jdt/internal/compiler/env/IBinaryType;J[[[C)Lorg/eclipse/jdt/internal/compiler/lookup/MethodBinding; -1 4 inline 162 0 -1 0 org/eclipse/jdt/internal/compiler/lookup/BinaryTypeBinding createMethod (Lorg/eclipse/jdt/internal/compiler/env/IBinaryMethod;Lorg/eclipse/jdt/internal/compiler/env/IBinaryType;J[[[C)Lorg/eclipse/jdt/internal/compiler/lookup/MethodBinding; 1 1 0 org/eclipse/jdt/internal/compiler/lookup/BinaryTypeBinding isPrototype ()Z 1 16 0 org/eclipse/jdt/internal/compiler/classfmt/MethodInfo getModifiers ()I 2 9 0 org/eclipse/jdt/internal/compiler/classfmt/MethodInfo readModifierRelatedAttributes ()V 3 2 0 org/eclipse/jdt/internal/compiler/classfmt/ClassFileStruct u2At (I)I 3 9 0 org/eclipse/jdt/internal/compiler/classfmt/ClassFileStruct u2At (I)I 3 28 0 org/eclipse/jdt/internal/compiler/classfmt/ClassFileStruct u2At (I)I 3 49 0 org/eclipse/jdt/internal/compiler/classfmt/ClassFileStruct u2At (I)I 3 52 0 org/eclipse/jdt/internal/compiler/classfmt/ClassFileStruct utf8At (II)[C 3 133 0 org/eclipse/jdt/core/compiler/CharOperation equals ([C[C)Z 3 113 0 org/eclipse/jdt/core/compiler/CharOperation equals ([C[C)Z 3 153 0 org/eclipse/jdt/core/compiler/CharOperation equals ([C[C)Z 3 192 0 org/eclipse/jdt/internal/compiler/classfmt/ClassFileStruct u4At (I)I 1 28 0 org/eclipse/jdt/internal/compiler/lookup/ReferenceBinding isInterface ()Z 1 88 0 org/eclipse/jdt/internal/compiler/classfmt/MethodInfo getArgumentNames ()[[C 2 8 0 org/eclipse/jdt/internal/compiler/classfmt/MethodInfo readCodeAttribute ()V 3 3 0 org/eclipse/jdt/internal/compiler/classfmt/ClassFileStruct u2At (I)I 3 25 0 org/eclipse/jdt/internal/compiler/classfmt/ClassFileStruct u2At (I)I 3 46 0 org/eclipse/jdt/internal/compiler/classfmt/ClassFileStruct u2At (I)I 3 49 0 org/eclipse/jdt/internal/compiler/classfmt/ClassFileStruct utf8At (II)[C 3 59 0 org/eclipse/jdt/core/compiler/CharOperation equals ([C[C)Z 3 67 0 org/eclipse/jdt/internal/compiler/classfmt/MethodInfo decodeCodeAttribute (I)V 4 7 0 org/eclipse/jdt/internal/compiler/classfmt/ClassFileStruct u4At (I)I 4 19 0 org/eclipse/jdt/internal/compiler/classfmt/ClassFileStruct u2At (I)I 4 53 0 org/eclipse/jdt/internal/compiler/classfmt/ClassFileStruct u2At (I)I 4 73 0 org/eclipse/jdt/internal/compiler/classfmt/ClassFileStruct u2At (I)I 4 94 0 org/eclipse/jdt/internal/compiler/classfmt/ClassFileStruct u2At (I)I 4 97 0 org/eclipse/jdt/internal/compiler/classfmt/ClassFileStruct utf8At (II)[C 4 107 0 org/eclipse/jdt/core/compiler/CharOperation equals ([C[C)Z 4 116 0 org/eclipse/jdt/internal/compiler/classfmt/MethodInfo decodeLocalVariableAttribute (II)V 5 7 0 org/eclipse/jdt/internal/compiler/classfmt/ClassFileStruct u2At (I)I 5 38 0 org/eclipse/jdt/internal/compiler/classfmt/ClassFileStruct u2At (I)I 5 52 0 org/eclipse/jdt/internal/compiler/classfmt/ClassFileStruct u2At (I)I 5 81 0 org/eclipse/jdt/internal/compiler/classfmt/ClassFileStruct u2At (I)I 5 84 0 org/eclipse/jdt/internal/compiler/classfmt/ClassFileStruct utf8At (II)[C 5 94 0 org/eclipse/jdt/core/compiler/CharOperation equals ([C[C)Z 5 109 0 org/eclipse/jdt/internal/compiler/util/CharDeduplication intern ([C)[C 6 0 0 org/eclipse/jdt/internal/compiler/util/CharDeduplication getThreadLocalInstance ()Lorg/eclipse/jdt/internal/compiler/util/CharDeduplication; 7 3 0 java/lang/ThreadLocal get ()Ljava/lang/Object; 8 4 0 java/lang/ThreadLocal get (Ljava/lang/Thread;)Ljava/lang/Object; 9 2 0 java/lang/ThreadLocal getMap (Ljava/lang/Thread;)Ljava/lang/ThreadLocal$ThreadLocalMap; 9 12 0 java/lang/ThreadLocal$ThreadLocalMap getEntry (Ljava/lang/ThreadLocal;)Ljava/lang/ThreadLocal$ThreadLocalMap$Entry; 10 26 0 java/lang/ref/Reference refersTo (Ljava/lang/Object;)Z 11 2 0 java/lang/ref/Reference refersToImpl (Ljava/lang/Object;)Z 7 9 0 java/lang/ref/SoftReference get ()Ljava/lang/Object; 4 126 0 org/eclipse/jdt/internal/compiler/classfmt/ClassFileStruct u4At (I)I 1 96 0 org/eclipse/jdt/internal/compiler/classfmt/MethodInfo getAnnotations ()[Lorg/eclipse/jdt/internal/compiler/env/IBinaryAnnotation; 1 105 0 org/eclipse/jdt/internal/compiler/classfmt/MethodInfo getTypeAnnotations ()[Lorg/eclipse/jdt/internal/compiler/env/IBinaryTypeAnnotation; 1 113 0 org/eclipse/jdt/internal/compiler/lookup/BinaryTypeBinding getNullDefaultFrom ([Lorg/eclipse/jdt/internal/compiler/env/IBinaryAnnotation;)I 2 26 0 org/eclipse/jdt/internal/compiler/classfmt/AnnotationInfo getTypeName ()[C 2 31 0 org/eclipse/jdt/internal/compiler/lookup/BinaryTypeBinding signature2qualifiedTypeName ([C)[[C 1 116 0 org/eclipse/jdt/internal/compiler/lookup/BinaryTypeBinding getTypeAnnotationWalker ([Lorg/eclipse/jdt/internal/compiler/env/IBinaryTypeAnnotation;I)Lorg/eclipse/jdt/internal/compiler/env/ITypeAnnotationWalker; 2 1 0 org/eclipse/jdt/internal/compiler/lookup/BinaryTypeBinding isPrototype ()Z 1 122 0 org/eclipse/jdt/internal/compiler/classfmt/MethodInfo getGenericSignature ()[C 2 30 0 org/eclipse/jdt/internal/compiler/classfmt/ClassFileStruct u2At (I)I 2 36 0 org/eclipse/jdt/internal/compiler/util/CharDeduplication intern ([C)[C 3 0 0 org/eclipse/jdt/internal/compiler/util/CharDeduplication getThreadLocalInstance ()Lorg/eclipse/jdt/internal/compiler/util/CharDeduplication; 4 3 0 java/lang/ThreadLocal get ()Ljava/lang/Object; 5 4 0 java/lang/ThreadLocal get (Ljava/lang/Thread;)Ljava/lang/Object; 6 2 0 java/lang/ThreadLocal getMap (Ljava/lang/Thread;)Ljava/lang/ThreadLocal$ThreadLocalMap; 6 12 0 java/lang/ThreadLocal$ThreadLocalMap getEntry (Ljava/lang/ThreadLocal;)Ljava/lang/ThreadLocal$ThreadLocalMap$Entry; 7 26 0 java/lang/ref/Reference refersTo (Ljava/lang/Object;)Z 8 2 0 java/lang/ref/Reference refersToImpl (Ljava/lang/Object;)Z 4 9 0 java/lang/ref/SoftReference get ()Ljava/lang/Object; 1 135 0 org/eclipse/jdt/internal/compiler/classfmt/MethodInfo getMethodDescriptor ()[C 2 13 0 org/eclipse/jdt/internal/compiler/classfmt/ClassFileStruct u2At (I)I 2 32 0 org/eclipse/jdt/internal/compiler/classfmt/ClassFileStruct u2At (I)I 2 35 0 org/eclipse/jdt/internal/compiler/classfmt/ClassFileStruct utf8At (II)[C 2 38 0 org/eclipse/jdt/internal/compiler/util/CharDeduplication intern ([C)[C 3 0 0 org/eclipse/jdt/internal/compiler/util/CharDeduplication getThreadLocalInstance ()Lorg/eclipse/jdt/internal/compiler/util/CharDeduplication; 4 3 0 java/lang/ThreadLocal get ()Ljava/lang/Object; 5 4 0 java/lang/ThreadLocal get (Ljava/lang/Thread;)Ljava/lang/Object; 6 2 0 java/lang/ThreadLocal getMap (Ljava/lang/Thread;)Ljava/lang/ThreadLocal$ThreadLocalMap; 6 12 0 java/lang/ThreadLocal$ThreadLocalMap getEntry (Ljava/lang/ThreadLocal;)Ljava/lang/ThreadLocal$ThreadLocalMap$Entry; 7 26 0 java/lang/ref/Reference refersTo (Ljava/lang/Object;)Z 8 2 0 java/lang/ref/Reference refersToImpl (Ljava/lang/Object;)Z 4 9 0 java/lang/ref/SoftReference get ()Ljava/lang/Object; 1 150 0 org/eclipse/jdt/internal/compiler/classfmt/ClassFileReader enrichWithExternalAnnotationsFor (Lorg/eclipse/jdt/internal/compiler/env/ITypeAnnotationWalker;Ljava/lang/Object;Lorg/eclipse/jdt/internal/compiler/lookup/LookupEnvironment;)Lorg/eclipse/jdt/internal/compiler/env/ITypeAnnotationWalker; 1 219 0 org/eclipse/jdt/internal/compiler/classfmt/MethodInfo isConstructor ()Z 2 1 0 org/eclipse/jdt/internal/compiler/classfmt/MethodInfo getSelector ()[C 3 13 0 org/eclipse/jdt/internal/compiler/classfmt/ClassFileStruct u2At (I)I 3 32 0 org/eclipse/jdt/internal/compiler/classfmt/ClassFileStruct u2At (I)I 3 38 0 org/eclipse/jdt/internal/compiler/util/CharDeduplication intern ([C)[C 4 0 0 org/eclipse/jdt/internal/compiler/util/CharDeduplication getThreadLocalInstance ()Lorg/eclipse/jdt/internal/compiler/util/CharDeduplication; 5 3 0 java/lang/ThreadLocal get ()Ljava/lang/Object; 6 4 0 java/lang/ThreadLocal get (Ljava/lang/Thread;)Ljava/lang/Object; 7 2 0 java/lang/ThreadLocal getMap (Ljava/lang/Thread;)Ljava/lang/ThreadLocal$ThreadLocalMap; 7 12 0 java/lang/ThreadLocal$ThreadLocalMap getEntry (Ljava/lang/ThreadLocal;)Ljava/lang/ThreadLocal$ThreadLocalMap$Entry; 8 26 0 java/lang/ref/Reference refersTo (Ljava/lang/Object;)Z 9 2 0 java/lang/ref/Reference refersToImpl (Ljava/lang/Object;)Z 5 9 0 java/lang/ref/SoftReference get ()Ljava/lang/Object; 2 4 0 org/eclipse/jdt/internal/compiler/classfmt/JavaBinaryNames isConstructor ([C)Z 1 228 0 org/eclipse/jdt/internal/compiler/lookup/TypeBinding isMemberType ()Z 1 245 0 org/eclipse/jdt/internal/compiler/lookup/ReferenceBinding isEnum ()Z 1 385 0 org/eclipse/jdt/internal/compiler/env/ITypeAnnotationWalker$1 toMethodParameter (S)Lorg/eclipse/jdt/internal/compiler/env/ITypeAnnotationWalker; 1 416 0 org/eclipse/jdt/internal/compiler/classfmt/MethodInfo getParameterAnnotations (I[C)[Lorg/eclipse/jdt/internal/compiler/env/IBinaryAnnotation; 1 427 0 org/eclipse/jdt/internal/compiler/lookup/BinaryTypeBinding createAnnotations ([Lorg/eclipse/jdt/internal/compiler/env/IBinaryAnnotation;Lorg/eclipse/jdt/internal/compiler/lookup/LookupEnvironment;[[[C)[Lorg/eclipse/jdt/internal/compiler/lookup/AnnotationBinding; 1 448 0 org/eclipse/jdt/internal/compiler/classfmt/MethodInfo getExceptionTypeNames ()[[C 2 8 0 org/eclipse/jdt/internal/compiler/classfmt/MethodInfo readExceptionAttributes ()V 3 3 0 org/eclipse/jdt/internal/compiler/classfmt/ClassFileStruct u2At (I)I 3 24 0 org/eclipse/jdt/internal/compiler/classfmt/ClassFileStruct u2At (I)I 3 45 0 org/eclipse/jdt/internal/compiler/classfmt/ClassFileStruct u2At (I)I 3 48 0 org/eclipse/jdt/internal/compiler/classfmt/ClassFileStruct utf8At (II)[C 3 58 0 org/eclipse/jdt/core/compiler/CharOperation equals ([C[C)Z 3 69 0 org/eclipse/jdt/internal/compiler/classfmt/ClassFileStruct u2At (I)I 3 112 0 org/eclipse/jdt/internal/compiler/classfmt/ClassFileStruct u2At (I)I 3 123 0 org/eclipse/jdt/internal/compiler/classfmt/ClassFileStruct u2At (I)I 3 147 0 org/eclipse/jdt/internal/compiler/classfmt/ClassFileStruct u2At (I)I 3 177 0 org/eclipse/jdt/internal/compiler/classfmt/ClassFileStruct u4At (I)I 1 505 0 org/eclipse/jdt/internal/compiler/env/ITypeAnnotationWalker$1 toThrows (I)Lorg/eclipse/jdt/internal/compiler/env/ITypeAnnotationWalker; 1 525 0 org/eclipse/jdt/internal/compiler/classfmt/MethodInfo isConstructor ()Z 2 1 0 org/eclipse/jdt/internal/compiler/classfmt/MethodInfo getSelector ()[C 3 13 0 org/eclipse/jdt/internal/compiler/classfmt/ClassFileStruct u2At (I)I 3 32 0 org/eclipse/jdt/internal/compiler/classfmt/ClassFileStruct u2At (I)I 3 38 0 org/eclipse/jdt/internal/compiler/util/CharDeduplication intern ([C)[C 4 0 0 org/eclipse/jdt/internal/compiler/util/CharDeduplication getThreadLocalInstance ()Lorg/eclipse/jdt/internal/compiler/util/CharDeduplication; 5 3 0 java/lang/ThreadLocal get ()Ljava/lang/Object; 6 4 0 java/lang/ThreadLocal get (Ljava/lang/Thread;)Ljava/lang/Object; 7 2 0 java/lang/ThreadLocal getMap (Ljava/lang/Thread;)Ljava/lang/ThreadLocal$ThreadLocalMap; 7 12 0 java/lang/ThreadLocal$ThreadLocalMap getEntry (Ljava/lang/ThreadLocal;)Ljava/lang/ThreadLocal$ThreadLocalMap$Entry; 8 26 0 java/lang/ref/Reference refersTo (Ljava/lang/Object;)Z 9 2 0 java/lang/ref/Reference refersToImpl (Ljava/lang/Object;)Z 5 9 0 java/lang/ref/SoftReference get ()Ljava/lang/Object; 2 4 0 org/eclipse/jdt/internal/compiler/classfmt/JavaBinaryNames isConstructor ([C)Z 1 550 0 org/eclipse/jdt/internal/compiler/env/ITypeAnnotationWalker$1 toMethodReturn ()Lorg/eclipse/jdt/internal/compiler/env/ITypeAnnotationWalker; 1 690 0 org/eclipse/jdt/internal/compiler/lookup/SignatureWrapper <init> ([C)V 2 3 0 org/eclipse/jdt/internal/compiler/lookup/SignatureWrapper <init> ([CZ)V 3 1 0 java/lang/Object <init> ()V 1 809 0 java/util/ArrayList <init> (I)V 2 1 0 java/util/AbstractList <init> ()V 3 1 0 java/util/AbstractCollection <init> ()V 4 1 0 java/lang/Object <init> ()V 1 827 0 org/eclipse/jdt/internal/compiler/classfmt/MethodInfo getParameterAnnotations (I[C)[Lorg/eclipse/jdt/internal/compiler/env/IBinaryAnnotation; 1 868 0 org/eclipse/jdt/internal/compiler/env/ITypeAnnotationWalker$1 toMethodParameter (S)Lorg/eclipse/jdt/internal/compiler/env/ITypeAnnotationWalker; 1 916 0 java/util/ArrayList size ()I 1 973 0 org/eclipse/jdt/internal/compiler/classfmt/MethodInfo getParameterAnnotations (I[C)[Lorg/eclipse/jdt/internal/compiler/env/IBinaryAnnotation; 1 1011 0 org/eclipse/jdt/internal/compiler/env/ITypeAnnotationWalker$1 toMethodReturn ()Lorg/eclipse/jdt/internal/compiler/env/ITypeAnnotationWalker; 1 1023 0 org/eclipse/jdt/internal/compiler/lookup/SignatureWrapper atEnd ()Z 1 1147 0 org/eclipse/jdt/internal/compiler/classfmt/MethodInfo getExceptionTypeNames ()[[C 2 8 0 org/eclipse/jdt/internal/compiler/classfmt/MethodInfo readExceptionAttributes ()V 3 3 0 org/eclipse/jdt/internal/compiler/classfmt/ClassFileStruct u2At (I)I 3 24 0 org/eclipse/jdt/internal/compiler/classfmt/ClassFileStruct u2At (I)I 3 45 0 org/eclipse/jdt/internal/compiler/classfmt/ClassFileStruct u2At (I)I 3 48 0 org/eclipse/jdt/internal/compiler/classfmt/ClassFileStruct utf8At (II)[C 3 58 0 org/eclipse/jdt/core/compiler/CharOperation equals ([C[C)Z 3 69 0 org/eclipse/jdt/internal/compiler/classfmt/ClassFileStruct u2At (I)I 3 112 0 org/eclipse/jdt/internal/compiler/classfmt/ClassFileStruct u2At (I)I 3 123 0 org/eclipse/jdt/internal/compiler/classfmt/ClassFileStruct u2At (I)I 3 147 0 org/eclipse/jdt/internal/compiler/classfmt/ClassFileStruct u2At (I)I 3 177 0 org/eclipse/jdt/internal/compiler/classfmt/ClassFileStruct u4At (I)I 1 1204 0 org/eclipse/jdt/internal/compiler/env/ITypeAnnotationWalker$1 toThrows (I)Lorg/eclipse/jdt/internal/compiler/env/ITypeAnnotationWalker; 1 1301 0 org/eclipse/jdt/internal/compiler/classfmt/AnnotationInfo getTypeName ()[C 1 1313 0 org/eclipse/jdt/core/compiler/CharOperation equals ([C[C)Z 1 1341 0 org/eclipse/jdt/internal/compiler/env/ITypeAnnotationWalker$1 toReceiver ()Lorg/eclipse/jdt/internal/compiler/env/ITypeAnnotationWalker; 1 1351 0 org/eclipse/jdt/internal/compiler/env/ITypeAnnotationWalker$1 getAnnotationsAtCursor (IZ)[Lorg/eclipse/jdt/internal/compiler/env/IBinaryAnnotation; 1 1431 0 org/eclipse/jdt/internal/compiler/classfmt/MethodInfo getTagBits ()J 1 1483 0 org/eclipse/jdt/internal/compiler/classfmt/MethodInfo getAnnotations ()[Lorg/eclipse/jdt/internal/compiler/env/IBinaryAnnotation; 1 1483 0 org/eclipse/jdt/internal/compiler/classfmt/MethodInfoWithAnnotations getAnnotations ()[Lorg/eclipse/jdt/internal/compiler/env/IBinaryAnnotation; 1 1501 0 org/eclipse/jdt/internal/compiler/env/ITypeAnnotationWalker$1 toMethodReturn ()Lorg/eclipse/jdt/internal/compiler/env/ITypeAnnotationWalker; 1 1511 0 org/eclipse/jdt/internal/compiler/env/ITypeAnnotationWalker$1 getAnnotationsAtCursor (IZ)[Lorg/eclipse/jdt/internal/compiler/env/IBinaryAnnotation; 1 1531 0 org/eclipse/jdt/internal/compiler/lookup/MethodBinding setTypeAnnotations ([Lorg/eclipse/jdt/internal/compiler/lookup/AnnotationBinding;)V 1 1602 0 org/eclipse/jdt/internal/compiler/classfmt/MethodInfo getTagBits ()J
